Provinsi,Tahun,Jenis_Tanaman,Produksi,Curah_Hujan_mm,Hari_Hujan,Suhu_Rata_C,Tekanan_Udara_mb,Penyinaran_Matahari_pct
ACEH,2000,Jagung,36642.0,1974.7,61.0,27.18,1010.16,54.4
ACEH,2000,Kacang_Hijau,3986.0,1974.7,61.0,27.18,1010.16,54.4
ACEH,2000,Kacang_Tanah,9179.0,1974.7,61.0,27.18,1010.16,54.4
ACEH,2000,Kedelai,71576.0,1974.7,61.0,27.18,1010.16,54.4
ACEH,2000,Padi,1404580.0,1974.7,61.0,27.18,1010.16,54.4
ACEH,2000,Ubi_Jalar,24594.0,1974.7,61.0,27.18,1010.16,54.4
ACEH,2000,Ubi_Kayu,65208.0,1974.7,61.0,27.18,1010.16,54.4
ACEH,2001,Jagung,51232.0,1688.7,61.0,28.93,1010.16,54.4
ACEH,2001,Kacang_Hijau,1785.0,1688.7,61.0,28.93,1010.16,54.4
ACEH,2001,Kacang_Tanah,5047.0,1688.7,61.0,28.93,1010.16,54.4
ACEH,2001,Kedelai,63127.0,1688.7,61.0,28.93,1010.16,54.4
ACEH,2001,Padi,1246614.0,1688.7,61.0,28.93,1010.16,54.4
ACEH,2001,Ubi_Jalar,16695.0,1688.7,61.0,28.93,1010.16,54.4
ACEH,2001,Ubi_Kayu,44387.0,1688.7,61.0,28.93,1010.16,54.4
ACEH,2002,Jagung,60105.0,1296.8,61.0,29.21,1010.16,54.4
ACEH,2002,Kacang_Hijau,4242.0,1296.8,61.0,29.21,1010.16,54.4
ACEH,2002,Kacang_Tanah,7377.0,1296.8,61.0,29.21,1010.16,54.4
ACEH,2002,Kedelai,21522.0,1296.8,61.0,29.21,1010.16,54.4
ACEH,2002,Padi,1314165.0,1296.8,61.0,29.21,1010.16,54.4
ACEH,2002,Ubi_Jalar,17285.0,1296.8,61.0,29.21,1010.16,54.4
ACEH,2002,Ubi_Kayu,52126.0,1296.8,61.0,29.21,1010.16,54.4
ACEH,2003,Jagung,67386.0,1507.2,61.0,29.48,1009.83,54.4
ACEH,2003,Kacang_Hijau,3728.0,1507.2,61.0,29.48,1009.83,54.4
ACEH,2003,Kacang_Tanah,16887.0,1507.2,61.0,29.48,1009.83,54.4
ACEH,2003,Kedelai,18697.0,1507.2,61.0,29.48,1009.83,54.4
ACEH,2003,Padi,1547499.0,1507.2,61.0,29.48,1009.83,54.4
ACEH,2003,Ubi_Jalar,23568.0,1507.2,61.0,29.48,1009.83,54.4
ACEH,2003,Ubi_Kayu,75286.0,1507.2,61.0,29.48,1009.83,54.4
ACEH,2004,Jagung,77747.0,1108.85,61.0,28.69,1009.83,54.4
ACEH,2004,Kacang_Hijau,6132.0,1108.85,61.0,28.69,1009.83,54.4
ACEH,2004,Kacang_Tanah,14687.0,1108.85,61.0,28.69,1009.83,54.4
ACEH,2004,Kedelai,31170.0,1108.85,61.0,28.69,1009.83,54.4
ACEH,2004,Padi,1552078.0,1108.85,61.0,28.69,1009.83,54.4
ACEH,2004,Ubi_Jalar,22938.0,1108.85,61.0,28.69,1009.83,54.4
ACEH,2004,Ubi_Kayu,63867.0,1108.85,61.0,28.69,1009.83,54.4
ACEH,2005,Jagung,94426.0,710.5,61.0,26.8,1009.1,54.4
ACEH,2005,Kacang_Hijau,4855.0,710.5,61.0,26.8,1009.1,54.4
ACEH,2005,Kacang_Tanah,15597.0,710.5,61.0,26.8,1009.1,54.4
ACEH,2005,Kedelai,31067.0,710.5,61.0,26.8,1009.1,54.4
ACEH,2005,Padi,1411650.0,710.5,61.0,26.8,1009.1,54.4
ACEH,2005,Ubi_Jalar,22985.0,710.5,61.0,26.8,1009.1,54.4
ACEH,2005,Ubi_Kayu,53424.0,710.5,61.0,26.8,1009.1,54.4
ACEH,2006,Jagung,96838.0,506.7,61.0,26.73,1009.5,54.4
ACEH,2006,Kacang_Hijau,3373.0,506.7,61.0,26.73,1009.5,54.4
ACEH,2006,Kacang_Tanah,11091.0,506.7,61.0,26.73,1009.5,54.4
ACEH,2006,Kedelai,25495.0,506.7,61.0,26.73,1009.5,54.4
ACEH,2006,Padi,1350748.0,506.7,61.0,26.73,1009.5,54.4
ACEH,2006,Ubi_Jalar,16238.0,506.7,61.0,26.73,1009.5,54.4
ACEH,2006,Ubi_Kayu,46504.0,506.7,61.0,26.73,1009.5,54.4
ACEH,2007,Jagung,125155.0,857.05,113.0,26.86,1009.3,52.05
ACEH,2007,Kacang_Hijau,3395.0,857.05,113.0,26.86,1009.3,52.05
ACEH,2007,Kacang_Tanah,7972.0,857.05,113.0,26.86,1009.3,52.05
ACEH,2007,Kedelai,19025.0,857.05,113.0,26.86,1009.3,52.05
ACEH,2007,Padi,1533369.0,857.05,113.0,26.86,1009.3,52.05
ACEH,2007,Ubi_Jalar,15187.0,857.05,113.0,26.86,1009.3,52.05
ACEH,2007,Ubi_Kayu,41558.0,857.05,113.0,26.86,1009.3,52.05
ACEH,2008,Jagung,112894.0,1207.4,165.0,27.0,1009.1,49.7
ACEH,2008,Kacang_Hijau,1777.0,1207.4,165.0,27.0,1009.1,49.7
ACEH,2008,Kacang_Tanah,6322.0,1207.4,165.0,27.0,1009.1,49.7
ACEH,2008,Kedelai,43885.0,1207.4,165.0,27.0,1009.1,49.7
ACEH,2008,Padi,1402287.0,1207.4,165.0,27.0,1009.1,49.7
ACEH,2008,Ubi_Jalar,13172.0,1207.4,165.0,27.0,1009.1,49.7
ACEH,2008,Ubi_Kayu,38403.0,1207.4,165.0,27.0,1009.1,49.7
ACEH,2009,Jagung,137753.0,1577.0,158.0,26.9,1008.8,51.2
ACEH,2009,Kacang_Hijau,1341.0,1577.0,158.0,26.9,1008.8,51.2
ACEH,2009,Kacang_Tanah,5926.0,1577.0,158.0,26.9,1008.8,51.2
ACEH,2009,Kedelai,63538.0,1577.0,158.0,26.9,1008.8,51.2
ACEH,2009,Padi,1556858.0,1577.0,158.0,26.9,1008.8,51.2
ACEH,2009,Ubi_Jalar,15298.0,1577.0,158.0,26.9,1008.8,51.2
ACEH,2009,Ubi_Kayu,49839.0,1577.0,158.0,26.9,1008.8,51.2
ACEH,2010,Jagung,167090.0,1986.0,177.0,27.1,1009.5,43.1
ACEH,2010,Kacang_Hijau,1164.0,1986.0,177.0,27.1,1009.5,43.1
ACEH,2010,Kacang_Tanah,7063.0,1986.0,177.0,27.1,1009.5,43.1
ACEH,2010,Kedelai,53347.0,1986.0,177.0,27.1,1009.5,43.1
ACEH,2010,Padi,1582393.0,1986.0,177.0,27.1,1009.5,43.1
ACEH,2010,Ubi_Jalar,11095.0,1986.0,177.0,27.1,1009.5,43.1
ACEH,2010,Ubi_Kayu,43810.0,1986.0,177.0,27.1,1009.5,43.1
ACEH,2011,Jagung,168861.0,1268.0,150.0,27.1,1009.4,52.2
ACEH,2011,Kacang_Hijau,1507.0,1268.0,150.0,27.1,1009.4,52.2
ACEH,2011,Kacang_Tanah,6172.0,1268.0,150.0,27.1,1009.4,52.2
ACEH,2011,Kedelai,50006.0,1268.0,150.0,27.1,1009.4,52.2
ACEH,2011,Padi,1772962.0,1268.0,150.0,27.1,1009.4,52.2
ACEH,2011,Ubi_Jalar,11844.0,1268.0,150.0,27.1,1009.4,52.2
ACEH,2011,Ubi_Kayu,39384.0,1268.0,150.0,27.1,1009.4,52.2
ACEH,2012,Jagung,167285.0,1098.0,137.0,26.9,1009.4,52.6
ACEH,2012,Kacang_Hijau,1453.0,1098.0,137.0,26.9,1009.4,52.6
ACEH,2012,Kacang_Tanah,6934.0,1098.0,137.0,26.9,1009.4,52.6
ACEH,2012,Kedelai,51439.0,1098.0,137.0,26.9,1009.4,52.6
ACEH,2012,Padi,1788738.0,1098.0,137.0,26.9,1009.4,52.6
ACEH,2012,Ubi_Jalar,13356.0,1098.0,137.0,26.9,1009.4,52.6
ACEH,2012,Ubi_Kayu,38257.0,1098.0,137.0,26.9,1009.4,52.6
ACEH,2013,Jagung,177842.0,1623.6,151.0,27.0,1009.7,49.4
ACEH,2013,Kacang_Hijau,955.0,1623.6,151.0,27.0,1009.7,49.4
ACEH,2013,Kacang_Tanah,3861.0,1623.6,151.0,27.0,1009.7,49.4
ACEH,2013,Kedelai,45027.0,1623.6,151.0,27.0,1009.7,49.4
ACEH,2013,Padi,1956940.0,1623.6,151.0,27.0,1009.7,49.4
ACEH,2013,Ubi_Jalar,11602.0,1623.6,151.0,27.0,1009.7,49.4
ACEH,2013,Ubi_Kayu,34738.0,1623.6,151.0,27.0,1009.7,49.4
ACEH,2014,Jagung,191484.0,2264.4,142.0,27.1,1010.2,54.0
ACEH,2014,Kacang_Hijau,1278.0,2264.4,142.0,27.1,1010.2,54.0
ACEH,2014,Kacang_Tanah,3194.0,2264.4,142.0,27.1,1010.2,54.0
ACEH,2014,Kedelai,46468.0,2264.4,142.0,27.1,1010.2,54.0
ACEH,2014,Padi,2143993.0,2264.4,142.0,27.1,1010.2,54.0
ACEH,2014,Ubi_Jalar,10268.0,2264.4,142.0,27.1,1010.2,54.0
ACEH,2014,Ubi_Kayu,31934.0,2264.4,142.0,27.1,1010.2,54.0
ACEH,2015,Jagung,205125.0,1575.0,146.0,27.1,1010.7,65.69
ACEH,2015,Kacang_Hijau,1600.0,1575.0,146.0,27.1,1010.7,65.69
ACEH,2015,Kacang_Tanah,2527.0,1575.0,146.0,27.1,1010.7,65.69
ACEH,2015,Kedelai,47910.0,1575.0,146.0,27.1,1010.7,65.69
ACEH,2015,Padi,2331046.0,1575.0,146.0,27.1,1010.7,65.69
ACEH,2015,Ubi_Jalar,8935.0,1575.0,146.0,27.1,1010.7,65.69
ACEH,2015,Ubi_Kayu,29131.0,1575.0,146.0,27.1,1010.7,65.69
BALI,2000,Jagung,95206.0,1479.6,74.0,27.59,1010.27,76.2
BALI,2000,Kacang_Hijau,1932.0,1479.6,74.0,27.59,1010.27,76.2
BALI,2000,Kacang_Tanah,15086.0,1479.6,74.0,27.59,1010.27,76.2
BALI,2000,Kedelai,14326.0,1479.6,74.0,27.59,1010.27,76.2
BALI,2000,Padi,826838.0,1479.6,74.0,27.59,1010.27,76.2
BALI,2000,Ubi_Jalar,65150.0,1479.6,74.0,27.59,1010.27,76.2
BALI,2000,Ubi_Kayu,159820.0,1479.6,74.0,27.59,1010.27,76.2
BALI,2001,Jagung,79692.0,1745.1,74.0,28.67,1010.27,76.2
BALI,2001,Kacang_Hijau,1438.0,1745.1,74.0,28.67,1010.27,76.2
BALI,2001,Kacang_Tanah,16394.0,1745.1,74.0,28.67,1010.27,76.2
BALI,2001,Kedelai,11852.0,1745.1,74.0,28.67,1010.27,76.2
BALI,2001,Padi,789232.0,1745.1,74.0,28.67,1010.27,76.2
BALI,2001,Ubi_Jalar,53510.0,1745.1,74.0,28.67,1010.27,76.2
BALI,2001,Ubi_Kayu,160011.0,1745.1,74.0,28.67,1010.27,76.2
BALI,2002,Jagung,98584.0,1172.6,74.0,28.9,1010.27,76.2
BALI,2002,Kacang_Hijau,1224.0,1172.6,74.0,28.9,1010.27,76.2
BALI,2002,Kacang_Tanah,16251.0,1172.6,74.0,28.9,1010.27,76.2
BALI,2002,Kedelai,10251.0,1172.6,74.0,28.9,1010.27,76.2
BALI,2002,Padi,808970.0,1172.6,74.0,28.9,1010.27,76.2
BALI,2002,Ubi_Jalar,67990.0,1172.6,74.0,28.9,1010.27,76.2
BALI,2002,Ubi_Kayu,125779.0,1172.6,74.0,28.9,1010.27,76.2
BALI,2003,Jagung,89819.0,2089.6,74.0,29.1,1010.27,76.2
BALI,2003,Kacang_Hijau,1026.0,2089.6,74.0,29.1,1010.27,76.2
BALI,2003,Kacang_Tanah,18452.0,2089.6,74.0,29.1,1010.27,76.2
BALI,2003,Kedelai,7834.0,2089.6,74.0,29.1,1010.27,76.2
BALI,2003,Padi,793260.0,2089.6,74.0,29.1,1010.27,76.2
BALI,2003,Ubi_Jalar,64887.0,2089.6,74.0,29.1,1010.27,76.2
BALI,2003,Ubi_Kayu,137891.0,2089.6,74.0,29.1,1010.27,76.2
BALI,2004,Jagung,68424.0,1752.35,74.0,29.4,1010.27,76.2
BALI,2004,Kacang_Hijau,1299.0,1752.35,74.0,29.4,1010.27,76.2
BALI,2004,Kacang_Tanah,19256.0,1752.35,74.0,29.4,1010.27,76.2
BALI,2004,Kedelai,11131.0,1752.35,74.0,29.4,1010.27,76.2
BALI,2004,Padi,788360.0,1752.35,74.0,29.4,1010.27,76.2
BALI,2004,Ubi_Jalar,72534.0,1752.35,74.0,29.4,1010.27,76.2
BALI,2004,Ubi_Kayu,142221.0,1752.35,74.0,29.4,1010.27,76.2
BALI,2005,Jagung,81884.0,1415.1,74.0,27.0,1009.8,76.2
BALI,2005,Kacang_Hijau,1093.0,1415.1,74.0,27.0,1009.8,76.2
BALI,2005,Kacang_Tanah,19742.0,1415.1,74.0,27.0,1009.8,76.2
BALI,2005,Kedelai,11225.0,1415.1,74.0,27.0,1009.8,76.2
BALI,2005,Padi,786961.0,1415.1,74.0,27.0,1009.8,76.2
BALI,2005,Ubi_Jalar,88510.0,1415.1,74.0,27.0,1009.8,76.2
BALI,2005,Ubi_Kayu,155808.0,1415.1,74.0,27.0,1009.8,76.2
BALI,2006,Jagung,78105.0,1096.9,74.0,26.73,1009.7,76.2
BALI,2006,Kacang_Hijau,1260.0,1096.9,74.0,26.73,1009.7,76.2
BALI,2006,Kacang_Tanah,18040.0,1096.9,74.0,26.73,1009.7,76.2
BALI,2006,Kedelai,10844.0,1096.9,74.0,26.73,1009.7,76.2
BALI,2006,Padi,840891.0,1096.9,74.0,26.73,1009.7,76.2
BALI,2006,Ubi_Jalar,92078.0,1096.9,74.0,26.73,1009.7,76.2
BALI,2006,Ubi_Kayu,159058.0,1096.9,74.0,26.73,1009.7,76.2
BALI,2007,Jagung,69209.0,1985.1,121.0,26.9,1009.3,78.4
BALI,2007,Kacang_Hijau,873.0,1985.1,121.0,26.9,1009.3,78.4
BALI,2007,Kacang_Tanah,19077.0,1985.1,121.0,26.9,1009.3,78.4
BALI,2007,Kedelai,8417.0,1985.1,121.0,26.9,1009.3,78.4
BALI,2007,Padi,839775.0,1985.1,121.0,26.9,1009.3,78.4
BALI,2007,Ubi_Jalar,91187.0,1985.1,121.0,26.9,1009.3,78.4
BALI,2007,Ubi_Kayu,174189.0,1985.1,121.0,26.9,1009.3,78.4
BALI,2008,Jagung,77619.0,1791.7,157.0,26.8,1009.2,75.3
BALI,2008,Kacang_Hijau,895.0,1791.7,157.0,26.8,1009.2,75.3
BALI,2008,Kacang_Tanah,16592.0,1791.7,157.0,26.8,1009.2,75.3
BALI,2008,Kedelai,9323.0,1791.7,157.0,26.8,1009.2,75.3
BALI,2008,Padi,840465.0,1791.7,157.0,26.8,1009.2,75.3
BALI,2008,Ubi_Jalar,88201.0,1791.7,157.0,26.8,1009.2,75.3
BALI,2008,Ubi_Kayu,169761.0,1791.7,157.0,26.8,1009.2,75.3
BALI,2009,Jagung,92998.0,1702.0,135.0,27.1,1009.5,82.9
BALI,2009,Kacang_Hijau,1134.0,1702.0,135.0,27.1,1009.5,82.9
BALI,2009,Kacang_Tanah,15583.0,1702.0,135.0,27.1,1009.5,82.9
BALI,2009,Kedelai,13521.0,1702.0,135.0,27.1,1009.5,82.9
BALI,2009,Padi,878764.0,1702.0,135.0,27.1,1009.5,82.9
BALI,2009,Ubi_Jalar,78983.0,1702.0,135.0,27.1,1009.5,82.9
BALI,2009,Ubi_Kayu,171456.0,1702.0,135.0,27.1,1009.5,82.9
BALI,2010,Jagung,66355.0,2525.0,193.0,27.6,1008.8,73.0
BALI,2010,Kacang_Hijau,754.0,2525.0,193.0,27.6,1008.8,73.0
BALI,2010,Kacang_Tanah,11582.0,2525.0,193.0,27.6,1008.8,73.0
BALI,2010,Kedelai,5554.0,2525.0,193.0,27.6,1008.8,73.0
BALI,2010,Padi,869161.0,2525.0,193.0,27.6,1008.8,73.0
BALI,2010,Ubi_Jalar,70318.0,2525.0,193.0,27.6,1008.8,73.0
BALI,2010,Ubi_Kayu,163746.0,2525.0,193.0,27.6,1008.8,73.0
BALI,2011,Jagung,64606.0,1890.0,174.0,26.8,1009.0,72.0
BALI,2011,Kacang_Hijau,884.0,1890.0,174.0,26.8,1009.0,72.0
BALI,2011,Kacang_Tanah,11212.0,1890.0,174.0,26.8,1009.0,72.0
BALI,2011,Kedelai,8503.0,1890.0,174.0,26.8,1009.0,72.0
BALI,2011,Padi,858316.0,1890.0,174.0,26.8,1009.0,72.0
BALI,2011,Ubi_Jalar,69528.0,1890.0,174.0,26.8,1009.0,72.0
BALI,2011,Ubi_Kayu,166291.0,1890.0,174.0,26.8,1009.0,72.0
BALI,2012,Jagung,61873.0,1849.0,132.0,26.9,1009.3,78.0
BALI,2012,Kacang_Hijau,1528.0,1849.0,132.0,26.9,1009.3,78.0
BALI,2012,Kacang_Tanah,11616.0,1849.0,132.0,26.9,1009.3,78.0
BALI,2012,Kedelai,8210.0,1849.0,132.0,26.9,1009.3,78.0
BALI,2012,Padi,865553.0,1849.0,132.0,26.9,1009.3,78.0
BALI,2012,Ubi_Jalar,62352.0,1849.0,132.0,26.9,1009.3,78.0
BALI,2012,Ubi_Kayu,147201.0,1849.0,132.0,26.9,1009.3,78.0
BALI,2013,Jagung,57573.0,2155.1,157.0,27.4,1009.2,75.0
BALI,2013,Kacang_Hijau,1186.0,2155.1,157.0,27.4,1009.2,75.0
BALI,2013,Kacang_Tanah,11024.0,2155.1,157.0,27.4,1009.2,75.0
BALI,2013,Kedelai,7433.0,2155.1,157.0,27.4,1009.2,75.0
BALI,2013,Padi,882092.0,2155.1,157.0,27.4,1009.2,75.0
BALI,2013,Ubi_Jalar,60755.0,2155.1,157.0,27.4,1009.2,75.0
BALI,2013,Ubi_Kayu,156953.0,2155.1,157.0,27.4,1009.2,75.0
BALI,2014,Jagung,49088.0,1640.6,160.0,27.4,1009.9,81.7
BALI,2014,Kacang_Hijau,851.0,1640.6,160.0,27.4,1009.9,81.7
BALI,2014,Kacang_Tanah,9044.0,1640.6,160.0,27.4,1009.9,81.7
BALI,2014,Kedelai,7346.0,1640.6,160.0,27.4,1009.9,81.7
BALI,2014,Padi,867901.0,1640.6,160.0,27.4,1009.9,81.7
BALI,2014,Ubi_Jalar,48705.0,1640.6,160.0,27.4,1009.9,81.7
BALI,2014,Ubi_Kayu,121512.0,1640.6,160.0,27.4,1009.9,81.7
BALI,2015,Jagung,40603.0,1133.8,124.0,27.3,1011.3,84.44
BALI,2015,Kacang_Hijau,516.0,1133.8,124.0,27.3,1011.3,84.44
BALI,2015,Kacang_Tanah,7065.0,1133.8,124.0,27.3,1011.3,84.44
BALI,2015,Kedelai,7259.0,1133.8,124.0,27.3,1011.3,84.44
BALI,2015,Padi,853710.0,1133.8,124.0,27.3,1011.3,84.44
BALI,2015,Ubi_Jalar,36655.0,1133.8,124.0,27.3,1011.3,84.44
BALI,2015,Ubi_Kayu,86070.0,1133.8,124.0,27.3,1011.3,84.44
BANTEN,2000,Jagung,30396.0,1059.1,68.0,27.34,1011.68,64.2
BANTEN,2000,Kacang_Hijau,2292.0,1059.1,68.0,27.34,1011.68,64.2
BANTEN,2000,Kacang_Tanah,13097.0,1059.1,68.0,27.34,1011.68,64.2
BANTEN,2000,Kedelai,1996.0,1059.1,68.0,27.34,1011.68,64.2
BANTEN,2000,Padi,1433397.0,1059.1,68.0,27.34,1011.68,64.2
BANTEN,2000,Ubi_Jalar,45917.0,1059.1,68.0,27.34,1011.68,64.2
BANTEN,2000,Ubi_Kayu,179475.0,1059.1,68.0,27.34,1011.68,64.2
BANTEN,2001,Jagung,30396.0,1634.8,68.0,27.88,1011.68,64.2
BANTEN,2001,Kacang_Hijau,2292.0,1634.8,68.0,27.88,1011.68,64.2
BANTEN,2001,Kacang_Tanah,13097.0,1634.8,68.0,27.88,1011.68,64.2
BANTEN,2001,Kedelai,1996.0,1634.8,68.0,27.88,1011.68,64.2
BANTEN,2001,Padi,1433397.0,1634.8,68.0,27.88,1011.68,64.2
BANTEN,2001,Ubi_Jalar,45917.0,1634.8,68.0,27.88,1011.68,64.2
BANTEN,2001,Ubi_Kayu,179475.0,1634.8,68.0,27.88,1011.68,64.2
BANTEN,2002,Jagung,19216.0,1837.6,68.0,28.48,1011.68,64.2
BANTEN,2002,Kacang_Hijau,2669.0,1837.6,68.0,28.48,1011.68,64.2
BANTEN,2002,Kacang_Tanah,14136.0,1837.6,68.0,28.48,1011.68,64.2
BANTEN,2002,Kedelai,4568.0,1837.6,68.0,28.48,1011.68,64.2
BANTEN,2002,Padi,1468765.0,1837.6,68.0,28.48,1011.68,64.2
BANTEN,2002,Ubi_Jalar,42381.0,1837.6,68.0,28.48,1011.68,64.2
BANTEN,2002,Ubi_Kayu,137975.0,1837.6,68.0,28.48,1011.68,64.2
BANTEN,2003,Jagung,24875.0,1353.7,68.0,29.85,1011.68,64.2
BANTEN,2003,Kacang_Hijau,2767.0,1353.7,68.0,29.85,1011.68,64.2
BANTEN,2003,Kacang_Tanah,12256.0,1353.7,68.0,29.85,1011.68,64.2
BANTEN,2003,Kedelai,3245.0,1353.7,68.0,29.85,1011.68,64.2
BANTEN,2003,Padi,1691923.0,1353.7,68.0,29.85,1011.68,64.2
BANTEN,2003,Ubi_Jalar,39669.0,1353.7,68.0,29.85,1011.68,64.2
BANTEN,2003,Ubi_Kayu,155776.0,1353.7,68.0,29.85,1011.68,64.2
BANTEN,2004,Jagung,25102.0,772.85,68.0,29.32,1011.68,64.2
BANTEN,2004,Kacang_Hijau,81496.0,772.85,68.0,29.32,1011.68,64.2
BANTEN,2004,Kacang_Tanah,13752.0,772.85,68.0,29.32,1011.68,64.2
BANTEN,2004,Kedelai,4601.0,772.85,68.0,29.32,1011.68,64.2
BANTEN,2004,Padi,1812495.0,772.85,68.0,29.32,1011.68,64.2
BANTEN,2004,Ubi_Jalar,38618.0,772.85,68.0,29.32,1011.68,64.2
BANTEN,2004,Ubi_Kayu,163969.0,772.85,68.0,29.32,1011.68,64.2
BANTEN,2005,Jagung,29751.0,192.0,68.0,27.0,1009.2,64.2
BANTEN,2005,Kacang_Hijau,2086.0,192.0,68.0,27.0,1009.2,64.2
BANTEN,2005,Kacang_Tanah,17853.0,192.0,68.0,27.0,1009.2,64.2
BANTEN,2005,Kedelai,2497.0,192.0,68.0,27.0,1009.2,64.2
BANTEN,2005,Padi,1861776.0,192.0,68.0,27.0,1009.2,64.2
BANTEN,2005,Ubi_Jalar,41276.0,192.0,68.0,27.0,1009.2,64.2
BANTEN,2005,Ubi_Kayu,144110.0,192.0,68.0,27.0,1009.2,64.2
BANTEN,2006,Jagung,24417.0,563.0,68.0,26.98,1008.8,64.2
BANTEN,2006,Kacang_Hijau,1949.0,563.0,68.0,26.98,1008.8,64.2
BANTEN,2006,Kacang_Tanah,18535.0,563.0,68.0,26.98,1008.8,64.2
BANTEN,2006,Kedelai,1919.0,563.0,68.0,26.98,1008.8,64.2
BANTEN,2006,Padi,1751468.0,563.0,68.0,26.98,1008.8,64.2
BANTEN,2006,Ubi_Jalar,34373.0,563.0,68.0,26.98,1008.8,64.2
BANTEN,2006,Ubi_Kayu,143561.0,563.0,68.0,26.98,1008.8,64.2
BANTEN,2007,Jagung,20723.0,735.0,72.0,26.7,1008.8,65.8
BANTEN,2007,Kacang_Hijau,2343.0,735.0,72.0,26.7,1008.8,65.8
BANTEN,2007,Kacang_Tanah,18171.0,735.0,72.0,26.7,1008.8,65.8
BANTEN,2007,Kedelai,262.0,735.0,72.0,26.7,1008.8,65.8
BANTEN,2007,Padi,1816140.0,735.0,72.0,26.7,1008.8,65.8
BANTEN,2007,Ubi_Jalar,33694.0,735.0,72.0,26.7,1008.8,65.8
BANTEN,2007,Ubi_Kayu,117550.0,735.0,72.0,26.7,1008.8,65.8
BANTEN,2008,Jagung,20169.0,1476.0,167.0,26.6,1008.75,66.7
BANTEN,2008,Kacang_Hijau,1908.0,1476.0,167.0,26.6,1008.75,66.7
BANTEN,2008,Kacang_Tanah,16319.0,1476.0,167.0,26.6,1008.75,66.7
BANTEN,2008,Kedelai,6452.0,1476.0,167.0,26.6,1008.75,66.7
BANTEN,2008,Padi,1818166.0,1476.0,167.0,26.6,1008.75,66.7
BANTEN,2008,Ubi_Jalar,33793.0,1476.0,167.0,26.6,1008.75,66.7
BANTEN,2008,Ubi_Kayu,115591.0,1476.0,167.0,26.6,1008.75,66.7
BANTEN,2009,Jagung,27083.0,1414.0,170.0,27.2,1008.7,67.6
BANTEN,2009,Kacang_Hijau,1911.0,1414.0,170.0,27.2,1008.7,67.6
BANTEN,2009,Kacang_Tanah,19782.0,1414.0,170.0,27.2,1008.7,67.6
BANTEN,2009,Kedelai,15888.0,1414.0,170.0,27.2,1008.7,67.6
BANTEN,2009,Padi,1849007.0,1414.0,170.0,27.2,1008.7,67.6
BANTEN,2009,Ubi_Jalar,34549.0,1414.0,170.0,27.2,1008.7,67.6
BANTEN,2009,Ubi_Kayu,105621.0,1414.0,170.0,27.2,1008.7,67.6
BANTEN,2010,Jagung,28557.0,2136.0,228.0,27.1,1007.25,57.0
BANTEN,2010,Kacang_Hijau,1359.0,2136.0,228.0,27.1,1007.25,57.0
BANTEN,2010,Kacang_Tanah,20381.0,2136.0,228.0,27.1,1007.25,57.0
BANTEN,2010,Kedelai,11662.0,2136.0,228.0,27.1,1007.25,57.0
BANTEN,2010,Padi,2048047.0,2136.0,228.0,27.1,1007.25,57.0
BANTEN,2010,Ubi_Jalar,40579.0,2136.0,228.0,27.1,1007.25,57.0
BANTEN,2010,Ubi_Kayu,118979.0,2136.0,228.0,27.1,1007.25,57.0
BANTEN,2011,Jagung,13863.0,1141.0,165.0,27.0,1008.8,61.0
BANTEN,2011,Kacang_Hijau,927.0,1141.0,165.0,27.0,1008.8,61.0
BANTEN,2011,Kacang_Tanah,12246.0,1141.0,165.0,27.0,1008.8,61.0
BANTEN,2011,Kedelai,5885.0,1141.0,165.0,27.0,1008.8,61.0
BANTEN,2011,Padi,1949714.0,1141.0,165.0,27.0,1008.8,61.0
BANTEN,2011,Ubi_Jalar,34589.0,1141.0,165.0,27.0,1008.8,61.0
BANTEN,2011,Ubi_Kayu,107052.0,1141.0,165.0,27.0,1008.8,61.0
BANTEN,2012,Jagung,9819.0,1197.0,171.0,27.1,1009.1,61.0
BANTEN,2012,Kacang_Hijau,851.0,1197.0,171.0,27.1,1009.1,61.0
BANTEN,2012,Kacang_Tanah,11691.0,1197.0,171.0,27.1,1009.1,61.0
BANTEN,2012,Kedelai,5780.0,1197.0,171.0,27.1,1009.1,61.0
BANTEN,2012,Padi,1865893.0,1197.0,171.0,27.1,1009.1,61.0
BANTEN,2012,Ubi_Jalar,32756.0,1197.0,171.0,27.1,1009.1,61.0
BANTEN,2012,Ubi_Kayu,82796.0,1197.0,171.0,27.1,1009.1,61.0
BANTEN,2013,Jagung,12038.0,3573.0,206.0,27.0,1009.3,78.0
BANTEN,2013,Kacang_Hijau,672.0,3573.0,206.0,27.0,1009.3,78.0
BANTEN,2013,Kacang_Tanah,12810.0,3573.0,206.0,27.0,1009.3,78.0
BANTEN,2013,Kedelai,10326.0,3573.0,206.0,27.0,1009.3,78.0
BANTEN,2013,Padi,2083608.0,3573.0,206.0,27.0,1009.3,78.0
BANTEN,2013,Ubi_Jalar,27972.0,3573.0,206.0,27.0,1009.3,78.0
BANTEN,2013,Ubi_Kayu,97847.0,3573.0,206.0,27.0,1009.3,78.0
BANTEN,2014,Jagung,11954.0,1521.0,176.0,27.3,1009.0,62.9
BANTEN,2014,Kacang_Hijau,607.0,1521.0,176.0,27.3,1009.0,62.9
BANTEN,2014,Kacang_Tanah,11907.0,1521.0,176.0,27.3,1009.0,62.9
BANTEN,2014,Kedelai,8808.0,1521.0,176.0,27.3,1009.0,62.9
BANTEN,2014,Padi,2136302.0,1521.0,176.0,27.3,1009.0,62.9
BANTEN,2014,Ubi_Jalar,24061.0,1521.0,176.0,27.3,1009.0,62.9
BANTEN,2014,Ubi_Kayu,86005.0,1521.0,176.0,27.3,1009.0,62.9
BANTEN,2015,Jagung,11870.0,1310.1,155.0,27.3,1010.6,65.06
BANTEN,2015,Kacang_Hijau,542.0,1310.1,155.0,27.3,1010.6,65.06
BANTEN,2015,Kacang_Tanah,11004.0,1310.1,155.0,27.3,1010.6,65.06
BANTEN,2015,Kedelai,7291.0,1310.1,155.0,27.3,1010.6,65.06
BANTEN,2015,Padi,2188996.0,1310.1,155.0,27.3,1010.6,65.06
BANTEN,2015,Ubi_Jalar,20150.0,1310.1,155.0,27.3,1010.6,65.06
BANTEN,2015,Ubi_Kayu,74163.0,1310.1,155.0,27.3,1010.6,65.06
BENGKULU,2000,Jagung,46638.0,3254.0,143.0,24.95,1009.23,67.1
BENGKULU,2000,Kacang_Hijau,1444.0,3254.0,143.0,24.95,1009.23,67.1
BENGKULU,2000,Kacang_Tanah,5628.0,3254.0,143.0,24.95,1009.23,67.1
BENGKULU,2000,Kedelai,3059.0,3254.0,143.0,24.95,1009.23,67.1
BENGKULU,2000,Padi,362979.0,3254.0,143.0,24.95,1009.23,67.1
BENGKULU,2000,Ubi_Jalar,64313.0,3254.0,143.0,24.95,1009.23,67.1
BENGKULU,2000,Ubi_Kayu,92643.0,3254.0,143.0,24.95,1009.23,67.1
BENGKULU,2001,Jagung,41557.0,3010.1,143.0,26.8,1009.23,67.1
BENGKULU,2001,Kacang_Hijau,1691.0,3010.1,143.0,26.8,1009.23,67.1
BENGKULU,2001,Kacang_Tanah,5472.0,3010.1,143.0,26.8,1009.23,67.1
BENGKULU,2001,Kedelai,1395.0,3010.1,143.0,26.8,1009.23,67.1
BENGKULU,2001,Padi,376973.0,3010.1,143.0,26.8,1009.23,67.1
BENGKULU,2001,Ubi_Jalar,58752.0,3010.1,143.0,26.8,1009.23,67.1
BENGKULU,2001,Ubi_Kayu,73566.0,3010.1,143.0,26.8,1009.23,67.1
BENGKULU,2002,Jagung,52190.0,3076.7,143.0,28.51,1009.23,67.1
BENGKULU,2002,Kacang_Hijau,1416.0,3076.7,143.0,28.51,1009.23,67.1
BENGKULU,2002,Kacang_Tanah,6035.0,3076.7,143.0,28.51,1009.23,67.1
BENGKULU,2002,Kedelai,1919.0,3076.7,143.0,28.51,1009.23,67.1
BENGKULU,2002,Padi,379818.0,3076.7,143.0,28.51,1009.23,67.1
BENGKULU,2002,Ubi_Jalar,62689.0,3076.7,143.0,28.51,1009.23,67.1
BENGKULU,2002,Ubi_Kayu,81390.0,3076.7,143.0,28.51,1009.23,67.1
BENGKULU,2003,Jagung,52723.0,3030.4,143.0,29.51,1009.23,67.1
BENGKULU,2003,Kacang_Hijau,1722.0,3030.4,143.0,29.51,1009.23,67.1
BENGKULU,2003,Kacang_Tanah,6040.0,3030.4,143.0,29.51,1009.23,67.1
BENGKULU,2003,Kedelai,2083.0,3030.4,143.0,29.51,1009.23,67.1
BENGKULU,2003,Padi,413375.0,3030.4,143.0,29.51,1009.23,67.1
BENGKULU,2003,Ubi_Jalar,54741.0,3030.4,143.0,29.51,1009.23,67.1
BENGKULU,2003,Ubi_Kayu,82945.0,3030.4,143.0,29.51,1009.23,67.1
BENGKULU,2004,Jagung,50012.0,3202.8,143.0,29.71,1009.23,67.1
BENGKULU,2004,Kacang_Hijau,1696.0,3202.8,143.0,29.71,1009.23,67.1
BENGKULU,2004,Kacang_Tanah,5814.0,3202.8,143.0,29.71,1009.23,67.1
BENGKULU,2004,Kedelai,3053.0,3202.8,143.0,29.71,1009.23,67.1
BENGKULU,2004,Padi,414741.0,3202.8,143.0,29.71,1009.23,67.1
BENGKULU,2004,Ubi_Jalar,35368.0,3202.8,143.0,29.71,1009.23,67.1
BENGKULU,2004,Ubi_Kayu,59659.0,3202.8,143.0,29.71,1009.23,67.1
BENGKULU,2005,Jagung,84089.0,3375.2,143.0,25.7,1008.7,67.1
BENGKULU,2005,Kacang_Hijau,1711.0,3375.2,143.0,25.7,1008.7,67.1
BENGKULU,2005,Kacang_Tanah,6800.0,3375.2,143.0,25.7,1008.7,67.1
BENGKULU,2005,Kedelai,2522.0,3375.2,143.0,25.7,1008.7,67.1
BENGKULU,2005,Padi,441276.0,3375.2,143.0,25.7,1008.7,67.1
BENGKULU,2005,Ubi_Jalar,45921.0,3375.2,143.0,25.7,1008.7,67.1
BENGKULU,2005,Ubi_Kayu,79934.0,3375.2,143.0,25.7,1008.7,67.1
BENGKULU,2006,Jagung,82296.0,2313.8,143.0,26.1,1008.8,67.1
BENGKULU,2006,Kacang_Hijau,1482.0,2313.8,143.0,26.1,1008.8,67.1
BENGKULU,2006,Kacang_Tanah,7038.0,2313.8,143.0,26.1,1008.8,67.1
BENGKULU,2006,Kedelai,1341.0,2313.8,143.0,26.1,1008.8,67.1
BENGKULU,2006,Padi,378377.0,2313.8,143.0,26.1,1008.8,67.1
BENGKULU,2006,Ubi_Jalar,51184.0,2313.8,143.0,26.1,1008.8,67.1
BENGKULU,2006,Ubi_Kayu,113488.0,2313.8,143.0,26.1,1008.8,67.1
BENGKULU,2007,Jagung,83385.0,3150.0,225.0,26.4,1009.9,70.2
BENGKULU,2007,Kacang_Hijau,1757.0,3150.0,225.0,26.4,1009.9,70.2
BENGKULU,2007,Kacang_Tanah,5430.0,3150.0,225.0,26.4,1009.9,70.2
BENGKULU,2007,Kedelai,1747.0,3150.0,225.0,26.4,1009.9,70.2
BENGKULU,2007,Padi,470469.0,3150.0,225.0,26.4,1009.9,70.2
BENGKULU,2007,Ubi_Jalar,32131.0,3150.0,225.0,26.4,1009.9,70.2
BENGKULU,2007,Ubi_Kayu,76924.0,3150.0,225.0,26.4,1009.9,70.2
BENGKULU,2008,Jagung,111826.0,3396.0,207.0,26.3,1010.0,65.0
BENGKULU,2008,Kacang_Hijau,1226.0,3396.0,207.0,26.3,1010.0,65.0
BENGKULU,2008,Kacang_Tanah,4585.0,3396.0,207.0,26.3,1010.0,65.0
BENGKULU,2008,Kedelai,2316.0,3396.0,207.0,26.3,1010.0,65.0
BENGKULU,2008,Padi,484900.0,3396.0,207.0,26.3,1010.0,65.0
BENGKULU,2008,Ubi_Jalar,30682.0,3396.0,207.0,26.3,1010.0,65.0
BENGKULU,2008,Ubi_Kayu,49478.0,3396.0,207.0,26.3,1010.0,65.0
BENGKULU,2009,Jagung,93798.0,3850.0,230.0,26.5,1008.0,68.8
BENGKULU,2009,Kacang_Hijau,1153.0,3850.0,230.0,26.5,1008.0,68.8
BENGKULU,2009,Kacang_Tanah,3472.0,3850.0,230.0,26.5,1008.0,68.8
BENGKULU,2009,Kedelai,5323.0,3850.0,230.0,26.5,1008.0,68.8
BENGKULU,2009,Padi,510160.0,3850.0,230.0,26.5,1008.0,68.8
BENGKULU,2009,Ubi_Jalar,20930.0,3850.0,230.0,26.5,1008.0,68.8
BENGKULU,2009,Ubi_Kayu,37311.0,3850.0,230.0,26.5,1008.0,68.8
BENGKULU,2010,Jagung,74331.0,3822.0,189.0,26.8,1008.4,44.0
BENGKULU,2010,Kacang_Hijau,1392.0,3822.0,189.0,26.8,1008.4,44.0
BENGKULU,2010,Kacang_Tanah,7253.0,3822.0,189.0,26.8,1008.4,44.0
BENGKULU,2010,Kedelai,2719.0,3822.0,189.0,26.8,1008.4,44.0
BENGKULU,2010,Padi,516869.0,3822.0,189.0,26.8,1008.4,44.0
BENGKULU,2010,Ubi_Jalar,27840.0,3822.0,189.0,26.8,1008.4,44.0
BENGKULU,2010,Ubi_Kayu,43847.0,3822.0,189.0,26.8,1008.4,44.0
BENGKULU,2011,Jagung,87362.0,3183.5,166.0,26.85,1008.45,46.5
BENGKULU,2011,Kacang_Hijau,1405.0,3183.5,166.0,26.85,1008.45,46.5
BENGKULU,2011,Kacang_Tanah,6444.0,3183.5,166.0,26.85,1008.45,46.5
BENGKULU,2011,Kedelai,3458.0,3183.5,166.0,26.85,1008.45,46.5
BENGKULU,2011,Padi,502552.0,3183.5,166.0,26.85,1008.45,46.5
BENGKULU,2011,Ubi_Jalar,26445.0,3183.5,166.0,26.85,1008.45,46.5
BENGKULU,2011,Ubi_Kayu,47735.0,3183.5,166.0,26.85,1008.45,46.5
BENGKULU,2012,Jagung,103771.0,2545.0,143.0,26.9,1008.5,49.0
BENGKULU,2012,Kacang_Hijau,1476.0,2545.0,143.0,26.9,1008.5,49.0
BENGKULU,2012,Kacang_Tanah,5802.0,2545.0,143.0,26.9,1008.5,49.0
BENGKULU,2012,Kedelai,2316.0,2545.0,143.0,26.9,1008.5,49.0
BENGKULU,2012,Padi,581910.0,2545.0,143.0,26.9,1008.5,49.0
BENGKULU,2012,Ubi_Jalar,37271.0,2545.0,143.0,26.9,1008.5,49.0
BENGKULU,2012,Ubi_Kayu,57618.0,2545.0,143.0,26.9,1008.5,49.0
BENGKULU,2013,Jagung,93988.0,3980.9,250.0,26.7,1008.99,67.65
BENGKULU,2013,Kacang_Hijau,1371.0,3980.9,250.0,26.7,1008.99,67.65
BENGKULU,2013,Kacang_Tanah,4679.0,3980.9,250.0,26.7,1008.99,67.65
BENGKULU,2013,Kedelai,3987.0,3980.9,250.0,26.7,1008.99,67.65
BENGKULU,2013,Padi,622832.0,3980.9,250.0,26.7,1008.99,67.65
BENGKULU,2013,Ubi_Jalar,31672.0,3980.9,250.0,26.7,1008.99,67.65
BENGKULU,2013,Ubi_Kayu,62193.0,3980.9,250.0,26.7,1008.99,67.65
BENGKULU,2014,Jagung,73386.0,3323.0,174.0,26.9,1010.3,70.0
BENGKULU,2014,Kacang_Hijau,1016.0,3323.0,174.0,26.9,1010.3,70.0
BENGKULU,2014,Kacang_Tanah,4154.0,3323.0,174.0,26.9,1010.3,70.0
BENGKULU,2014,Kedelai,4688.0,3323.0,174.0,26.9,1010.3,70.0
BENGKULU,2014,Padi,600743.0,3323.0,174.0,26.9,1010.3,70.0
BENGKULU,2014,Ubi_Jalar,35256.0,3323.0,174.0,26.9,1010.3,70.0
BENGKULU,2014,Ubi_Kayu,71251.0,3323.0,174.0,26.9,1010.3,70.0
BENGKULU,2015,Jagung,52785.0,2668.9,166.0,27.0,1011.0,71.35
BENGKULU,2015,Kacang_Hijau,662.0,2668.9,166.0,27.0,1011.0,71.35
BENGKULU,2015,Kacang_Tanah,3630.0,2668.9,166.0,27.0,1011.0,71.35
BENGKULU,2015,Kedelai,5388.0,2668.9,166.0,27.0,1011.0,71.35
BENGKULU,2015,Padi,578654.0,2668.9,166.0,27.0,1011.0,71.35
BENGKULU,2015,Ubi_Jalar,38841.0,2668.9,166.0,27.0,1011.0,71.35
BENGKULU,2015,Ubi_Kayu,80309.0,2668.9,166.0,27.0,1011.0,71.35
DI YOGYAKARTA,2000,Jagung,173536.0,1227.0,82.0,28.2,1009.71,68.2
DI YOGYAKARTA,2000,Kacang_Hijau,341.0,1227.0,82.0,28.2,1009.71,68.2
DI YOGYAKARTA,2000,Kacang_Tanah,53918.0,1227.0,82.0,28.2,1009.71,68.2
DI YOGYAKARTA,2000,Kedelai,68102.0,1227.0,82.0,28.2,1009.71,68.2
DI YOGYAKARTA,2000,Padi,654289.0,1227.0,82.0,28.2,1009.71,68.2
DI YOGYAKARTA,2000,Ubi_Jalar,7724.0,1227.0,82.0,28.2,1009.71,68.2
DI YOGYAKARTA,2000,Ubi_Kayu,701314.0,1227.0,82.0,28.2,1009.71,68.2
DI YOGYAKARTA,2001,Jagung,187577.0,2417.5,82.0,29.0,1009.71,68.2
DI YOGYAKARTA,2001,Kacang_Hijau,293.0,2417.5,82.0,29.0,1009.71,68.2
DI YOGYAKARTA,2001,Kacang_Tanah,50552.0,2417.5,82.0,29.0,1009.71,68.2
DI YOGYAKARTA,2001,Kedelai,50202.0,2417.5,82.0,29.0,1009.71,68.2
DI YOGYAKARTA,2001,Padi,661802.0,2417.5,82.0,29.0,1009.71,68.2
DI YOGYAKARTA,2001,Ubi_Jalar,7906.0,2417.5,82.0,29.0,1009.71,68.2
DI YOGYAKARTA,2001,Ubi_Kayu,736316.0,2417.5,82.0,29.0,1009.71,68.2
DI YOGYAKARTA,2002,Jagung,170753.0,1644.1,82.0,28.48,1009.71,68.2
DI YOGYAKARTA,2002,Kacang_Hijau,462.0,1644.1,82.0,28.48,1009.71,68.2
DI YOGYAKARTA,2002,Kacang_Tanah,58482.0,1644.1,82.0,28.48,1009.71,68.2
DI YOGYAKARTA,2002,Kedelai,50981.0,1644.1,82.0,28.48,1009.71,68.2
DI YOGYAKARTA,2002,Padi,653577.0,1644.1,82.0,28.48,1009.71,68.2
DI YOGYAKARTA,2002,Ubi_Jalar,7100.0,1644.1,82.0,28.48,1009.71,68.2
DI YOGYAKARTA,2002,Ubi_Kayu,750205.0,1644.1,82.0,28.48,1009.71,68.2
DI YOGYAKARTA,2003,Jagung,204129.0,1834.3,82.0,29.87,1009.71,68.2
DI YOGYAKARTA,2003,Kacang_Hijau,563.0,1834.3,82.0,29.87,1009.71,68.2
DI YOGYAKARTA,2003,Kacang_Tanah,57767.0,1834.3,82.0,29.87,1009.71,68.2
DI YOGYAKARTA,2003,Kedelai,35562.0,1834.3,82.0,29.87,1009.71,68.2
DI YOGYAKARTA,2003,Padi,652280.0,1834.3,82.0,29.87,1009.71,68.2
DI YOGYAKARTA,2003,Ubi_Jalar,7578.0,1834.3,82.0,29.87,1009.71,68.2
DI YOGYAKARTA,2003,Ubi_Kayu,764409.0,1834.3,82.0,29.87,1009.71,68.2
DI YOGYAKARTA,2004,Jagung,211730.0,1605.48,82.0,29.42,1009.71,68.2
DI YOGYAKARTA,2004,Kacang_Hijau,617.0,1605.48,82.0,29.42,1009.71,68.2
DI YOGYAKARTA,2004,Kacang_Tanah,61048.0,1605.48,82.0,29.42,1009.71,68.2
DI YOGYAKARTA,2004,Kedelai,35729.0,1605.48,82.0,29.42,1009.71,68.2
DI YOGYAKARTA,2004,Padi,692998.0,1605.48,82.0,29.42,1009.71,68.2
DI YOGYAKARTA,2004,Ubi_Jalar,6439.0,1605.48,82.0,29.42,1009.71,68.2
DI YOGYAKARTA,2004,Ubi_Kayu,817398.0,1605.48,82.0,29.42,1009.71,68.2
DI YOGYAKARTA,2005,Jagung,248960.0,1376.65,82.0,28.21,1007.25,68.2
DI YOGYAKARTA,2005,Kacang_Hijau,651.0,1376.65,82.0,28.21,1007.25,68.2
DI YOGYAKARTA,2005,Kacang_Tanah,60324.0,1376.65,82.0,28.21,1007.25,68.2
DI YOGYAKARTA,2005,Kedelai,34670.0,1376.65,82.0,28.21,1007.25,68.2
DI YOGYAKARTA,2005,Padi,670703.0,1376.65,82.0,28.21,1007.25,68.2
DI YOGYAKARTA,2005,Ubi_Jalar,6522.0,1376.65,82.0,28.21,1007.25,68.2
DI YOGYAKARTA,2005,Ubi_Kayu,920909.0,1376.65,82.0,28.21,1007.25,68.2
DI YOGYAKARTA,2006,Jagung,22362.0,1147.82,82.0,27.01,1007.25,68.2
DI YOGYAKARTA,2006,Kacang_Hijau,563.0,1147.82,82.0,27.01,1007.25,68.2
DI YOGYAKARTA,2006,Kacang_Tanah,66359.0,1147.82,82.0,27.01,1007.25,68.2
DI YOGYAKARTA,2006,Kedelai,39545.0,1147.82,82.0,27.01,1007.25,68.2
DI YOGYAKARTA,2006,Padi,708163.0,1147.82,82.0,27.01,1007.25,68.2
DI YOGYAKARTA,2006,Ubi_Jalar,6236.0,1147.82,82.0,27.01,1007.25,68.2
DI YOGYAKARTA,2006,Ubi_Kayu,1016270.0,1147.82,82.0,27.01,1007.25,68.2
DI YOGYAKARTA,2007,Jagung,258187.0,919.0,82.0,25.8,1007.25,68.2
DI YOGYAKARTA,2007,Kacang_Hijau,571.0,919.0,82.0,25.8,1007.25,68.2
DI YOGYAKARTA,2007,Kacang_Tanah,56667.0,919.0,82.0,25.8,1007.25,68.2
DI YOGYAKARTA,2007,Kedelai,29692.0,919.0,82.0,25.8,1007.25,68.2
DI YOGYAKARTA,2007,Padi,709294.0,919.0,82.0,25.8,1007.25,68.2
DI YOGYAKARTA,2007,Ubi_Jalar,5496.0,919.0,82.0,25.8,1007.25,68.2
DI YOGYAKARTA,2007,Ubi_Kayu,976610.0,919.0,82.0,25.8,1007.25,68.2
DI YOGYAKARTA,2008,Jagung,285372.0,1870.8,149.0,26.1,1010.2,68.2
DI YOGYAKARTA,2008,Kacang_Hijau,514.0,1870.8,149.0,26.1,1010.2,68.2
DI YOGYAKARTA,2008,Kacang_Tanah,63240.0,1870.8,149.0,26.1,1010.2,68.2
DI YOGYAKARTA,2008,Kedelai,34998.0,1870.8,149.0,26.1,1010.2,68.2
DI YOGYAKARTA,2008,Padi,798232.0,1870.8,149.0,26.1,1010.2,68.2
DI YOGYAKARTA,2008,Ubi_Jalar,7656.0,1870.8,149.0,26.1,1010.2,68.2
DI YOGYAKARTA,2008,Ubi_Kayu,892907.0,1870.8,149.0,26.1,1010.2,68.2
DI YOGYAKARTA,2009,Jagung,314937.0,1584.0,132.0,26.1,1007.25,68.2
DI YOGYAKARTA,2009,Kacang_Hijau,473.0,1584.0,132.0,26.1,1007.25,68.2
DI YOGYAKARTA,2009,Kacang_Tanah,65893.0,1584.0,132.0,26.1,1007.25,68.2
DI YOGYAKARTA,2009,Kedelai,40278.0,1584.0,132.0,26.1,1007.25,68.2
DI YOGYAKARTA,2009,Padi,837930.0,1584.0,132.0,26.1,1007.25,68.2
DI YOGYAKARTA,2009,Ubi_Jalar,6687.0,1584.0,132.0,26.1,1007.25,68.2
DI YOGYAKARTA,2009,Ubi_Kayu,1047684.0,1584.0,132.0,26.1,1007.25,68.2
DI YOGYAKARTA,2010,Jagung,345576.0,1934.5,151.0,26.05,1007.25,45.55
DI YOGYAKARTA,2010,Kacang_Hijau,610.0,1934.5,151.0,26.05,1007.25,45.55
DI YOGYAKARTA,2010,Kacang_Tanah,58918.0,1934.5,151.0,26.05,1007.25,45.55
DI YOGYAKARTA,2010,Kedelai,38244.0,1934.5,151.0,26.05,1007.25,45.55
DI YOGYAKARTA,2010,Padi,823887.0,1934.5,151.0,26.05,1007.25,45.55
DI YOGYAKARTA,2010,Ubi_Jalar,6484.0,1934.5,151.0,26.05,1007.25,45.55
DI YOGYAKARTA,2010,Ubi_Kayu,1114665.0,1934.5,151.0,26.05,1007.25,45.55
DI YOGYAKARTA,2011,Jagung,291596.0,2285.0,170.0,26.0,1007.25,25.68
DI YOGYAKARTA,2011,Kacang_Hijau,371.0,2285.0,170.0,26.0,1007.25,25.68
DI YOGYAKARTA,2011,Kacang_Tanah,64084.0,2285.0,170.0,26.0,1007.25,25.68
DI YOGYAKARTA,2011,Kedelai,32795.0,2285.0,170.0,26.0,1007.25,25.68
DI YOGYAKARTA,2011,Padi,842934.0,2285.0,170.0,26.0,1007.25,25.68
DI YOGYAKARTA,2011,Ubi_Jalar,4584.0,2285.0,170.0,26.0,1007.25,25.68
DI YOGYAKARTA,2011,Ubi_Kayu,867596.0,2285.0,170.0,26.0,1007.25,25.68
DI YOGYAKARTA,2012,Jagung,336608.0,2014.0,163.0,26.6,1007.25,25.68
DI YOGYAKARTA,2012,Kacang_Hijau,300.0,2014.0,163.0,26.6,1007.25,25.68
DI YOGYAKARTA,2012,Kacang_Tanah,62901.0,2014.0,163.0,26.6,1007.25,25.68
DI YOGYAKARTA,2012,Kedelai,36033.0,2014.0,163.0,26.6,1007.25,25.68
DI YOGYAKARTA,2012,Padi,946224.0,2014.0,163.0,26.6,1007.25,25.68
DI YOGYAKARTA,2012,Ubi_Jalar,5047.0,2014.0,163.0,26.6,1007.25,25.68
DI YOGYAKARTA,2012,Ubi_Kayu,866357.0,2014.0,163.0,26.6,1007.25,25.68
DI YOGYAKARTA,2013,Jagung,289580.0,2309.0,149.0,26.2,1013.09,49.96
DI YOGYAKARTA,2013,Kacang_Hijau,318.0,2309.0,149.0,26.2,1013.09,49.96
DI YOGYAKARTA,2013,Kacang_Tanah,70834.0,2309.0,149.0,26.2,1013.09,49.96
DI YOGYAKARTA,2013,Kedelai,31677.0,2309.0,149.0,26.2,1013.09,49.96
DI YOGYAKARTA,2013,Padi,921824.0,2309.0,149.0,26.2,1013.09,49.96
DI YOGYAKARTA,2013,Ubi_Jalar,4951.0,2309.0,149.0,26.2,1013.09,49.96
DI YOGYAKARTA,2013,Ubi_Kayu,1013565.0,2309.0,149.0,26.2,1013.09,49.96
DI YOGYAKARTA,2014,Jagung,294332.0,2025.9,160.0,26.3,1007.25,56.2
DI YOGYAKARTA,2014,Kacang_Hijau,274.0,2025.9,160.0,26.3,1007.25,56.2
DI YOGYAKARTA,2014,Kacang_Tanah,77067.0,2025.9,160.0,26.3,1007.25,56.2
DI YOGYAKARTA,2014,Kedelai,25250.0,2025.9,160.0,26.3,1007.25,56.2
DI YOGYAKARTA,2014,Padi,933480.0,2025.9,160.0,26.3,1007.25,56.2
DI YOGYAKARTA,2014,Ubi_Jalar,5510.0,2025.9,160.0,26.3,1007.25,56.2
DI YOGYAKARTA,2014,Ubi_Kayu,943464.0,2025.9,160.0,26.3,1007.25,56.2
DI YOGYAKARTA,2015,Jagung,299084.0,2045.5,119.0,26.1,1013.09,75.14
DI YOGYAKARTA,2015,Kacang_Hijau,230.0,2045.5,119.0,26.1,1013.09,75.14
DI YOGYAKARTA,2015,Kacang_Tanah,83300.0,2045.5,119.0,26.1,1013.09,75.14
DI YOGYAKARTA,2015,Kedelai,18822.0,2045.5,119.0,26.1,1013.09,75.14
DI YOGYAKARTA,2015,Padi,945136.0,2045.5,119.0,26.1,1013.09,75.14
DI YOGYAKARTA,2015,Ubi_Jalar,6070.0,2045.5,119.0,26.1,1013.09,75.14
DI YOGYAKARTA,2015,Ubi_Kayu,873362.0,2045.5,119.0,26.1,1013.09,75.14
DKI JAKARTA,2000,Jagung,78.0,1274.0,139.0,28.5,1010.16,60.9
DKI JAKARTA,2000,Kacang_Hijau,0.0,1274.0,139.0,28.5,1010.16,60.9
DKI JAKARTA,2000,Kacang_Tanah,34.0,1274.0,139.0,28.5,1010.16,60.9
DKI JAKARTA,2000,Kedelai,0.0,1274.0,139.0,28.5,1010.16,60.9
DKI JAKARTA,2000,Padi,16275.0,1274.0,139.0,28.5,1010.16,60.9
DKI JAKARTA,2000,Ubi_Jalar,0.0,1274.0,139.0,28.5,1010.16,60.9
DKI JAKARTA,2000,Ubi_Kayu,1678.0,1274.0,139.0,28.5,1010.16,60.9
DKI JAKARTA,2001,Jagung,64.0,1274.0,139.0,28.5,1010.16,60.9
DKI JAKARTA,2001,Kacang_Hijau,0.0,1274.0,139.0,28.5,1010.16,60.9
DKI JAKARTA,2001,Kacang_Tanah,20.0,1274.0,139.0,28.5,1010.16,60.9
DKI JAKARTA,2001,Kedelai,0.0,1274.0,139.0,28.5,1010.16,60.9
DKI JAKARTA,2001,Padi,16886.0,1274.0,139.0,28.5,1010.16,60.9
DKI JAKARTA,2001,Ubi_Jalar,0.0,1274.0,139.0,28.5,1010.16,60.9
DKI JAKARTA,2001,Ubi_Kayu,883.0,1274.0,139.0,28.5,1010.16,60.9
DKI JAKARTA,2002,Jagung,51.0,1274.0,139.0,28.5,1010.16,60.9
DKI JAKARTA,2002,Kacang_Hijau,0.0,1274.0,139.0,28.5,1010.16,60.9
DKI JAKARTA,2002,Kacang_Tanah,22.0,1274.0,139.0,28.5,1010.16,60.9
DKI JAKARTA,2002,Kedelai,0.0,1274.0,139.0,28.5,1010.16,60.9
DKI JAKARTA,2002,Padi,11303.0,1274.0,139.0,28.5,1010.16,60.9
DKI JAKARTA,2002,Ubi_Jalar,0.0,1274.0,139.0,28.5,1010.16,60.9
DKI JAKARTA,2002,Ubi_Kayu,1062.0,1274.0,139.0,28.5,1010.16,60.9
DKI JAKARTA,2003,Jagung,59.0,1274.0,139.0,28.5,1009.5,60.9
DKI JAKARTA,2003,Kacang_Hijau,0.0,1274.0,139.0,28.5,1009.5,60.9
DKI JAKARTA,2003,Kacang_Tanah,18.0,1274.0,139.0,28.5,1009.5,60.9
DKI JAKARTA,2003,Kedelai,0.0,1274.0,139.0,28.5,1009.5,60.9
DKI JAKARTA,2003,Padi,7558.0,1274.0,139.0,28.5,1009.5,60.9
DKI JAKARTA,2003,Ubi_Jalar,0.0,1274.0,139.0,28.5,1009.5,60.9
DKI JAKARTA,2003,Ubi_Kayu,949.0,1274.0,139.0,28.5,1009.5,60.9
DKI JAKARTA,2004,Jagung,55.0,1274.0,139.0,28.5,1009.5,60.9
DKI JAKARTA,2004,Kacang_Hijau,0.0,1274.0,139.0,28.5,1009.5,60.9
DKI JAKARTA,2004,Kacang_Tanah,24.0,1274.0,139.0,28.5,1009.5,60.9
DKI JAKARTA,2004,Kedelai,0.0,1274.0,139.0,28.5,1009.5,60.9
DKI JAKARTA,2004,Padi,13465.0,1274.0,139.0,28.5,1009.5,60.9
DKI JAKARTA,2004,Ubi_Jalar,0.0,1274.0,139.0,28.5,1009.5,60.9
DKI JAKARTA,2004,Ubi_Kayu,815.0,1274.0,139.0,28.5,1009.5,60.9
DKI JAKARTA,2005,Jagung,67.0,1274.0,139.0,28.5,1009.5,60.9
DKI JAKARTA,2005,Kacang_Hijau,0.0,1274.0,139.0,28.5,1009.5,60.9
DKI JAKARTA,2005,Kacang_Tanah,18.0,1274.0,139.0,28.5,1009.5,60.9
DKI JAKARTA,2005,Kedelai,0.0,1274.0,139.0,28.5,1009.5,60.9
DKI JAKARTA,2005,Padi,13335.0,1274.0,139.0,28.5,1009.5,60.9
DKI JAKARTA,2005,Ubi_Jalar,0.0,1274.0,139.0,28.5,1009.5,60.9
DKI JAKARTA,2005,Ubi_Kayu,791.0,1274.0,139.0,28.5,1009.5,60.9
DKI JAKARTA,2006,Jagung,66.0,1274.0,139.0,28.5,1009.5,60.9
DKI JAKARTA,2006,Kacang_Hijau,0.0,1274.0,139.0,28.5,1009.5,60.9
DKI JAKARTA,2006,Kacang_Tanah,26.0,1274.0,139.0,28.5,1009.5,60.9
DKI JAKARTA,2006,Kedelai,0.0,1274.0,139.0,28.5,1009.5,60.9
DKI JAKARTA,2006,Padi,6197.0,1274.0,139.0,28.5,1009.5,60.9
DKI JAKARTA,2006,Ubi_Jalar,0.0,1274.0,139.0,28.5,1009.5,60.9
DKI JAKARTA,2006,Ubi_Kayu,804.0,1274.0,139.0,28.5,1009.5,60.9
DKI JAKARTA,2007,Jagung,39.0,1274.0,139.0,28.5,1009.5,60.9
DKI JAKARTA,2007,Kacang_Hijau,0.0,1274.0,139.0,28.5,1009.5,60.9
DKI JAKARTA,2007,Kacang_Tanah,18.0,1274.0,139.0,28.5,1009.5,60.9
DKI JAKARTA,2007,Kedelai,0.0,1274.0,139.0,28.5,1009.5,60.9
DKI JAKARTA,2007,Padi,8002.0,1274.0,139.0,28.5,1009.5,60.9
DKI JAKARTA,2007,Ubi_Jalar,0.0,1274.0,139.0,28.5,1009.5,60.9
DKI JAKARTA,2007,Ubi_Kayu,628.0,1274.0,139.0,28.5,1009.5,60.9
DKI JAKARTA,2008,Jagung,39.0,1274.0,139.0,28.5,1009.5,60.9
DKI JAKARTA,2008,Kacang_Hijau,0.0,1274.0,139.0,28.5,1009.5,60.9
DKI JAKARTA,2008,Kacang_Tanah,17.0,1274.0,139.0,28.5,1009.5,60.9
DKI JAKARTA,2008,Kedelai,0.0,1274.0,139.0,28.5,1009.5,60.9
DKI JAKARTA,2008,Padi,8352.0,1274.0,139.0,28.5,1009.5,60.9
DKI JAKARTA,2008,Ubi_Jalar,0.0,1274.0,139.0,28.5,1009.5,60.9
DKI JAKARTA,2008,Ubi_Kayu,454.0,1274.0,139.0,28.5,1009.5,60.9
DKI JAKARTA,2009,Jagung,32.0,1274.0,139.0,28.5,1009.5,60.9
DKI JAKARTA,2009,Kacang_Hijau,0.0,1274.0,139.0,28.5,1009.5,60.9
DKI JAKARTA,2009,Kacang_Tanah,9.0,1274.0,139.0,28.5,1009.5,60.9
DKI JAKARTA,2009,Kedelai,0.0,1274.0,139.0,28.5,1009.5,60.9
DKI JAKARTA,2009,Padi,11013.0,1274.0,139.0,28.5,1009.5,60.9
DKI JAKARTA,2009,Ubi_Jalar,0.0,1274.0,139.0,28.5,1009.5,60.9
DKI JAKARTA,2009,Ubi_Kayu,305.0,1274.0,139.0,28.5,1009.5,60.9
DKI JAKARTA,2010,Jagung,31.0,1274.0,139.0,28.5,1009.5,60.9
DKI JAKARTA,2010,Kacang_Hijau,0.0,1274.0,139.0,28.5,1009.5,60.9
DKI JAKARTA,2010,Kacang_Tanah,10.0,1274.0,139.0,28.5,1009.5,60.9
DKI JAKARTA,2010,Kedelai,0.0,1274.0,139.0,28.5,1009.5,60.9
DKI JAKARTA,2010,Padi,11164.0,1274.0,139.0,28.5,1009.5,60.9
DKI JAKARTA,2010,Ubi_Jalar,0.0,1274.0,139.0,28.5,1009.5,60.9
DKI JAKARTA,2010,Ubi_Kayu,290.0,1274.0,139.0,28.5,1009.5,60.9
DKI JAKARTA,2011,Jagung,23.0,1274.0,139.0,28.5,1009.5,60.9
DKI JAKARTA,2011,Kacang_Hijau,0.0,1274.0,139.0,28.5,1009.5,60.9
DKI JAKARTA,2011,Kacang_Tanah,7.0,1274.0,139.0,28.5,1009.5,60.9
DKI JAKARTA,2011,Kedelai,0.0,1274.0,139.0,28.5,1009.5,60.9
DKI JAKARTA,2011,Padi,9516.0,1274.0,139.0,28.5,1009.5,60.9
DKI JAKARTA,2011,Ubi_Jalar,0.0,1274.0,139.0,28.5,1009.5,60.9
DKI JAKARTA,2011,Ubi_Kayu,176.0,1274.0,139.0,28.5,1009.5,60.9
DKI JAKARTA,2012,Jagung,6.0,1570.0,139.0,28.1,1010.0,55.7
DKI JAKARTA,2012,Kacang_Hijau,0.0,1570.0,139.0,28.1,1010.0,55.7
DKI JAKARTA,2012,Kacang_Tanah,1.0,1570.0,139.0,28.1,1010.0,55.7
DKI JAKARTA,2012,Kedelai,0.0,1570.0,139.0,28.1,1010.0,55.7
DKI JAKARTA,2012,Padi,11044.0,1570.0,139.0,28.1,1010.0,55.7
DKI JAKARTA,2012,Ubi_Jalar,0.0,1570.0,139.0,28.1,1010.0,55.7
DKI JAKARTA,2012,Ubi_Kayu,47.0,1570.0,139.0,28.1,1010.0,55.7
DKI JAKARTA,2013,Jagung,4.0,2524.6,172.0,28.2,1009.7,48.3
DKI JAKARTA,2013,Kacang_Hijau,0.0,2524.6,172.0,28.2,1009.7,48.3
DKI JAKARTA,2013,Kacang_Tanah,1.0,2524.6,172.0,28.2,1009.7,48.3
DKI JAKARTA,2013,Kedelai,0.0,2524.6,172.0,28.2,1009.7,48.3
DKI JAKARTA,2013,Padi,10268.0,2524.6,172.0,28.2,1009.7,48.3
DKI JAKARTA,2013,Ubi_Jalar,0.0,2524.6,172.0,28.2,1009.7,48.3
DKI JAKARTA,2013,Ubi_Kayu,31.0,2524.6,172.0,28.2,1009.7,48.3
DKI JAKARTA,2014,Jagung,2.0,2908.0,157.0,28.4,1010.4,49.8
DKI JAKARTA,2014,Kacang_Hijau,0.0,2908.0,157.0,28.4,1010.4,49.8
DKI JAKARTA,2014,Kacang_Tanah,0.0,2908.0,157.0,28.4,1010.4,49.8
DKI JAKARTA,2014,Kedelai,0.0,2908.0,157.0,28.4,1010.4,49.8
DKI JAKARTA,2014,Padi,8314.0,2908.0,157.0,28.4,1010.4,49.8
DKI JAKARTA,2014,Ubi_Jalar,0.0,2908.0,157.0,28.4,1010.4,49.8
DKI JAKARTA,2014,Ubi_Kayu,16.0,2908.0,157.0,28.4,1010.4,49.8
DKI JAKARTA,2015,Jagung,0.0,2169.5,121.0,28.4,1011.0,60.12
DKI JAKARTA,2015,Kacang_Hijau,0.0,2169.5,121.0,28.4,1011.0,60.12
DKI JAKARTA,2015,Kacang_Tanah,0.0,2169.5,121.0,28.4,1011.0,60.12
DKI JAKARTA,2015,Kedelai,0.0,2169.5,121.0,28.4,1011.0,60.12
DKI JAKARTA,2015,Padi,6361.0,2169.5,121.0,28.4,1011.0,60.12
DKI JAKARTA,2015,Ubi_Jalar,0.0,2169.5,121.0,28.4,1011.0,60.12
DKI JAKARTA,2015,Ubi_Kayu,0.0,2169.5,121.0,28.4,1011.0,60.12
GORONTALO,2000,Jagung,81720.0,1980.2,77.0,28.02,1008.56,62.3
GORONTALO,2000,Kacang_Hijau,249.0,1980.2,77.0,28.02,1008.56,62.3
GORONTALO,2000,Kacang_Tanah,3627.0,1980.2,77.0,28.02,1008.56,62.3
GORONTALO,2000,Kedelai,2173.0,1980.2,77.0,28.02,1008.56,62.3
GORONTALO,2000,Padi,158871.0,1980.2,77.0,28.02,1008.56,62.3
GORONTALO,2000,Ubi_Jalar,5315.0,1980.2,77.0,28.02,1008.56,62.3
GORONTALO,2000,Ubi_Kayu,12195.0,1980.2,77.0,28.02,1008.56,62.3
GORONTALO,2001,Jagung,81720.0,1980.2,77.0,28.02,1008.56,62.3
GORONTALO,2001,Kacang_Hijau,249.0,1980.2,77.0,28.02,1008.56,62.3
GORONTALO,2001,Kacang_Tanah,3627.0,1980.2,77.0,28.02,1008.56,62.3
GORONTALO,2001,Kedelai,2173.0,1980.2,77.0,28.02,1008.56,62.3
GORONTALO,2001,Padi,158871.0,1980.2,77.0,28.02,1008.56,62.3
GORONTALO,2001,Ubi_Jalar,5315.0,1980.2,77.0,28.02,1008.56,62.3
GORONTALO,2001,Ubi_Kayu,12195.0,1980.2,77.0,28.02,1008.56,62.3
GORONTALO,2002,Jagung,130251.0,1118.3,77.0,28.05,1008.56,62.3
GORONTALO,2002,Kacang_Hijau,249.0,1118.3,77.0,28.05,1008.56,62.3
GORONTALO,2002,Kacang_Tanah,2328.0,1118.3,77.0,28.05,1008.56,62.3
GORONTALO,2002,Kedelai,1849.0,1118.3,77.0,28.05,1008.56,62.3
GORONTALO,2002,Padi,153222.0,1118.3,77.0,28.05,1008.56,62.3
GORONTALO,2002,Ubi_Jalar,4293.0,1118.3,77.0,28.05,1008.56,62.3
GORONTALO,2002,Ubi_Kayu,9755.0,1118.3,77.0,28.05,1008.56,62.3
GORONTALO,2003,Jagung,183998.0,1816.3,77.0,29.09,1008.56,62.3
GORONTALO,2003,Kacang_Hijau,745.0,1816.3,77.0,29.09,1008.56,62.3
GORONTALO,2003,Kacang_Tanah,3189.0,1816.3,77.0,29.09,1008.56,62.3
GORONTALO,2003,Kedelai,542.0,1816.3,77.0,29.09,1008.56,62.3
GORONTALO,2003,Padi,156158.0,1816.3,77.0,29.09,1008.56,62.3
GORONTALO,2003,Ubi_Jalar,3721.0,1816.3,77.0,29.09,1008.56,62.3
GORONTALO,2003,Ubi_Kayu,9436.0,1816.3,77.0,29.09,1008.56,62.3
GORONTALO,2004,Jagung,251214.0,1035.65,77.0,29.29,1008.56,62.3
GORONTALO,2004,Kacang_Hijau,865.0,1035.65,77.0,29.29,1008.56,62.3
GORONTALO,2004,Kacang_Tanah,5536.0,1035.65,77.0,29.29,1008.56,62.3
GORONTALO,2004,Kedelai,1283.0,1035.65,77.0,29.29,1008.56,62.3
GORONTALO,2004,Padi,163094.0,1035.65,77.0,29.29,1008.56,62.3
GORONTALO,2004,Ubi_Jalar,5384.0,1035.65,77.0,29.29,1008.56,62.3
GORONTALO,2004,Ubi_Kayu,14507.0,1035.65,77.0,29.29,1008.56,62.3
GORONTALO,2005,Jagung,400046.0,255.0,77.0,27.0,1010.2,62.3
GORONTALO,2005,Kacang_Hijau,726.0,255.0,77.0,27.0,1010.2,62.3
GORONTALO,2005,Kacang_Tanah,5378.0,255.0,77.0,27.0,1010.2,62.3
GORONTALO,2005,Kedelai,4039.0,255.0,77.0,27.0,1010.2,62.3
GORONTALO,2005,Padi,167152.0,255.0,77.0,27.0,1010.2,62.3
GORONTALO,2005,Ubi_Jalar,3309.0,255.0,77.0,27.0,1010.2,62.3
GORONTALO,2005,Ubi_Kayu,12211.0,255.0,77.0,27.0,1010.2,62.3
GORONTALO,2006,Jagung,416222.0,677.0,77.0,26.9,1009.9,62.3
GORONTALO,2006,Kacang_Hijau,621.0,677.0,77.0,26.9,1009.9,62.3
GORONTALO,2006,Kacang_Tanah,2862.0,677.0,77.0,26.9,1009.9,62.3
GORONTALO,2006,Kedelai,6734.0,677.0,77.0,26.9,1009.9,62.3
GORONTALO,2006,Padi,192583.0,677.0,77.0,26.9,1009.9,62.3
GORONTALO,2006,Ubi_Jalar,3557.0,677.0,77.0,26.9,1009.9,62.3
GORONTALO,2006,Ubi_Kayu,9410.0,677.0,77.0,26.9,1009.9,62.3
GORONTALO,2007,Jagung,572785.0,1781.0,185.0,28.6,1010.0,61.8
GORONTALO,2007,Kacang_Hijau,515.0,1781.0,185.0,28.6,1010.0,61.8
GORONTALO,2007,Kacang_Tanah,3336.0,1781.0,185.0,28.6,1010.0,61.8
GORONTALO,2007,Kedelai,5694.0,1781.0,185.0,28.6,1010.0,61.8
GORONTALO,2007,Padi,200421.0,1781.0,185.0,28.6,1010.0,61.8
GORONTALO,2007,Ubi_Jalar,2974.0,1781.0,185.0,28.6,1010.0,61.8
GORONTALO,2007,Ubi_Kayu,7432.0,1781.0,185.0,28.6,1010.0,61.8
GORONTALO,2008,Jagung,753598.0,2289.0,248.0,26.5,1009.9,57.1
GORONTALO,2008,Kacang_Hijau,411.0,2289.0,248.0,26.5,1009.9,57.1
GORONTALO,2008,Kacang_Tanah,1849.0,2289.0,248.0,26.5,1009.9,57.1
GORONTALO,2008,Kedelai,2514.0,2289.0,248.0,26.5,1009.9,57.1
GORONTALO,2008,Padi,237873.0,2289.0,248.0,26.5,1009.9,57.1
GORONTALO,2008,Ubi_Jalar,3947.0,2289.0,248.0,26.5,1009.9,57.1
GORONTALO,2008,Ubi_Kayu,9215.0,2289.0,248.0,26.5,1009.9,57.1
GORONTALO,2009,Jagung,569110.0,1245.0,159.0,27.3,1009.6,65.4
GORONTALO,2009,Kacang_Hijau,287.0,1245.0,159.0,27.3,1009.6,65.4
GORONTALO,2009,Kacang_Tanah,1655.0,1245.0,159.0,27.3,1009.6,65.4
GORONTALO,2009,Kedelai,5527.0,1245.0,159.0,27.3,1009.6,65.4
GORONTALO,2009,Padi,256934.0,1245.0,159.0,27.3,1009.6,65.4
GORONTALO,2009,Ubi_Jalar,3456.0,1245.0,159.0,27.3,1009.6,65.4
GORONTALO,2009,Ubi_Kayu,7117.0,1245.0,159.0,27.3,1009.6,65.4
GORONTALO,2010,Jagung,679167.0,1758.5,187.0,27.15,1009.65,63.15
GORONTALO,2010,Kacang_Hijau,281.0,1758.5,187.0,27.15,1009.65,63.15
GORONTALO,2010,Kacang_Tanah,2261.0,1758.5,187.0,27.15,1009.65,63.15
GORONTALO,2010,Kedelai,3403.0,1758.5,187.0,27.15,1009.65,63.15
GORONTALO,2010,Padi,253563.0,1758.5,187.0,27.15,1009.65,63.15
GORONTALO,2010,Ubi_Jalar,2926.0,1758.5,187.0,27.15,1009.65,63.15
GORONTALO,2010,Ubi_Kayu,6171.0,1758.5,187.0,27.15,1009.65,63.15
GORONTALO,2011,Jagung,605782.0,2272.0,215.0,27.0,1009.7,60.9
GORONTALO,2011,Kacang_Hijau,219.0,2272.0,215.0,27.0,1009.7,60.9
GORONTALO,2011,Kacang_Tanah,979.0,2272.0,215.0,27.0,1009.7,60.9
GORONTALO,2011,Kedelai,2156.0,2272.0,215.0,27.0,1009.7,60.9
GORONTALO,2011,Padi,273921.0,2272.0,215.0,27.0,1009.7,60.9
GORONTALO,2011,Ubi_Jalar,2565.0,2272.0,215.0,27.0,1009.7,60.9
GORONTALO,2011,Ubi_Kayu,5910.0,2272.0,215.0,27.0,1009.7,60.9
GORONTALO,2012,Jagung,644754.0,1775.0,207.0,27.0,1009.6,50.2
GORONTALO,2012,Kacang_Hijau,198.0,1775.0,207.0,27.0,1009.6,50.2
GORONTALO,2012,Kacang_Tanah,1126.0,1775.0,207.0,27.0,1009.6,50.2
GORONTALO,2012,Kedelai,3451.0,1775.0,207.0,27.0,1009.6,50.2
GORONTALO,2012,Padi,245786.0,1775.0,207.0,27.0,1009.6,50.2
GORONTALO,2012,Ubi_Jalar,2002.0,1775.0,207.0,27.0,1009.6,50.2
GORONTALO,2012,Ubi_Kayu,3776.0,1775.0,207.0,27.0,1009.6,50.2
GORONTALO,2013,Jagung,669094.0,1775.0,207.0,27.0,1009.6,50.16
GORONTALO,2013,Kacang_Hijau,182.0,1775.0,207.0,27.0,1009.6,50.16
GORONTALO,2013,Kacang_Tanah,1282.0,1775.0,207.0,27.0,1009.6,50.16
GORONTALO,2013,Kedelai,4411.0,1775.0,207.0,27.0,1009.6,50.16
GORONTALO,2013,Padi,295913.0,1775.0,207.0,27.0,1009.6,50.16
GORONTALO,2013,Ubi_Jalar,2007.0,1775.0,207.0,27.0,1009.6,50.16
GORONTALO,2013,Ubi_Kayu,4537.0,1775.0,207.0,27.0,1009.6,50.16
GORONTALO,2014,Jagung,656303.0,1404.3,152.0,26.7,1010.2,69.0
GORONTALO,2014,Kacang_Hijau,160.0,1404.3,152.0,26.7,1010.2,69.0
GORONTALO,2014,Kacang_Tanah,1019.0,1404.3,152.0,26.7,1010.2,69.0
GORONTALO,2014,Kedelai,3807.0,1404.3,152.0,26.7,1010.2,69.0
GORONTALO,2014,Padi,313566.0,1404.3,152.0,26.7,1010.2,69.0
GORONTALO,2014,Ubi_Jalar,1720.0,1404.3,152.0,26.7,1010.2,69.0
GORONTALO,2014,Ubi_Kayu,3595.0,1404.3,152.0,26.7,1010.2,69.0
GORONTALO,2015,Jagung,643512.0,870.6,76.0,27.3,1011.0,75.19
GORONTALO,2015,Kacang_Hijau,138.0,870.6,76.0,27.3,1011.0,75.19
GORONTALO,2015,Kacang_Tanah,756.0,870.6,76.0,27.3,1011.0,75.19
GORONTALO,2015,Kedelai,3203.0,870.6,76.0,27.3,1011.0,75.19
GORONTALO,2015,Padi,331220.0,870.6,76.0,27.3,1011.0,75.19
GORONTALO,2015,Ubi_Jalar,1434.0,870.6,76.0,27.3,1011.0,75.19
GORONTALO,2015,Ubi_Kayu,2653.0,870.6,76.0,27.3,1011.0,75.19
JAMBI,2000,Jagung,24875.0,840.3,34.0,27.76,1010.64,48.5
JAMBI,2000,Kacang_Hijau,801.0,840.3,34.0,27.76,1010.64,48.5
JAMBI,2000,Kacang_Tanah,2614.0,840.3,34.0,27.76,1010.64,48.5
JAMBI,2000,Kedelai,4233.0,840.3,34.0,27.76,1010.64,48.5
JAMBI,2000,Padi,536779.0,840.3,34.0,27.76,1010.64,48.5
JAMBI,2000,Ubi_Jalar,14266.0,840.3,34.0,27.76,1010.64,48.5
JAMBI,2000,Ubi_Kayu,54594.0,840.3,34.0,27.76,1010.64,48.5
JAMBI,2001,Jagung,23975.0,2515.2,34.0,28.12,1010.64,48.5
JAMBI,2001,Kacang_Hijau,1032.0,2515.2,34.0,28.12,1010.64,48.5
JAMBI,2001,Kacang_Tanah,2614.0,2515.2,34.0,28.12,1010.64,48.5
JAMBI,2001,Kedelai,2359.0,2515.2,34.0,28.12,1010.64,48.5
JAMBI,2001,Padi,556564.0,2515.2,34.0,28.12,1010.64,48.5
JAMBI,2001,Ubi_Jalar,14725.0,2515.2,34.0,28.12,1010.64,48.5
JAMBI,2001,Ubi_Kayu,54605.0,2515.2,34.0,28.12,1010.64,48.5
JAMBI,2002,Jagung,26722.0,2044.5,34.0,28.82,1010.64,48.5
JAMBI,2002,Kacang_Hijau,1093.0,2044.5,34.0,28.82,1010.64,48.5
JAMBI,2002,Kacang_Tanah,1807.0,2044.5,34.0,28.82,1010.64,48.5
JAMBI,2002,Kedelai,3772.0,2044.5,34.0,28.82,1010.64,48.5
JAMBI,2002,Padi,561007.0,2044.5,34.0,28.82,1010.64,48.5
JAMBI,2002,Ubi_Jalar,16817.0,2044.5,34.0,28.82,1010.64,48.5
JAMBI,2002,Ubi_Kayu,52516.0,2044.5,34.0,28.82,1010.64,48.5
JAMBI,2003,Jagung,27077.0,2508.1,34.0,29.39,1010.64,48.5
JAMBI,2003,Kacang_Hijau,595.0,2508.1,34.0,29.39,1010.64,48.5
JAMBI,2003,Kacang_Tanah,1993.0,2508.1,34.0,29.39,1010.64,48.5
JAMBI,2003,Kedelai,3992.0,2508.1,34.0,29.39,1010.64,48.5
JAMBI,2003,Padi,578346.0,2508.1,34.0,29.39,1010.64,48.5
JAMBI,2003,Ubi_Jalar,22000.0,2508.1,34.0,29.39,1010.64,48.5
JAMBI,2003,Ubi_Kayu,52602.0,2508.1,34.0,29.39,1010.64,48.5
JAMBI,2004,Jagung,27540.0,1761.9,34.0,28.95,1010.64,48.5
JAMBI,2004,Kacang_Hijau,614.0,1761.9,34.0,28.95,1010.64,48.5
JAMBI,2004,Kacang_Tanah,2220.0,1761.9,34.0,28.95,1010.64,48.5
JAMBI,2004,Kedelai,2532.0,1761.9,34.0,28.95,1010.64,48.5
JAMBI,2004,Padi,579404.0,1761.9,34.0,28.95,1010.64,48.5
JAMBI,2004,Ubi_Jalar,27325.0,1761.9,34.0,28.95,1010.64,48.5
JAMBI,2004,Ubi_Kayu,44446.0,1761.9,34.0,28.95,1010.64,48.5
JAMBI,2005,Jagung,29679.0,1015.7,34.0,26.8,1010.79,48.5
JAMBI,2005,Kacang_Hijau,670.0,1015.7,34.0,26.8,1010.79,48.5
JAMBI,2005,Kacang_Tanah,2315.0,1015.7,34.0,26.8,1010.79,48.5
JAMBI,2005,Kedelai,2863.0,1015.7,34.0,26.8,1010.79,48.5
JAMBI,2005,Padi,579635.0,1015.7,34.0,26.8,1010.79,48.5
JAMBI,2005,Ubi_Jalar,28370.0,1015.7,34.0,26.8,1010.79,48.5
JAMBI,2005,Ubi_Kayu,39780.0,1015.7,34.0,26.8,1010.79,48.5
JAMBI,2006,Jagung,29288.0,424.7,34.0,26.77,1010.95,48.5
JAMBI,2006,Kacang_Hijau,600.0,424.7,34.0,26.77,1010.95,48.5
JAMBI,2006,Kacang_Tanah,2431.0,424.7,34.0,26.77,1010.95,48.5
JAMBI,2006,Kedelai,3443.0,424.7,34.0,26.77,1010.95,48.5
JAMBI,2006,Padi,544597.0,424.7,34.0,26.77,1010.95,48.5
JAMBI,2006,Ubi_Jalar,29261.0,424.7,34.0,26.77,1010.95,48.5
JAMBI,2006,Ubi_Kayu,40779.0,424.7,34.0,26.77,1010.95,48.5
JAMBI,2007,Jagung,30028.0,2394.0,207.0,26.6,1011.1,46.3
JAMBI,2007,Kacang_Hijau,566.0,2394.0,207.0,26.6,1011.1,46.3
JAMBI,2007,Kacang_Tanah,2501.0,2394.0,207.0,26.6,1011.1,46.3
JAMBI,2007,Kedelai,4316.0,2394.0,207.0,26.6,1011.1,46.3
JAMBI,2007,Padi,58663.0,2394.0,207.0,26.6,1011.1,46.3
JAMBI,2007,Ubi_Jalar,36363.0,2394.0,207.0,26.6,1011.1,46.3
JAMBI,2007,Ubi_Kayu,44794.0,2394.0,207.0,26.6,1011.1,46.3
JAMBI,2008,Jagung,34616.0,2230.0,230.0,26.5,1011.0,50.8
JAMBI,2008,Kacang_Hijau,535.0,2230.0,230.0,26.5,1011.0,50.8
JAMBI,2008,Kacang_Tanah,2367.0,2230.0,230.0,26.5,1011.0,50.8
JAMBI,2008,Kedelai,5969.0,2230.0,230.0,26.5,1011.0,50.8
JAMBI,2008,Padi,581704.0,2230.0,230.0,26.5,1011.0,50.8
JAMBI,2008,Ubi_Jalar,21825.0,2230.0,230.0,26.5,1011.0,50.8
JAMBI,2008,Ubi_Kayu,36905.0,2230.0,230.0,26.5,1011.0,50.8
JAMBI,2009,Jagung,38169.0,2299.0,189.0,27.1,1011.2,50.1
JAMBI,2009,Kacang_Hijau,465.0,2299.0,189.0,27.1,1011.2,50.1
JAMBI,2009,Kacang_Tanah,2184.0,2299.0,189.0,27.1,1011.2,50.1
JAMBI,2009,Kedelai,9132.0,2299.0,189.0,27.1,1011.2,50.1
JAMBI,2009,Padi,644947.0,2299.0,189.0,27.1,1011.2,50.1
JAMBI,2009,Ubi_Jalar,20614.0,2299.0,189.0,27.1,1011.2,50.1
JAMBI,2009,Ubi_Kayu,39355.0,2299.0,189.0,27.1,1011.2,50.1
JAMBI,2010,Jagung,30691.0,3207.0,253.0,27.1,1010.8,52.1
JAMBI,2010,Kacang_Hijau,462.0,3207.0,253.0,27.1,1010.8,52.1
JAMBI,2010,Kacang_Tanah,1782.0,3207.0,253.0,27.1,1010.8,52.1
JAMBI,2010,Kedelai,5320.0,3207.0,253.0,27.1,1010.8,52.1
JAMBI,2010,Padi,628828.0,3207.0,253.0,27.1,1010.8,52.1
JAMBI,2010,Ubi_Jalar,21156.0,3207.0,253.0,27.1,1010.8,52.1
JAMBI,2010,Ubi_Kayu,39564.0,3207.0,253.0,27.1,1010.8,52.1
JAMBI,2011,Jagung,25521.0,2295.0,209.0,26.9,1010.2,54.1
JAMBI,2011,Kacang_Hijau,445.0,2295.0,209.0,26.9,1010.2,54.1
JAMBI,2011,Kacang_Tanah,1680.0,2295.0,209.0,26.9,1010.2,54.1
JAMBI,2011,Kedelai,5668.0,2295.0,209.0,26.9,1010.2,54.1
JAMBI,2011,Padi,646641.0,2295.0,209.0,26.9,1010.2,54.1
JAMBI,2011,Ubi_Jalar,68735.0,2295.0,209.0,26.9,1010.2,54.1
JAMBI,2011,Ubi_Kayu,40462.0,2295.0,209.0,26.9,1010.2,54.1
JAMBI,2012,Jagung,25571.0,1874.0,191.0,26.7,1007.25,50.3
JAMBI,2012,Kacang_Hijau,381.0,1874.0,191.0,26.7,1007.25,50.3
JAMBI,2012,Kacang_Tanah,1535.0,1874.0,191.0,26.7,1007.25,50.3
JAMBI,2012,Kedelai,3516.0,1874.0,191.0,26.7,1007.25,50.3
JAMBI,2012,Padi,625164.0,1874.0,191.0,26.7,1007.25,50.3
JAMBI,2012,Ubi_Jalar,80057.0,1874.0,191.0,26.7,1007.25,50.3
JAMBI,2012,Ubi_Kayu,38978.0,1874.0,191.0,26.7,1007.25,50.3
JAMBI,2013,Jagung,25690.0,2093.6,229.0,26.8,1010.91,36.06
JAMBI,2013,Kacang_Hijau,262.0,2093.6,229.0,26.8,1010.91,36.06
JAMBI,2013,Kacang_Tanah,1513.0,2093.6,229.0,26.8,1010.91,36.06
JAMBI,2013,Kedelai,2372.0,2093.6,229.0,26.8,1010.91,36.06
JAMBI,2013,Padi,664535.0,2093.6,229.0,26.8,1010.91,36.06
JAMBI,2013,Ubi_Jalar,68187.0,2093.6,229.0,26.8,1010.91,36.06
JAMBI,2013,Ubi_Kayu,33291.0,2093.6,229.0,26.8,1010.91,36.06
JAMBI,2014,Jagung,38701.0,1781.0,199.0,27.2,1011.8,33.24
JAMBI,2014,Kacang_Hijau,196.0,1781.0,199.0,27.2,1011.8,33.24
JAMBI,2014,Kacang_Tanah,1344.0,1781.0,199.0,27.2,1011.8,33.24
JAMBI,2014,Kedelai,4552.0,1781.0,199.0,27.2,1011.8,33.24
JAMBI,2014,Padi,603010.0,1781.0,199.0,27.2,1011.8,33.24
JAMBI,2014,Ubi_Jalar,73790.0,1781.0,199.0,27.2,1011.8,33.24
JAMBI,2014,Ubi_Kayu,38362.0,1781.0,199.0,27.2,1011.8,33.24
JAMBI,2015,Jagung,51712.0,1694.9,135.0,27.0,1011.4,51.97
JAMBI,2015,Kacang_Hijau,129.0,1694.9,135.0,27.0,1011.4,51.97
JAMBI,2015,Kacang_Tanah,1176.0,1694.9,135.0,27.0,1011.4,51.97
JAMBI,2015,Kedelai,6732.0,1694.9,135.0,27.0,1011.4,51.97
JAMBI,2015,Padi,541486.0,1694.9,135.0,27.0,1011.4,51.97
JAMBI,2015,Ubi_Jalar,79393.0,1694.9,135.0,27.0,1011.4,51.97
JAMBI,2015,Ubi_Kayu,43433.0,1694.9,135.0,27.0,1011.4,51.97
JAWA BARAT,2000,Jagung,412020.0,1545.2,123.0,28.05,1010.55,54.6
JAWA BARAT,2000,Kacang_Hijau,14853.0,1545.2,123.0,28.05,1010.55,54.6
JAWA BARAT,2000,Kacang_Tanah,109368.0,1545.2,123.0,28.05,1010.55,54.6
JAWA BARAT,2000,Kedelai,55075.0,1545.2,123.0,28.05,1010.55,54.6
JAWA BARAT,2000,Padi,10749868.0,1545.2,123.0,28.05,1010.55,54.6
JAWA BARAT,2000,Ubi_Jalar,386042.0,1545.2,123.0,28.05,1010.55,54.6
JAWA BARAT,2000,Ubi_Kayu,1815520.0,1545.2,123.0,28.05,1010.55,54.6
JAWA BARAT,2001,Jagung,361061.0,1763.67,123.0,28.29,1010.55,54.6
JAWA BARAT,2001,Kacang_Hijau,12732.0,1763.67,123.0,28.29,1010.55,54.6
JAWA BARAT,2001,Kacang_Tanah,86063.0,1763.67,123.0,28.29,1010.55,54.6
JAWA BARAT,2001,Kedelai,34603.0,1763.67,123.0,28.29,1010.55,54.6
JAWA BARAT,2001,Padi,9237593.0,1763.67,123.0,28.29,1010.55,54.6
JAWA BARAT,2001,Ubi_Jalar,311742.0,1763.67,123.0,28.29,1010.55,54.6
JAWA BARAT,2001,Ubi_Kayu,1569846.0,1763.67,123.0,28.29,1010.55,54.6
JAWA BARAT,2002,Jagung,464264.0,1982.13,123.0,28.53,1010.55,54.6
JAWA BARAT,2002,Kacang_Hijau,12602.0,1982.13,123.0,28.53,1010.55,54.6
JAWA BARAT,2002,Kacang_Tanah,86468.0,1982.13,123.0,28.53,1010.55,54.6
JAWA BARAT,2002,Kedelai,29790.0,1982.13,123.0,28.53,1010.55,54.6
JAWA BARAT,2002,Padi,9166872.0,1982.13,123.0,28.53,1010.55,54.6
JAWA BARAT,2002,Ubi_Jalar,389511.0,1982.13,123.0,28.53,1010.55,54.6
JAWA BARAT,2002,Ubi_Kayu,1800257.0,1982.13,123.0,28.53,1010.55,54.6
JAWA BARAT,2003,Jagung,443729.0,2200.6,123.0,28.77,1010.55,54.6
JAWA BARAT,2003,Kacang_Hijau,10519.0,2200.6,123.0,28.77,1010.55,54.6
JAWA BARAT,2003,Kacang_Tanah,90170.0,2200.6,123.0,28.77,1010.55,54.6
JAWA BARAT,2003,Kedelai,19822.0,2200.6,123.0,28.77,1010.55,54.6
JAWA BARAT,2003,Padi,8776889.0,2200.6,123.0,28.77,1010.55,54.6
JAWA BARAT,2003,Ubi_Jalar,346987.0,2200.6,123.0,28.77,1010.55,54.6
JAWA BARAT,2003,Ubi_Kayu,1651879.0,2200.6,123.0,28.77,1010.55,54.6
JAWA BARAT,2004,Jagung,549442.0,1998.45,123.0,28.49,1010.55,54.6
JAWA BARAT,2004,Kacang_Hijau,13950.0,1998.45,123.0,28.49,1010.55,54.6
JAWA BARAT,2004,Kacang_Tanah,97724.0,1998.45,123.0,28.49,1010.55,54.6
JAWA BARAT,2004,Kedelai,29090.0,1998.45,123.0,28.49,1010.55,54.6
JAWA BARAT,2004,Padi,9602302.0,1998.45,123.0,28.49,1010.55,54.6
JAWA BARAT,2004,Ubi_Jalar,389640.0,1998.45,123.0,28.49,1010.55,54.6
JAWA BARAT,2004,Ubi_Kayu,2074022.0,1998.45,123.0,28.49,1010.55,54.6
JAWA BARAT,2005,Jagung,587186.0,1796.3,123.0,24.95,1007.25,54.6
JAWA BARAT,2005,Kacang_Hijau,15611.0,1796.3,123.0,24.95,1007.25,54.6
JAWA BARAT,2005,Kacang_Tanah,100775.0,1796.3,123.0,24.95,1007.25,54.6
JAWA BARAT,2005,Kedelai,23845.0,1796.3,123.0,24.95,1007.25,54.6
JAWA BARAT,2005,Padi,9787217.0,1796.3,123.0,24.95,1007.25,54.6
JAWA BARAT,2005,Ubi_Jalar,390386.0,1796.3,123.0,24.95,1007.25,54.6
JAWA BARAT,2005,Ubi_Kayu,2068981.0,1796.3,123.0,24.95,1007.25,54.6
JAWA BARAT,2006,Jagung,573263.0,1368.0,123.0,24.95,1007.25,54.6
JAWA BARAT,2006,Kacang_Hijau,13228.0,1368.0,123.0,24.95,1007.25,54.6
JAWA BARAT,2006,Kacang_Tanah,91817.0,1368.0,123.0,24.95,1007.25,54.6
JAWA BARAT,2006,Kedelai,24495.0,1368.0,123.0,24.95,1007.25,54.6
JAWA BARAT,2006,Padi,9418572.0,1368.0,123.0,24.95,1007.25,54.6
JAWA BARAT,2006,Ubi_Jalar,389043.0,1368.0,123.0,24.95,1007.25,54.6
JAWA BARAT,2006,Ubi_Kayu,2044674.0,1368.0,123.0,24.95,1007.25,54.6
JAWA BARAT,2007,Jagung,577513.0,2219.0,206.0,24.95,1007.25,62.5
JAWA BARAT,2007,Kacang_Hijau,12061.0,2219.0,206.0,24.95,1007.25,62.5
JAWA BARAT,2007,Kacang_Tanah,91439.0,2219.0,206.0,24.95,1007.25,62.5
JAWA BARAT,2007,Kedelai,17438.0,2219.0,206.0,24.95,1007.25,62.5
JAWA BARAT,2007,Padi,9914019.0,2219.0,206.0,24.95,1007.25,62.5
JAWA BARAT,2007,Ubi_Jalar,375714.0,2219.0,206.0,24.95,1007.25,62.5
JAWA BARAT,2007,Ubi_Kayu,1922840.0,2219.0,206.0,24.95,1007.25,62.5
JAWA BARAT,2008,Jagung,639822.0,2001.0,201.0,24.95,1007.25,56.8
JAWA BARAT,2008,Kacang_Hijau,12187.0,2001.0,201.0,24.95,1007.25,56.8
JAWA BARAT,2008,Kacang_Tanah,78512.0,2001.0,201.0,24.95,1007.25,56.8
JAWA BARAT,2008,Kedelai,32921.0,2001.0,201.0,24.95,1007.25,56.8
JAWA BARAT,2008,Padi,10111069.0,2001.0,201.0,24.95,1007.25,56.8
JAWA BARAT,2008,Ubi_Jalar,376490.0,2001.0,201.0,24.95,1007.25,56.8
JAWA BARAT,2008,Ubi_Kayu,2034854.0,2001.0,201.0,24.95,1007.25,56.8
JAWA BARAT,2009,Jagung,787599.0,2098.0,206.0,24.95,1007.25,62.1
JAWA BARAT,2009,Kacang_Hijau,16195.0,2098.0,206.0,24.95,1007.25,62.1
JAWA BARAT,2009,Kacang_Tanah,89454.0,2098.0,206.0,24.95,1007.25,62.1
JAWA BARAT,2009,Kedelai,60257.0,2098.0,206.0,24.95,1007.25,62.1
JAWA BARAT,2009,Padi,11322681.0,2098.0,206.0,24.95,1007.25,62.1
JAWA BARAT,2009,Ubi_Jalar,469646.0,2098.0,206.0,24.95,1007.25,62.1
JAWA BARAT,2009,Ubi_Kayu,2086187.0,2098.0,206.0,24.95,1007.25,62.1
JAWA BARAT,2010,Jagung,923962.0,1943.5,210.5,24.95,1007.25,61.55
JAWA BARAT,2010,Kacang_Hijau,14624.0,1943.5,210.5,24.95,1007.25,61.55
JAWA BARAT,2010,Kacang_Tanah,99058.0,1943.5,210.5,24.95,1007.25,61.55
JAWA BARAT,2010,Kedelai,55823.0,1943.5,210.5,24.95,1007.25,61.55
JAWA BARAT,2010,Padi,11737070.0,1943.5,210.5,24.95,1007.25,61.55
JAWA BARAT,2010,Ubi_Jalar,430998.0,1943.5,210.5,24.95,1007.25,61.55
JAWA BARAT,2010,Ubi_Kayu,2014402.0,1943.5,210.5,24.95,1007.25,61.55
JAWA BARAT,2011,Jagung,945104.0,1789.0,215.0,24.95,1007.25,61.0
JAWA BARAT,2011,Kacang_Hijau,14221.0,1789.0,215.0,24.95,1007.25,61.0
JAWA BARAT,2011,Kacang_Tanah,73705.0,1789.0,215.0,24.95,1007.25,61.0
JAWA BARAT,2011,Kedelai,56166.0,1789.0,215.0,24.95,1007.25,61.0
JAWA BARAT,2011,Padi,11633891.0,1789.0,215.0,24.95,1007.25,61.0
JAWA BARAT,2011,Ubi_Jalar,429378.0,1789.0,215.0,24.95,1007.25,61.0
JAWA BARAT,2011,Ubi_Kayu,2058785.0,1789.0,215.0,24.95,1007.25,61.0
JAWA BARAT,2012,Jagung,1028653.0,2510.0,219.0,24.95,1007.25,61.5
JAWA BARAT,2012,Kacang_Hijau,10198.0,2510.0,219.0,24.95,1007.25,61.5
JAWA BARAT,2012,Kacang_Tanah,76574.0,2510.0,219.0,24.95,1007.25,61.5
JAWA BARAT,2012,Kedelai,47426.0,2510.0,219.0,24.95,1007.25,61.5
JAWA BARAT,2012,Padi,11271861.0,2510.0,219.0,24.95,1007.25,61.5
JAWA BARAT,2012,Ubi_Jalar,436577.0,2510.0,219.0,24.95,1007.25,61.5
JAWA BARAT,2012,Ubi_Kayu,2131123.0,2510.0,219.0,24.95,1007.25,61.5
JAWA BARAT,2013,Jagung,1101998.0,2682.0,240.0,24.95,1007.25,59.0
JAWA BARAT,2013,Kacang_Hijau,11002.0,2682.0,240.0,24.95,1007.25,59.0
JAWA BARAT,2013,Kacang_Tanah,91573.0,2682.0,240.0,24.95,1007.25,59.0
JAWA BARAT,2013,Kedelai,51172.0,2682.0,240.0,24.95,1007.25,59.0
JAWA BARAT,2013,Padi,12083162.0,2682.0,240.0,24.95,1007.25,59.0
JAWA BARAT,2013,Ubi_Jalar,485065.0,2682.0,240.0,24.95,1007.25,59.0
JAWA BARAT,2013,Ubi_Kayu,2138532.0,2682.0,240.0,24.95,1007.25,59.0
JAWA BARAT,2014,Jagung,1030966.0,2388.0,226.0,24.95,1007.25,58.83
JAWA BARAT,2014,Kacang_Hijau,10346.0,2388.0,226.0,24.95,1007.25,58.83
JAWA BARAT,2014,Kacang_Tanah,86146.0,2388.0,226.0,24.95,1007.25,58.83
JAWA BARAT,2014,Kedelai,75055.0,2388.0,226.0,24.95,1007.25,58.83
JAWA BARAT,2014,Padi,11728153.0,2388.0,226.0,24.95,1007.25,58.83
JAWA BARAT,2014,Ubi_Jalar,470620.0,2388.0,226.0,24.95,1007.25,58.83
JAWA BARAT,2014,Ubi_Kayu,2069378.0,2388.0,226.0,24.95,1007.25,58.83
JAWA BARAT,2015,Jagung,959933.0,2199.3,177.0,24.95,1007.25,65.51
JAWA BARAT,2015,Kacang_Hijau,9691.0,2199.3,177.0,24.95,1007.25,65.51
JAWA BARAT,2015,Kacang_Tanah,80719.0,2199.3,177.0,24.95,1007.25,65.51
JAWA BARAT,2015,Kedelai,98938.0,2199.3,177.0,24.95,1007.25,65.51
JAWA BARAT,2015,Padi,11373144.0,2199.3,177.0,24.95,1007.25,65.51
JAWA BARAT,2015,Ubi_Jalar,456176.0,2199.3,177.0,24.95,1007.25,65.51
JAWA BARAT,2015,Ubi_Kayu,2000224.0,2199.3,177.0,24.95,1007.25,65.51
JAWA TENGAH,2000,Jagung,1713805.0,1574.2,39.9,28.14,1009.81,54.1
JAWA TENGAH,2000,Kacang_Hijau,76571.0,1574.2,39.9,28.14,1009.81,54.1
JAWA TENGAH,2000,Kacang_Tanah,160050.0,1574.2,39.9,28.14,1009.81,54.1
JAWA TENGAH,2000,Kedelai,204064.0,1574.2,39.9,28.14,1009.81,54.1
JAWA TENGAH,2000,Padi,8475412.0,1574.2,39.9,28.14,1009.81,54.1
JAWA TENGAH,2000,Ubi_Jalar,142275.0,1574.2,39.9,28.14,1009.81,54.1
JAWA TENGAH,2000,Ubi_Kayu,3091874.0,1574.2,39.9,28.14,1009.81,54.1
JAWA TENGAH,2001,Jagung,1553920.0,1874.0,39.9,28.84,1009.81,54.1
JAWA TENGAH,2001,Kacang_Hijau,81814.0,1874.0,39.9,28.84,1009.81,54.1
JAWA TENGAH,2001,Kacang_Tanah,161182.0,1874.0,39.9,28.84,1009.81,54.1
JAWA TENGAH,2001,Kedelai,151178.0,1874.0,39.9,28.84,1009.81,54.1
JAWA TENGAH,2001,Padi,8289927.0,1874.0,39.9,28.84,1009.81,54.1
JAWA TENGAH,2001,Ubi_Jalar,131709.0,1874.0,39.9,28.84,1009.81,54.1
JAWA TENGAH,2001,Ubi_Kayu,3234916.0,1874.0,39.9,28.84,1009.81,54.1
JAWA TENGAH,2002,Jagung,1505706.0,2173.8,39.9,29.53,1009.81,54.1
JAWA TENGAH,2002,Kacang_Hijau,81193.0,2173.8,39.9,29.53,1009.81,54.1
JAWA TENGAH,2002,Kacang_Tanah,150527.0,2173.8,39.9,29.53,1009.81,54.1
JAWA TENGAH,2002,Kedelai,117068.0,2173.8,39.9,29.53,1009.81,54.1
JAWA TENGAH,2002,Padi,8503523.0,2173.8,39.9,29.53,1009.81,54.1
JAWA TENGAH,2002,Ubi_Jalar,126890.0,2173.8,39.9,29.53,1009.81,54.1
JAWA TENGAH,2002,Ubi_Kayu,3097777.0,2173.8,39.9,29.53,1009.81,54.1
JAWA TENGAH,2003,Jagung,1926243.0,2473.6,39.9,30.15,1009.81,54.1
JAWA TENGAH,2003,Kacang_Hijau,91553.0,2473.6,39.9,30.15,1009.81,54.1
JAWA TENGAH,2003,Kacang_Tanah,174332.0,2473.6,39.9,30.15,1009.81,54.1
JAWA TENGAH,2003,Kedelai,142315.0,2473.6,39.9,30.15,1009.81,54.1
JAWA TENGAH,2003,Padi,8123839.0,2473.6,39.9,30.15,1009.81,54.1
JAWA TENGAH,2003,Ubi_Jalar,139486.0,2473.6,39.9,30.15,1009.81,54.1
JAWA TENGAH,2003,Ubi_Kayu,3469795.0,2473.6,39.9,30.15,1009.81,54.1
JAWA TENGAH,2004,Jagung,1836233.0,1802.85,39.9,29.24,1009.81,54.1
JAWA TENGAH,2004,Kacang_Hijau,2602.0,1802.85,39.9,29.24,1009.81,54.1
JAWA TENGAH,2004,Kacang_Tanah,184316.0,1802.85,39.9,29.24,1009.81,54.1
JAWA TENGAH,2004,Kedelai,113852.0,1802.85,39.9,29.24,1009.81,54.1
JAWA TENGAH,2004,Padi,8512555.0,1802.85,39.9,29.24,1009.81,54.1
JAWA TENGAH,2004,Ubi_Jalar,144076.0,1802.85,39.9,29.24,1009.81,54.1
JAWA TENGAH,2004,Ubi_Kayu,3663236.0,1802.85,39.9,29.24,1009.81,54.1
JAWA TENGAH,2005,Jagung,2191258.0,1132.1,39.9,27.9,1010.9,54.1
JAWA TENGAH,2005,Kacang_Hijau,85192.0,1132.1,39.9,27.9,1010.9,54.1
JAWA TENGAH,2005,Kacang_Tanah,185797.0,1132.1,39.9,27.9,1010.9,54.1
JAWA TENGAH,2005,Kedelai,167107.0,1132.1,39.9,27.9,1010.9,54.1
JAWA TENGAH,2005,Padi,8424096.0,1132.1,39.9,27.9,1010.9,54.1
JAWA TENGAH,2005,Ubi_Jalar,144598.0,1132.1,39.9,27.9,1010.9,54.1
JAWA TENGAH,2005,Ubi_Kayu,3478970.0,1132.1,39.9,27.9,1010.9,54.1
JAWA TENGAH,2006,Jagung,1856023.0,1142.0,39.9,27.2,1010.3,54.1
JAWA TENGAH,2006,Kacang_Hijau,96347.0,1142.0,39.9,27.2,1010.3,54.1
JAWA TENGAH,2006,Kacang_Tanah,179067.0,1142.0,39.9,27.2,1010.3,54.1
JAWA TENGAH,2006,Kedelai,132261.0,1142.0,39.9,27.2,1010.3,54.1
JAWA TENGAH,2006,Padi,8729291.0,1142.0,39.9,27.2,1010.3,54.1
JAWA TENGAH,2006,Ubi_Jalar,123485.0,1142.0,39.9,27.2,1010.3,54.1
JAWA TENGAH,2006,Ubi_Kayu,3553820.0,1142.0,39.9,27.2,1010.3,54.1
JAWA TENGAH,2007,Jagung,2233992.0,1868.0,156.0,27.9,1010.2,67.8
JAWA TENGAH,2007,Kacang_Hijau,97163.0,1868.0,156.0,27.9,1010.2,67.8
JAWA TENGAH,2007,Kacang_Tanah,174438.0,1868.0,156.0,27.9,1010.2,67.8
JAWA TENGAH,2007,Kedelai,123209.0,1868.0,156.0,27.9,1010.2,67.8
JAWA TENGAH,2007,Padi,8616855.0,1868.0,156.0,27.9,1010.2,67.8
JAWA TENGAH,2007,Ubi_Jalar,143364.0,1868.0,156.0,27.9,1010.2,67.8
JAWA TENGAH,2007,Ubi_Kayu,3410469.0,1868.0,156.0,27.9,1010.2,67.8
JAWA TENGAH,2008,Jagung,2679914.0,2690.3,186.0,27.4,1010.0,58.8
JAWA TENGAH,2008,Kacang_Hijau,90480.0,2690.3,186.0,27.4,1010.0,58.8
JAWA TENGAH,2008,Kacang_Tanah,171385.0,2690.3,186.0,27.4,1010.0,58.8
JAWA TENGAH,2008,Kedelai,167345.0,2690.3,186.0,27.4,1010.0,58.8
JAWA TENGAH,2008,Padi,9136405.0,2690.3,186.0,27.4,1010.0,58.8
JAWA TENGAH,2008,Ubi_Jalar,117159.0,2690.3,186.0,27.4,1010.0,58.8
JAWA TENGAH,2008,Ubi_Kayu,3325099.0,2690.3,186.0,27.4,1010.0,58.8
JAWA TENGAH,2009,Jagung,3057845.0,2807.0,169.0,27.9,1010.3,57.7
JAWA TENGAH,2009,Kacang_Hijau,104352.0,2807.0,169.0,27.9,1010.3,57.7
JAWA TENGAH,2009,Kacang_Tanah,162430.0,2807.0,169.0,27.9,1010.3,57.7
JAWA TENGAH,2009,Kedelai,175156.0,2807.0,169.0,27.9,1010.3,57.7
JAWA TENGAH,2009,Padi,9600415.0,2807.0,169.0,27.9,1010.3,57.7
JAWA TENGAH,2009,Ubi_Jalar,147083.0,2807.0,169.0,27.9,1010.3,57.7
JAWA TENGAH,2009,Ubi_Kayu,3676809.0,2807.0,169.0,27.9,1010.3,57.7
JAWA TENGAH,2010,Jagung,3058710.0,3228.0,219.0,27.9,1009.7,47.0
JAWA TENGAH,2010,Kacang_Hijau,77803.0,3228.0,219.0,27.9,1009.7,47.0
JAWA TENGAH,2010,Kacang_Tanah,161222.0,3228.0,219.0,27.9,1009.7,47.0
JAWA TENGAH,2010,Kedelai,187992.0,3228.0,219.0,27.9,1009.7,47.0
JAWA TENGAH,2010,Padi,10110830.0,3228.0,219.0,27.9,1009.7,47.0
JAWA TENGAH,2010,Ubi_Jalar,137723.0,3228.0,219.0,27.9,1009.7,47.0
JAWA TENGAH,2010,Ubi_Kayu,3876242.0,3228.0,219.0,27.9,1009.7,47.0
JAWA TENGAH,2011,Jagung,2772575.0,1879.0,174.0,27.7,1009.6,67.5
JAWA TENGAH,2011,Kacang_Hijau,116518.0,1879.0,174.0,27.7,1009.6,67.5
JAWA TENGAH,2011,Kacang_Tanah,122306.0,1879.0,174.0,27.7,1009.6,67.5
JAWA TENGAH,2011,Kedelai,112273.0,1879.0,174.0,27.7,1009.6,67.5
JAWA TENGAH,2011,Padi,9391959.0,1879.0,174.0,27.7,1009.6,67.5
JAWA TENGAH,2011,Ubi_Jalar,157972.0,1879.0,174.0,27.7,1009.6,67.5
JAWA TENGAH,2011,Ubi_Kayu,3501458.0,1879.0,174.0,27.7,1009.6,67.5
JAWA TENGAH,2012,Jagung,3041630.0,2248.0,164.0,28.0,1009.6,67.5
JAWA TENGAH,2012,Kacang_Hijau,111495.0,2248.0,164.0,28.0,1009.6,67.5
JAWA TENGAH,2012,Kacang_Tanah,143687.0,2248.0,164.0,28.0,1009.6,67.5
JAWA TENGAH,2012,Kedelai,152416.0,2248.0,164.0,28.0,1009.6,67.5
JAWA TENGAH,2012,Padi,10232934.0,2248.0,164.0,28.0,1009.6,67.5
JAWA TENGAH,2012,Ubi_Jalar,166978.0,2248.0,164.0,28.0,1009.6,67.5
JAWA TENGAH,2012,Ubi_Kayu,3848462.0,2248.0,164.0,28.0,1009.6,67.5
JAWA TENGAH,2013,Jagung,2930911.0,2628.0,187.0,28.0,1010.02,68.5
JAWA TENGAH,2013,Kacang_Hijau,64277.0,2628.0,187.0,28.0,1010.02,68.5
JAWA TENGAH,2013,Kacang_Tanah,128030.0,2628.0,187.0,28.0,1010.02,68.5
JAWA TENGAH,2013,Kedelai,99318.0,2628.0,187.0,28.0,1010.02,68.5
JAWA TENGAH,2013,Padi,10344816.0,2628.0,187.0,28.0,1010.02,68.5
JAWA TENGAH,2013,Ubi_Jalar,183694.0,2628.0,187.0,28.0,1010.02,68.5
JAWA TENGAH,2013,Ubi_Kayu,4089635.0,2628.0,187.0,28.0,1010.02,68.5
JAWA TENGAH,2014,Jagung,3071651.0,2628.0,187.0,28.0,1010.9,68.0
JAWA TENGAH,2014,Kacang_Hijau,81634.0,2628.0,187.0,28.0,1010.9,68.0
JAWA TENGAH,2014,Kacang_Tanah,118617.0,2628.0,187.0,28.0,1010.9,68.0
JAWA TENGAH,2014,Kedelai,114556.0,2628.0,187.0,28.0,1010.9,68.0
JAWA TENGAH,2014,Padi,10823119.0,2628.0,187.0,28.0,1010.9,68.0
JAWA TENGAH,2014,Ubi_Jalar,167503.0,2628.0,187.0,28.0,1010.9,68.0
JAWA TENGAH,2014,Ubi_Kayu,3830614.0,2628.0,187.0,28.0,1010.9,68.0
JAWA TENGAH,2015,Jagung,3212391.0,1620.7,140.0,28.5,1011.9,85.05
JAWA TENGAH,2015,Kacang_Hijau,98992.0,1620.7,140.0,28.5,1011.9,85.05
JAWA TENGAH,2015,Kacang_Tanah,109204.0,1620.7,140.0,28.5,1011.9,85.05
JAWA TENGAH,2015,Kedelai,129794.0,1620.7,140.0,28.5,1011.9,85.05
JAWA TENGAH,2015,Padi,11301422.0,1620.7,140.0,28.5,1011.9,85.05
JAWA TENGAH,2015,Ubi_Jalar,151312.0,1620.7,140.0,28.5,1011.9,85.05
JAWA TENGAH,2015,Ubi_Kayu,3571594.0,1620.7,140.0,28.5,1011.9,85.05
JAWA TIMUR,2000,Jagung,3487735.0,848.0,70.0,27.06,1009.5,80.5
JAWA TIMUR,2000,Kacang_Hijau,81321.0,848.0,70.0,27.06,1009.5,80.5
JAWA TIMUR,2000,Kacang_Tanah,180252.0,848.0,70.0,27.06,1009.5,80.5
JAWA TIMUR,2000,Kedelai,385212.0,848.0,70.0,27.06,1009.5,80.5
JAWA TIMUR,2000,Padi,9224353.0,848.0,70.0,27.06,1009.5,80.5
JAWA TIMUR,2000,Ubi_Jalar,193571.0,848.0,70.0,27.06,1009.5,80.5
JAWA TIMUR,2000,Ubi_Kayu,3622445.0,848.0,70.0,27.06,1009.5,80.5
JAWA TIMUR,2001,Jagung,3529968.0,2478.9,70.0,28.75,1009.5,80.5
JAWA TIMUR,2001,Kacang_Hijau,86747.0,2478.9,70.0,28.75,1009.5,80.5
JAWA TIMUR,2001,Kacang_Tanah,176889.0,2478.9,70.0,28.75,1009.5,80.5
JAWA TIMUR,2001,Kedelai,349188.0,2478.9,70.0,28.75,1009.5,80.5
JAWA TIMUR,2001,Padi,8672791.0,2478.9,70.0,28.75,1009.5,80.5
JAWA TIMUR,2001,Ubi_Jalar,189666.0,2478.9,70.0,28.75,1009.5,80.5
JAWA TIMUR,2001,Ubi_Kayu,4016330.0,2478.9,70.0,28.75,1009.5,80.5
JAWA TIMUR,2002,Jagung,3692146.0,1463.6,70.0,29.06,1009.5,80.5
JAWA TIMUR,2002,Kacang_Hijau,77021.0,1463.6,70.0,29.06,1009.5,80.5
JAWA TIMUR,2002,Kacang_Tanah,188001.0,1463.6,70.0,29.06,1009.5,80.5
JAWA TIMUR,2002,Kedelai,300184.0,1463.6,70.0,29.06,1009.5,80.5
JAWA TIMUR,2002,Padi,8803878.0,1463.6,70.0,29.06,1009.5,80.5
JAWA TIMUR,2002,Ubi_Jalar,168776.0,1463.6,70.0,29.06,1009.5,80.5
JAWA TIMUR,2002,Ubi_Kayu,3919854.0,1463.6,70.0,29.06,1009.5,80.5
JAWA TIMUR,2003,Jagung,4181550.0,2160.6,70.0,30.15,1009.5,80.5
JAWA TIMUR,2003,Kacang_Hijau,95709.0,2160.6,70.0,30.15,1009.5,80.5
JAWA TIMUR,2003,Kacang_Tanah,194676.0,2160.6,70.0,30.15,1009.5,80.5
JAWA TIMUR,2003,Kedelai,287205.0,2160.6,70.0,30.15,1009.5,80.5
JAWA TIMUR,2003,Padi,8914995.0,2160.6,70.0,30.15,1009.5,80.5
JAWA TIMUR,2003,Ubi_Jalar,167611.0,2160.6,70.0,30.15,1009.5,80.5
JAWA TIMUR,2003,Ubi_Kayu,3786882.0,2160.6,70.0,30.15,1009.5,80.5
JAWA TIMUR,2004,Jagung,4133762.0,1589.13,70.0,30.15,1009.5,80.5
JAWA TIMUR,2004,Kacang_Hijau,83245.0,1589.13,70.0,30.15,1009.5,80.5
JAWA TIMUR,2004,Kacang_Tanah,212325.0,1589.13,70.0,30.15,1009.5,80.5
JAWA TIMUR,2004,Kedelai,318929.0,1589.13,70.0,30.15,1009.5,80.5
JAWA TIMUR,2004,Padi,9002025.0,1589.13,70.0,30.15,1009.5,80.5
JAWA TIMUR,2004,Ubi_Jalar,165039.0,1589.13,70.0,30.15,1009.5,80.5
JAWA TIMUR,2004,Ubi_Kayu,3963478.0,1589.13,70.0,30.15,1009.5,80.5
JAWA TIMUR,2005,Jagung,4398502.0,1017.67,70.0,29.48,1011.8,80.5
JAWA TIMUR,2005,Kacang_Hijau,95527.0,1017.67,70.0,29.48,1011.8,80.5
JAWA TIMUR,2005,Kacang_Tanah,208749.0,1017.67,70.0,29.48,1011.8,80.5
JAWA TIMUR,2005,Kedelai,335106.0,1017.67,70.0,29.48,1011.8,80.5
JAWA TIMUR,2005,Padi,9007265.0,1017.67,70.0,29.48,1011.8,80.5
JAWA TIMUR,2005,Ubi_Jalar,150564.0,1017.67,70.0,29.48,1011.8,80.5
JAWA TIMUR,2005,Ubi_Kayu,4023614.0,1017.67,70.0,29.48,1011.8,80.5
JAWA TIMUR,2006,Jagung,4011182.0,446.2,70.0,28.68,1011.1,80.5
JAWA TIMUR,2006,Kacang_Hijau,77166.0,446.2,70.0,28.68,1011.1,80.5
JAWA TIMUR,2006,Kacang_Tanah,218910.0,446.2,70.0,28.68,1011.1,80.5
JAWA TIMUR,2006,Kedelai,320205.0,446.2,70.0,28.68,1011.1,80.5
JAWA TIMUR,2006,Padi,9346947.0,446.2,70.0,28.68,1011.1,80.5
JAWA TIMUR,2006,Ubi_Jalar,150540.0,446.2,70.0,28.68,1011.1,80.5
JAWA TIMUR,2006,Ubi_Kayu,3680567.0,446.2,70.0,28.68,1011.1,80.5
JAWA TIMUR,2007,Jagung,4252182.0,1515.2,141.0,29.1,1009.9,73.8
JAWA TIMUR,2007,Kacang_Hijau,80241.0,1515.2,141.0,29.1,1009.9,73.8
JAWA TIMUR,2007,Kacang_Tanah,196886.0,1515.2,141.0,29.1,1009.9,73.8
JAWA TIMUR,2007,Kedelai,252027.0,1515.2,141.0,29.1,1009.9,73.8
JAWA TIMUR,2007,Padi,9402029.0,1515.2,141.0,29.1,1009.9,73.8
JAWA TIMUR,2007,Ubi_Jalar,149811.0,1515.2,141.0,29.1,1009.9,73.8
JAWA TIMUR,2007,Ubi_Kayu,3423630.0,1515.2,141.0,29.1,1009.9,73.8
JAWA TIMUR,2008,Jagung,5053107.0,1502.9,147.67,28.0,1010.2,70.2
JAWA TIMUR,2008,Kacang_Hijau,72126.0,1502.9,147.67,28.0,1010.2,70.2
JAWA TIMUR,2008,Kacang_Tanah,202345.0,1502.9,147.67,28.0,1010.2,70.2
JAWA TIMUR,2008,Kedelai,277281.0,1502.9,147.67,28.0,1010.2,70.2
JAWA TIMUR,2008,Padi,10474773.0,1502.9,147.67,28.0,1010.2,70.2
JAWA TIMUR,2008,Ubi_Jalar,136556.0,1502.9,147.67,28.0,1010.2,70.2
JAWA TIMUR,2008,Ubi_Kayu,3533772.0,1502.9,147.67,28.0,1010.2,70.2
JAWA TIMUR,2009,Jagung,5266720.0,1987.0,154.33,28.2,1010.6,68.4
JAWA TIMUR,2009,Kacang_Hijau,83629.0,1987.0,154.33,28.2,1010.6,68.4
JAWA TIMUR,2009,Kacang_Tanah,216474.0,1987.0,154.33,28.2,1010.6,68.4
JAWA TIMUR,2009,Kedelai,355260.0,1987.0,154.33,28.2,1010.6,68.4
JAWA TIMUR,2009,Padi,11259085.0,1987.0,154.33,28.2,1010.6,68.4
JAWA TIMUR,2009,Ubi_Jalar,162607.0,1987.0,154.33,28.2,1010.6,68.4
JAWA TIMUR,2009,Ubi_Kayu,3222637.0,1987.0,154.33,28.2,1010.6,68.4
JAWA TIMUR,2010,Jagung,5587318.0,1888.5,161.0,28.13,1010.35,68.75
JAWA TIMUR,2010,Kacang_Hijau,79878.0,1888.5,161.0,28.13,1010.35,68.75
JAWA TIMUR,2010,Kacang_Tanah,207796.0,1888.5,161.0,28.13,1010.35,68.75
JAWA TIMUR,2010,Kedelai,339491.0,1888.5,161.0,28.13,1010.35,68.75
JAWA TIMUR,2010,Padi,11643773.0,1888.5,161.0,28.13,1010.35,68.75
JAWA TIMUR,2010,Ubi_Jalar,141103.0,1888.5,161.0,28.13,1010.35,68.75
JAWA TIMUR,2010,Ubi_Kayu,3667058.0,1888.5,161.0,28.13,1010.35,68.75
JAWA TIMUR,2011,Jagung,5443705.0,1790.0,167.67,28.07,1010.1,69.1
JAWA TIMUR,2011,Kacang_Hijau,80329.0,1790.0,167.67,28.07,1010.1,69.1
JAWA TIMUR,2011,Kacang_Tanah,211416.0,1790.0,167.67,28.07,1010.1,69.1
JAWA TIMUR,2011,Kedelai,366999.0,1790.0,167.67,28.07,1010.1,69.1
JAWA TIMUR,2011,Padi,10576543.0,1790.0,167.67,28.07,1010.1,69.1
JAWA TIMUR,2011,Ubi_Jalar,217545.0,1790.0,167.67,28.07,1010.1,69.1
JAWA TIMUR,2011,Ubi_Kayu,4032081.0,1790.0,167.67,28.07,1010.1,69.1
JAWA TIMUR,2012,Jagung,6295301.0,1389.0,174.33,28.0,1010.0,75.0
JAWA TIMUR,2012,Kacang_Hijau,66778.0,1389.0,174.33,28.0,1010.0,75.0
JAWA TIMUR,2012,Kacang_Tanah,213792.0,1389.0,174.33,28.0,1010.0,75.0
JAWA TIMUR,2012,Kedelai,361986.0,1389.0,174.33,28.0,1010.0,75.0
JAWA TIMUR,2012,Padi,12198707.0,1389.0,174.33,28.0,1010.0,75.0
JAWA TIMUR,2012,Ubi_Jalar,411957.0,1389.0,174.33,28.0,1010.0,75.0
JAWA TIMUR,2012,Ubi_Kayu,4246028.0,1389.0,174.33,28.0,1010.0,75.0
JAWA TIMUR,2013,Jagung,5760959.0,2270.0,181.0,27.9,1008.01,61.92
JAWA TIMUR,2013,Kacang_Hijau,57686.0,2270.0,181.0,27.9,1008.01,61.92
JAWA TIMUR,2013,Kacang_Tanah,207971.0,2270.0,181.0,27.9,1008.01,61.92
JAWA TIMUR,2013,Kedelai,329461.0,2270.0,181.0,27.9,1008.01,61.92
JAWA TIMUR,2013,Padi,12049342.0,2270.0,181.0,27.9,1008.01,61.92
JAWA TIMUR,2013,Ubi_Jalar,393199.0,2270.0,181.0,27.9,1008.01,61.92
JAWA TIMUR,2013,Ubi_Kayu,3601074.0,2270.0,181.0,27.9,1008.01,61.92
JAWA TIMUR,2014,Jagung,5946061.0,1980.2,154.0,28.0,1011.0,71.1
JAWA TIMUR,2014,Kacang_Hijau,62754.0,1980.2,154.0,28.0,1011.0,71.1
JAWA TIMUR,2014,Kacang_Tanah,199775.0,1980.2,154.0,28.0,1011.0,71.1
JAWA TIMUR,2014,Kedelai,337230.0,1980.2,154.0,28.0,1011.0,71.1
JAWA TIMUR,2014,Padi,12602154.0,1980.2,154.0,28.0,1011.0,71.1
JAWA TIMUR,2014,Ubi_Jalar,371858.0,1980.2,154.0,28.0,1011.0,71.1
JAWA TIMUR,2014,Ubi_Kayu,3381324.0,1980.2,154.0,28.0,1011.0,71.1
JAWA TIMUR,2015,Jagung,6131163.0,2024.7,133.0,28.0,1011.8,80.12
JAWA TIMUR,2015,Kacang_Hijau,67821.0,2024.7,133.0,28.0,1011.8,80.12
JAWA TIMUR,2015,Kacang_Tanah,191579.0,2024.7,133.0,28.0,1011.8,80.12
JAWA TIMUR,2015,Kedelai,344998.0,2024.7,133.0,28.0,1011.8,80.12
JAWA TIMUR,2015,Padi,13154967.0,2024.7,133.0,28.0,1011.8,80.12
JAWA TIMUR,2015,Ubi_Jalar,350516.0,2024.7,133.0,28.0,1011.8,80.12
JAWA TIMUR,2015,Ubi_Kayu,3161573.0,2024.7,133.0,28.0,1011.8,80.12
KALIMANTAN BARAT,2000,Jagung,31631.0,2099.8,93.0,28.7,1010.46,60.1
KALIMANTAN BARAT,2000,Kacang_Hijau,649.0,2099.8,93.0,28.7,1010.46,60.1
KALIMANTAN BARAT,2000,Kacang_Tanah,1923.0,2099.8,93.0,28.7,1010.46,60.1
KALIMANTAN BARAT,2000,Kedelai,2342.0,2099.8,93.0,28.7,1010.46,60.1
KALIMANTAN BARAT,2000,Padi,903191.0,2099.8,93.0,28.7,1010.46,60.1
KALIMANTAN BARAT,2000,Ubi_Jalar,16676.0,2099.8,93.0,28.7,1010.46,60.1
KALIMANTAN BARAT,2000,Ubi_Kayu,176100.0,2099.8,93.0,28.7,1010.46,60.1
KALIMANTAN BARAT,2001,Jagung,35500.0,2975.0,93.0,27.95,1010.46,60.1
KALIMANTAN BARAT,2001,Kacang_Hijau,959.0,2975.0,93.0,27.95,1010.46,60.1
KALIMANTAN BARAT,2001,Kacang_Tanah,1433.0,2975.0,93.0,27.95,1010.46,60.1
KALIMANTAN BARAT,2001,Kedelai,1920.0,2975.0,93.0,27.95,1010.46,60.1
KALIMANTAN BARAT,2001,Padi,941630.0,2975.0,93.0,27.95,1010.46,60.1
KALIMANTAN BARAT,2001,Ubi_Jalar,14609.0,2975.0,93.0,27.95,1010.46,60.1
KALIMANTAN BARAT,2001,Ubi_Kayu,167434.0,2975.0,93.0,27.95,1010.46,60.1
KALIMANTAN BARAT,2002,Jagung,46813.0,2743.3,93.0,28.03,1010.46,60.1
KALIMANTAN BARAT,2002,Kacang_Hijau,1310.0,2743.3,93.0,28.03,1010.46,60.1
KALIMANTAN BARAT,2002,Kacang_Tanah,2385.0,2743.3,93.0,28.03,1010.46,60.1
KALIMANTAN BARAT,2002,Kedelai,1823.0,2743.3,93.0,28.03,1010.46,60.1
KALIMANTAN BARAT,2002,Padi,985489.0,2743.3,93.0,28.03,1010.46,60.1
KALIMANTAN BARAT,2002,Ubi_Jalar,14953.0,2743.3,93.0,28.03,1010.46,60.1
KALIMANTAN BARAT,2002,Ubi_Kayu,201741.0,2743.3,93.0,28.03,1010.46,60.1
KALIMANTAN BARAT,2003,Jagung,84581.0,3160.6,93.0,28.56,1010.46,60.1
KALIMANTAN BARAT,2003,Kacang_Hijau,997.0,3160.6,93.0,28.56,1010.46,60.1
KALIMANTAN BARAT,2003,Kacang_Tanah,1854.0,3160.6,93.0,28.56,1010.46,60.1
KALIMANTAN BARAT,2003,Kedelai,1144.0,3160.6,93.0,28.56,1010.46,60.1
KALIMANTAN BARAT,2003,Padi,1027122.0,3160.6,93.0,28.56,1010.46,60.1
KALIMANTAN BARAT,2003,Ubi_Jalar,15622.0,3160.6,93.0,28.56,1010.46,60.1
KALIMANTAN BARAT,2003,Ubi_Kayu,233340.0,3160.6,93.0,28.56,1010.46,60.1
KALIMANTAN BARAT,2004,Jagung,102555.0,2974.15,93.0,28.4,1010.46,60.1
KALIMANTAN BARAT,2004,Kacang_Hijau,1336.0,2974.15,93.0,28.4,1010.46,60.1
KALIMANTAN BARAT,2004,Kacang_Tanah,1992.0,2974.15,93.0,28.4,1010.46,60.1
KALIMANTAN BARAT,2004,Kedelai,1231.0,2974.15,93.0,28.4,1010.46,60.1
KALIMANTAN BARAT,2004,Padi,1060652.0,2974.15,93.0,28.4,1010.46,60.1
KALIMANTAN BARAT,2004,Ubi_Jalar,13556.0,2974.15,93.0,28.4,1010.46,60.1
KALIMANTAN BARAT,2004,Ubi_Kayu,207832.0,2974.15,93.0,28.4,1010.46,60.1
KALIMANTAN BARAT,2005,Jagung,127458.0,2787.7,93.0,26.5,1010.2,60.1
KALIMANTAN BARAT,2005,Kacang_Hijau,966.0,2787.7,93.0,26.5,1010.2,60.1
KALIMANTAN BARAT,2005,Kacang_Tanah,2746.0,2787.7,93.0,26.5,1010.2,60.1
KALIMANTAN BARAT,2005,Kedelai,1349.0,2787.7,93.0,26.5,1010.2,60.1
KALIMANTAN BARAT,2005,Padi,1023684.0,2787.7,93.0,26.5,1010.2,60.1
KALIMANTAN BARAT,2005,Ubi_Jalar,12364.0,2787.7,93.0,26.5,1010.2,60.1
KALIMANTAN BARAT,2005,Ubi_Kayu,243251.0,2787.7,93.0,26.5,1010.2,60.1
KALIMANTAN BARAT,2006,Jagung,136777.0,1528.2,93.0,26.9,1009.2,60.1
KALIMANTAN BARAT,2006,Kacang_Hijau,1290.0,1528.2,93.0,26.9,1009.2,60.1
KALIMANTAN BARAT,2006,Kacang_Tanah,2397.0,1528.2,93.0,26.9,1009.2,60.1
KALIMANTAN BARAT,2006,Kedelai,1728.0,1528.2,93.0,26.9,1009.2,60.1
KALIMANTAN BARAT,2006,Padi,1107661.0,1528.2,93.0,26.9,1009.2,60.1
KALIMANTAN BARAT,2006,Ubi_Jalar,14356.0,1528.2,93.0,26.9,1009.2,60.1
KALIMANTAN BARAT,2006,Ubi_Kayu,250173.0,1528.2,93.0,26.9,1009.2,60.1
KALIMANTAN BARAT,2007,Jagung,154118.0,3666.0,232.0,26.7,1009.0,57.5
KALIMANTAN BARAT,2007,Kacang_Hijau,979.0,3666.0,232.0,26.7,1009.0,57.5
KALIMANTAN BARAT,2007,Kacang_Tanah,1902.0,3666.0,232.0,26.7,1009.0,57.5
KALIMANTAN BARAT,2007,Kedelai,802.0,3666.0,232.0,26.7,1009.0,57.5
KALIMANTAN BARAT,2007,Padi,1225259.0,3666.0,232.0,26.7,1009.0,57.5
KALIMANTAN BARAT,2007,Ubi_Jalar,13882.0,3666.0,232.0,26.7,1009.0,57.5
KALIMANTAN BARAT,2007,Ubi_Kayu,221630.0,3666.0,232.0,26.7,1009.0,57.5
KALIMANTAN BARAT,2008,Jagung,181407.0,3131.8,215.0,26.4,1008.9,56.5
KALIMANTAN BARAT,2008,Kacang_Hijau,463.0,3131.8,215.0,26.4,1008.9,56.5
KALIMANTAN BARAT,2008,Kacang_Tanah,2012.0,3131.8,215.0,26.4,1008.9,56.5
KALIMANTAN BARAT,2008,Kedelai,1562.0,3131.8,215.0,26.4,1008.9,56.5
KALIMANTAN BARAT,2008,Padi,1321443.0,3131.8,215.0,26.4,1008.9,56.5
KALIMANTAN BARAT,2008,Ubi_Jalar,12871.0,3131.8,215.0,26.4,1008.9,56.5
KALIMANTAN BARAT,2008,Ubi_Kayu,193804.0,3131.8,215.0,26.4,1008.9,56.5
KALIMANTAN BARAT,2009,Jagung,166833.0,2989.0,190.0,27.1,1009.1,60.1
KALIMANTAN BARAT,2009,Kacang_Hijau,1309.0,2989.0,190.0,27.1,1009.1,60.1
KALIMANTAN BARAT,2009,Kacang_Tanah,2107.0,2989.0,190.0,27.1,1009.1,60.1
KALIMANTAN BARAT,2009,Kedelai,2046.0,2989.0,190.0,27.1,1009.1,60.1
KALIMANTAN BARAT,2009,Padi,1300798.0,2989.0,190.0,27.1,1009.1,60.1
KALIMANTAN BARAT,2009,Ubi_Jalar,11735.0,2989.0,190.0,27.1,1009.1,60.1
KALIMANTAN BARAT,2009,Ubi_Kayu,166584.0,2989.0,190.0,27.1,1009.1,60.1
KALIMANTAN BARAT,2010,Jagung,168273.0,3518.0,257.0,27.1,1009.5,58.3
KALIMANTAN BARAT,2010,Kacang_Hijau,1310.0,3518.0,257.0,27.1,1009.5,58.3
KALIMANTAN BARAT,2010,Kacang_Tanah,2125.0,3518.0,257.0,27.1,1009.5,58.3
KALIMANTAN BARAT,2010,Kedelai,3477.0,3518.0,257.0,27.1,1009.5,58.3
KALIMANTAN BARAT,2010,Padi,1343888.0,3518.0,257.0,27.1,1009.5,58.3
KALIMANTAN BARAT,2010,Ubi_Jalar,14959.0,3518.0,257.0,27.1,1009.5,58.3
KALIMANTAN BARAT,2010,Ubi_Kayu,177807.0,3518.0,257.0,27.1,1009.5,58.3
KALIMANTAN BARAT,2011,Jagung,160819.0,3129.0,196.0,26.6,1008.9,68.7
KALIMANTAN BARAT,2011,Kacang_Hijau,1687.0,3129.0,196.0,26.6,1008.9,68.7
KALIMANTAN BARAT,2011,Kacang_Tanah,1767.0,3129.0,196.0,26.6,1008.9,68.7
KALIMANTAN BARAT,2011,Kedelai,2027.0,3129.0,196.0,26.6,1008.9,68.7
KALIMANTAN BARAT,2011,Padi,1372988.0,3129.0,196.0,26.6,1008.9,68.7
KALIMANTAN BARAT,2011,Ubi_Jalar,13774.0,3129.0,196.0,26.6,1008.9,68.7
KALIMANTAN BARAT,2011,Ubi_Kayu,141550.0,3129.0,196.0,26.6,1008.9,68.7
KALIMANTAN BARAT,2012,Jagung,170123.0,3081.0,218.0,27.1,1009.8,66.0
KALIMANTAN BARAT,2012,Kacang_Hijau,862.0,3081.0,218.0,27.1,1009.8,66.0
KALIMANTAN BARAT,2012,Kacang_Tanah,1663.0,3081.0,218.0,27.1,1009.8,66.0
KALIMANTAN BARAT,2012,Kedelai,1339.0,3081.0,218.0,27.1,1009.8,66.0
KALIMANTAN BARAT,2012,Padi,1300100.0,3081.0,218.0,27.1,1009.8,66.0
KALIMANTAN BARAT,2012,Ubi_Jalar,15169.0,3081.0,218.0,27.1,1009.8,66.0
KALIMANTAN BARAT,2012,Ubi_Kayu,153564.0,3081.0,218.0,27.1,1009.8,66.0
KALIMANTAN BARAT,2013,Jagung,159973.0,3382.0,217.5,26.9,1010.27,61.83
KALIMANTAN BARAT,2013,Kacang_Hijau,553.0,3382.0,217.5,26.9,1010.27,61.83
KALIMANTAN BARAT,2013,Kacang_Tanah,1316.0,3382.0,217.5,26.9,1010.27,61.83
KALIMANTAN BARAT,2013,Kedelai,1677.0,3382.0,217.5,26.9,1010.27,61.83
KALIMANTAN BARAT,2013,Padi,1441876.0,3382.0,217.5,26.9,1010.27,61.83
KALIMANTAN BARAT,2013,Ubi_Jalar,15296.0,3382.0,217.5,26.9,1010.27,61.83
KALIMANTAN BARAT,2013,Ubi_Kayu,168521.0,3382.0,217.5,26.9,1010.27,61.83
KALIMANTAN BARAT,2014,Jagung,131858.0,2755.1,217.0,26.8,1011.1,63.2
KALIMANTAN BARAT,2014,Kacang_Hijau,828.0,2755.1,217.0,26.8,1011.1,63.2
KALIMANTAN BARAT,2014,Kacang_Tanah,1130.0,2755.1,217.0,26.8,1011.1,63.2
KALIMANTAN BARAT,2014,Kedelai,2157.0,2755.1,217.0,26.8,1011.1,63.2
KALIMANTAN BARAT,2014,Padi,1358792.0,2755.1,217.0,26.8,1011.1,63.2
KALIMANTAN BARAT,2014,Ubi_Jalar,15080.0,2755.1,217.0,26.8,1011.1,63.2
KALIMANTAN BARAT,2014,Ubi_Kayu,170985.0,2755.1,217.0,26.8,1011.1,63.2
KALIMANTAN BARAT,2015,Jagung,103742.0,2757.7,215.0,26.9,1011.8,55.04
KALIMANTAN BARAT,2015,Kacang_Hijau,1102.0,2757.7,215.0,26.9,1011.8,55.04
KALIMANTAN BARAT,2015,Kacang_Tanah,945.0,2757.7,215.0,26.9,1011.8,55.04
KALIMANTAN BARAT,2015,Kedelai,2637.0,2757.7,215.0,26.9,1011.8,55.04
KALIMANTAN BARAT,2015,Padi,1275707.0,2757.7,215.0,26.9,1011.8,55.04
KALIMANTAN BARAT,2015,Ubi_Jalar,14863.0,2757.7,215.0,26.9,1011.8,55.04
KALIMANTAN BARAT,2015,Ubi_Kayu,173449.0,2757.7,215.0,26.9,1011.8,55.04
KALIMANTAN SELATAN,2000,Jagung,37011.0,2224.6,72.0,26.84,1009.83,65.4
KALIMANTAN SELATAN,2000,Kacang_Hijau,1142.0,2224.6,72.0,26.84,1009.83,65.4
KALIMANTAN SELATAN,2000,Kacang_Tanah,16981.0,2224.6,72.0,26.84,1009.83,65.4
KALIMANTAN SELATAN,2000,Kedelai,8598.0,2224.6,72.0,26.84,1009.83,65.4
KALIMANTAN SELATAN,2000,Padi,1332364.0,2224.6,72.0,26.84,1009.83,65.4
KALIMANTAN SELATAN,2000,Ubi_Jalar,18633.0,2224.6,72.0,26.84,1009.83,65.4
KALIMANTAN SELATAN,2000,Ubi_Kayu,128615.0,2224.6,72.0,26.84,1009.83,65.4
KALIMANTAN SELATAN,2001,Jagung,38279.0,2305.8,72.0,26.23,1009.83,65.4
KALIMANTAN SELATAN,2001,Kacang_Hijau,1531.0,2305.8,72.0,26.23,1009.83,65.4
KALIMANTAN SELATAN,2001,Kacang_Tanah,16686.0,2305.8,72.0,26.23,1009.83,65.4
KALIMANTAN SELATAN,2001,Kedelai,6143.0,2305.8,72.0,26.23,1009.83,65.4
KALIMANTAN SELATAN,2001,Padi,1406070.0,2305.8,72.0,26.23,1009.83,65.4
KALIMANTAN SELATAN,2001,Ubi_Jalar,22606.0,2305.8,72.0,26.23,1009.83,65.4
KALIMANTAN SELATAN,2001,Ubi_Kayu,113149.0,2305.8,72.0,26.23,1009.83,65.4
KALIMANTAN SELATAN,2002,Jagung,29012.0,1951.8,72.0,28.35,1009.83,65.4
KALIMANTAN SELATAN,2002,Kacang_Hijau,1542.0,1951.8,72.0,28.35,1009.83,65.4
KALIMANTAN SELATAN,2002,Kacang_Tanah,16884.0,1951.8,72.0,28.35,1009.83,65.4
KALIMANTAN SELATAN,2002,Kedelai,7120.0,1951.8,72.0,28.35,1009.83,65.4
KALIMANTAN SELATAN,2002,Padi,1346007.0,1951.8,72.0,28.35,1009.83,65.4
KALIMANTAN SELATAN,2002,Ubi_Jalar,24424.0,1951.8,72.0,28.35,1009.83,65.4
KALIMANTAN SELATAN,2002,Ubi_Kayu,107241.0,1951.8,72.0,28.35,1009.83,65.4
KALIMANTAN SELATAN,2003,Jagung,30158.0,2773.2,72.0,29.02,1009.83,65.4
KALIMANTAN SELATAN,2003,Kacang_Hijau,1486.0,2773.2,72.0,29.02,1009.83,65.4
KALIMANTAN SELATAN,2003,Kacang_Tanah,16455.0,2773.2,72.0,29.02,1009.83,65.4
KALIMANTAN SELATAN,2003,Kedelai,6400.0,2773.2,72.0,29.02,1009.83,65.4
KALIMANTAN SELATAN,2003,Padi,1410141.0,2773.2,72.0,29.02,1009.83,65.4
KALIMANTAN SELATAN,2003,Ubi_Jalar,18666.0,2773.2,72.0,29.02,1009.83,65.4
KALIMANTAN SELATAN,2003,Ubi_Kayu,71758.0,2773.2,72.0,29.02,1009.83,65.4
KALIMANTAN SELATAN,2004,Jagung,45686.0,2098.7,72.0,27.95,1009.83,65.4
KALIMANTAN SELATAN,2004,Kacang_Hijau,1415.0,2098.7,72.0,27.95,1009.83,65.4
KALIMANTAN SELATAN,2004,Kacang_Tanah,16440.0,2098.7,72.0,27.95,1009.83,65.4
KALIMANTAN SELATAN,2004,Kedelai,5423.0,2098.7,72.0,27.95,1009.83,65.4
KALIMANTAN SELATAN,2004,Padi,1519432.0,2098.7,72.0,27.95,1009.83,65.4
KALIMANTAN SELATAN,2004,Ubi_Jalar,21487.0,2098.7,72.0,27.95,1009.83,65.4
KALIMANTAN SELATAN,2004,Ubi_Kayu,67292.0,2098.7,72.0,27.95,1009.83,65.4
KALIMANTAN SELATAN,2005,Jagung,48103.0,1424.2,72.0,27.62,1010.92,65.4
KALIMANTAN SELATAN,2005,Kacang_Hijau,1751.0,1424.2,72.0,27.62,1010.92,65.4
KALIMANTAN SELATAN,2005,Kacang_Tanah,16735.0,1424.2,72.0,27.62,1010.92,65.4
KALIMANTAN SELATAN,2005,Kedelai,2552.0,1424.2,72.0,27.62,1010.92,65.4
KALIMANTAN SELATAN,2005,Padi,1598835.0,1424.2,72.0,27.62,1010.92,65.4
KALIMANTAN SELATAN,2005,Ubi_Jalar,24106.0,1424.2,72.0,27.62,1010.92,65.4
KALIMANTAN SELATAN,2005,Ubi_Kayu,80377.0,1424.2,72.0,27.62,1010.92,65.4
KALIMANTAN SELATAN,2006,Jagung,58283.0,749.7,72.0,27.28,1012.0,65.4
KALIMANTAN SELATAN,2006,Kacang_Hijau,1166.0,749.7,72.0,27.28,1012.0,65.4
KALIMANTAN SELATAN,2006,Kacang_Tanah,15759.0,749.7,72.0,27.28,1012.0,65.4
KALIMANTAN SELATAN,2006,Kedelai,2138.0,749.7,72.0,27.28,1012.0,65.4
KALIMANTAN SELATAN,2006,Padi,1636840.0,749.7,72.0,27.28,1012.0,65.4
KALIMANTAN SELATAN,2006,Ubi_Jalar,26335.0,749.7,72.0,27.28,1012.0,65.4
KALIMANTAN SELATAN,2006,Ubi_Kayu,82389.0,749.7,72.0,27.28,1012.0,65.4
KALIMANTAN SELATAN,2007,Jagung,100957.0,2487.8,243.0,26.7,1011.1,51.3
KALIMANTAN SELATAN,2007,Kacang_Hijau,1548.0,2487.8,243.0,26.7,1011.1,51.3
KALIMANTAN SELATAN,2007,Kacang_Tanah,18214.0,2487.8,243.0,26.7,1011.1,51.3
KALIMANTAN SELATAN,2007,Kedelai,206.0,2487.8,243.0,26.7,1011.1,51.3
KALIMANTAN SELATAN,2007,Padi,1953868.0,2487.8,243.0,26.7,1011.1,51.3
KALIMANTAN SELATAN,2007,Ubi_Jalar,31143.0,2487.8,243.0,26.7,1011.1,51.3
KALIMANTAN SELATAN,2007,Ubi_Kayu,117322.0,2487.8,243.0,26.7,1011.1,51.3
KALIMANTAN SELATAN,2008,Jagung,95064.0,2868.3,199.0,26.4,1011.0,45.7
KALIMANTAN SELATAN,2008,Kacang_Hijau,1529.0,2868.3,199.0,26.4,1011.0,45.7
KALIMANTAN SELATAN,2008,Kacang_Tanah,16476.0,2868.3,199.0,26.4,1011.0,45.7
KALIMANTAN SELATAN,2008,Kedelai,3818.0,2868.3,199.0,26.4,1011.0,45.7
KALIMANTAN SELATAN,2008,Padi,1954284.0,2868.3,199.0,26.4,1011.0,45.7
KALIMANTAN SELATAN,2008,Ubi_Jalar,25903.0,2868.3,199.0,26.4,1011.0,45.7
KALIMANTAN SELATAN,2008,Ubi_Kayu,119085.0,2868.3,199.0,26.4,1011.0,45.7
KALIMANTAN SELATAN,2009,Jagung,113885.0,2321.0,193.0,26.7,1011.7,58.9
KALIMANTAN SELATAN,2009,Kacang_Hijau,1598.0,2321.0,193.0,26.7,1011.7,58.9
KALIMANTAN SELATAN,2009,Kacang_Tanah,15221.0,2321.0,193.0,26.7,1011.7,58.9
KALIMANTAN SELATAN,2009,Kedelai,3838.0,2321.0,193.0,26.7,1011.7,58.9
KALIMANTAN SELATAN,2009,Padi,1956993.0,2321.0,193.0,26.7,1011.7,58.9
KALIMANTAN SELATAN,2009,Ubi_Jalar,29968.0,2321.0,193.0,26.7,1011.7,58.9
KALIMANTAN SELATAN,2009,Ubi_Kayu,121656.0,2321.0,193.0,26.7,1011.7,58.9
KALIMANTAN SELATAN,2010,Jagung,116449.0,2536.0,194.0,26.9,1007.25,57.37
KALIMANTAN SELATAN,2010,Kacang_Hijau,1337.0,2536.0,194.0,26.9,1007.25,57.37
KALIMANTAN SELATAN,2010,Kacang_Tanah,14445.0,2536.0,194.0,26.9,1007.25,57.37
KALIMANTAN SELATAN,2010,Kedelai,3809.0,2536.0,194.0,26.9,1007.25,57.37
KALIMANTAN SELATAN,2010,Padi,1842089.0,2536.0,194.0,26.9,1007.25,57.37
KALIMANTAN SELATAN,2010,Ubi_Jalar,25007.0,2536.0,194.0,26.9,1007.25,57.37
KALIMANTAN SELATAN,2010,Ubi_Kayu,76202.0,2536.0,194.0,26.9,1007.25,57.37
KALIMANTAN SELATAN,2011,Jagung,99779.0,2751.0,195.0,27.1,1007.25,55.83
KALIMANTAN SELATAN,2011,Kacang_Hijau,774.0,2751.0,195.0,27.1,1007.25,55.83
KALIMANTAN SELATAN,2011,Kacang_Tanah,12181.0,2751.0,195.0,27.1,1007.25,55.83
KALIMANTAN SELATAN,2011,Kedelai,4376.0,2751.0,195.0,27.1,1007.25,55.83
KALIMANTAN SELATAN,2011,Padi,2038309.0,2751.0,195.0,27.1,1007.25,55.83
KALIMANTAN SELATAN,2011,Ubi_Jalar,23918.0,2751.0,195.0,27.1,1007.25,55.83
KALIMANTAN SELATAN,2011,Ubi_Kayu,86504.0,2751.0,195.0,27.1,1007.25,55.83
KALIMANTAN SELATAN,2012,Jagung,112066.0,2486.0,225.0,26.6,1011.4,54.3
KALIMANTAN SELATAN,2012,Kacang_Hijau,843.0,2486.0,225.0,26.6,1011.4,54.3
KALIMANTAN SELATAN,2012,Kacang_Tanah,12377.0,2486.0,225.0,26.6,1011.4,54.3
KALIMANTAN SELATAN,2012,Kedelai,3860.0,2486.0,225.0,26.6,1011.4,54.3
KALIMANTAN SELATAN,2012,Padi,2086221.0,2486.0,225.0,26.6,1011.4,54.3
KALIMANTAN SELATAN,2012,Ubi_Jalar,19608.0,2486.0,225.0,26.6,1011.4,54.3
KALIMANTAN SELATAN,2012,Ubi_Kayu,90043.0,2486.0,225.0,26.6,1011.4,54.3
KALIMANTAN SELATAN,2013,Jagung,107043.0,3006.0,243.0,26.7,1011.5,57.2
KALIMANTAN SELATAN,2013,Kacang_Hijau,757.0,3006.0,243.0,26.7,1011.5,57.2
KALIMANTAN SELATAN,2013,Kacang_Tanah,11238.0,3006.0,243.0,26.7,1011.5,57.2
KALIMANTAN SELATAN,2013,Kedelai,4072.0,3006.0,243.0,26.7,1011.5,57.2
KALIMANTAN SELATAN,2013,Padi,2031029.0,3006.0,243.0,26.7,1011.5,57.2
KALIMANTAN SELATAN,2013,Ubi_Jalar,16534.0,3006.0,243.0,26.7,1011.5,57.2
KALIMANTAN SELATAN,2013,Ubi_Kayu,87323.0,3006.0,243.0,26.7,1011.5,57.2
KALIMANTAN SELATAN,2014,Jagung,117774.0,2371.0,221.0,26.8,1012.3,57.0
KALIMANTAN SELATAN,2014,Kacang_Hijau,706.0,2371.0,221.0,26.8,1012.3,57.0
KALIMANTAN SELATAN,2014,Kacang_Tanah,10180.0,2371.0,221.0,26.8,1012.3,57.0
KALIMANTAN SELATAN,2014,Kedelai,7304.0,2371.0,221.0,26.8,1012.3,57.0
KALIMANTAN SELATAN,2014,Padi,2085652.0,2371.0,221.0,26.8,1012.3,57.0
KALIMANTAN SELATAN,2014,Ubi_Jalar,17224.0,2371.0,221.0,26.8,1012.3,57.0
KALIMANTAN SELATAN,2014,Ubi_Kayu,79537.0,2371.0,221.0,26.8,1012.3,57.0
KALIMANTAN SELATAN,2015,Jagung,128505.0,2509.6,166.0,27.0,1013.09,61.45
KALIMANTAN SELATAN,2015,Kacang_Hijau,655.0,2509.6,166.0,27.0,1013.09,61.45
KALIMANTAN SELATAN,2015,Kacang_Tanah,9121.0,2509.6,166.0,27.0,1013.09,61.45
KALIMANTAN SELATAN,2015,Kedelai,10537.0,2509.6,166.0,27.0,1013.09,61.45
KALIMANTAN SELATAN,2015,Padi,2140276.0,2509.6,166.0,27.0,1013.09,61.45
KALIMANTAN SELATAN,2015,Ubi_Jalar,17913.0,2509.6,166.0,27.0,1013.09,61.45
KALIMANTAN SELATAN,2015,Ubi_Kayu,71751.0,2509.6,166.0,27.0,1013.09,61.45
KALIMANTAN TENGAH,2000,Jagung,9239.0,2854.2,62.0,28.77,1011.36,52.3
KALIMANTAN TENGAH,2000,Kacang_Hijau,544.0,2854.2,62.0,28.77,1011.36,52.3
KALIMANTAN TENGAH,2000,Kacang_Tanah,2979.0,2854.2,62.0,28.77,1011.36,52.3
KALIMANTAN TENGAH,2000,Kedelai,4606.0,2854.2,62.0,28.77,1011.36,52.3
KALIMANTAN TENGAH,2000,Padi,362630.0,2854.2,62.0,28.77,1011.36,52.3
KALIMANTAN TENGAH,2000,Ubi_Jalar,17552.0,2854.2,62.0,28.77,1011.36,52.3
KALIMANTAN TENGAH,2000,Ubi_Kayu,106964.0,2854.2,62.0,28.77,1011.36,52.3
KALIMANTAN TENGAH,2001,Jagung,7830.0,2854.2,62.0,28.77,1011.36,52.3
KALIMANTAN TENGAH,2001,Kacang_Hijau,540.0,2854.2,62.0,28.77,1011.36,52.3
KALIMANTAN TENGAH,2001,Kacang_Tanah,1943.0,2854.2,62.0,28.77,1011.36,52.3
KALIMANTAN TENGAH,2001,Kedelai,3479.0,2854.2,62.0,28.77,1011.36,52.3
KALIMANTAN TENGAH,2001,Padi,360084.0,2854.2,62.0,28.77,1011.36,52.3
KALIMANTAN TENGAH,2001,Ubi_Jalar,18500.0,2854.2,62.0,28.77,1011.36,52.3
KALIMANTAN TENGAH,2001,Ubi_Kayu,70924.0,2854.2,62.0,28.77,1011.36,52.3
KALIMANTAN TENGAH,2002,Jagung,7730.0,2147.0,62.0,28.57,1011.36,52.3
KALIMANTAN TENGAH,2002,Kacang_Hijau,395.0,2147.0,62.0,28.57,1011.36,52.3
KALIMANTAN TENGAH,2002,Kacang_Tanah,1574.0,2147.0,62.0,28.57,1011.36,52.3
KALIMANTAN TENGAH,2002,Kedelai,2036.0,2147.0,62.0,28.57,1011.36,52.3
KALIMANTAN TENGAH,2002,Padi,395239.0,2147.0,62.0,28.57,1011.36,52.3
KALIMANTAN TENGAH,2002,Ubi_Jalar,18682.0,2147.0,62.0,28.57,1011.36,52.3
KALIMANTAN TENGAH,2002,Ubi_Kayu,104136.0,2147.0,62.0,28.57,1011.36,52.3
KALIMANTAN TENGAH,2003,Jagung,9226.0,2672.1,62.0,29.0,1011.36,52.3
KALIMANTAN TENGAH,2003,Kacang_Hijau,408.0,2672.1,62.0,29.0,1011.36,52.3
KALIMANTAN TENGAH,2003,Kacang_Tanah,1989.0,2672.1,62.0,29.0,1011.36,52.3
KALIMANTAN TENGAH,2003,Kedelai,1544.0,2672.1,62.0,29.0,1011.36,52.3
KALIMANTAN TENGAH,2003,Padi,490080.0,2672.1,62.0,29.0,1011.36,52.3
KALIMANTAN TENGAH,2003,Ubi_Jalar,10808.0,2672.1,62.0,29.0,1011.36,52.3
KALIMANTAN TENGAH,2003,Ubi_Kayu,115017.0,2672.1,62.0,29.0,1011.36,52.3
KALIMANTAN TENGAH,2004,Jagung,969.0,1982.0,62.0,27.87,1011.21,52.3
KALIMANTAN TENGAH,2004,Kacang_Hijau,601.0,1982.0,62.0,27.87,1011.21,52.3
KALIMANTAN TENGAH,2004,Kacang_Tanah,2409.0,1982.0,62.0,27.87,1011.21,52.3
KALIMANTAN TENGAH,2004,Kedelai,1162.0,1982.0,62.0,27.87,1011.21,52.3
KALIMANTAN TENGAH,2004,Padi,590434.0,1982.0,62.0,27.87,1011.21,52.3
KALIMANTAN TENGAH,2004,Ubi_Jalar,16594.0,1982.0,62.0,27.87,1011.21,52.3
KALIMANTAN TENGAH,2004,Ubi_Kayu,112319.0,1982.0,62.0,27.87,1011.21,52.3
KALIMANTAN TENGAH,2005,Jagung,2400.0,1291.9,62.0,27.0,1013.09,52.3
KALIMANTAN TENGAH,2005,Kacang_Hijau,290.0,1291.9,62.0,27.0,1013.09,52.3
KALIMANTAN TENGAH,2005,Kacang_Tanah,1506.0,1291.9,62.0,27.0,1013.09,52.3
KALIMANTAN TENGAH,2005,Kedelai,792.0,1291.9,62.0,27.0,1013.09,52.3
KALIMANTAN TENGAH,2005,Padi,492250.0,1291.9,62.0,27.0,1013.09,52.3
KALIMANTAN TENGAH,2005,Ubi_Jalar,9711.0,1291.9,62.0,27.0,1013.09,52.3
KALIMANTAN TENGAH,2005,Ubi_Kayu,73866.0,1291.9,62.0,27.0,1013.09,52.3
KALIMANTAN TENGAH,2006,Jagung,7367.0,539.7,62.0,27.17,1013.09,52.3
KALIMANTAN TENGAH,2006,Kacang_Hijau,296.0,539.7,62.0,27.17,1013.09,52.3
KALIMANTAN TENGAH,2006,Kacang_Tanah,2050.0,539.7,62.0,27.17,1013.09,52.3
KALIMANTAN TENGAH,2006,Kedelai,682.0,539.7,62.0,27.17,1013.09,52.3
KALIMANTAN TENGAH,2006,Padi,491712.0,539.7,62.0,27.17,1013.09,52.3
KALIMANTAN TENGAH,2006,Ubi_Jalar,9645.0,539.7,62.0,27.17,1013.09,52.3
KALIMANTAN TENGAH,2006,Ubi_Kayu,65661.0,539.7,62.0,27.17,1013.09,52.3
KALIMANTAN TENGAH,2007,Jagung,3971.0,3613.4,222.0,27.4,1012.5,67.4
KALIMANTAN TENGAH,2007,Kacang_Hijau,348.0,3613.4,222.0,27.4,1012.5,67.4
KALIMANTAN TENGAH,2007,Kacang_Tanah,1690.0,3613.4,222.0,27.4,1012.5,67.4
KALIMANTAN TENGAH,2007,Kedelai,784.0,3613.4,222.0,27.4,1012.5,67.4
KALIMANTAN TENGAH,2007,Padi,562473.0,3613.4,222.0,27.4,1012.5,67.4
KALIMANTAN TENGAH,2007,Ubi_Jalar,8619.0,3613.4,222.0,27.4,1012.5,67.4
KALIMANTAN TENGAH,2007,Ubi_Kayu,67617.0,3613.4,222.0,27.4,1012.5,67.4
KALIMANTAN TENGAH,2008,Jagung,5982.0,2794.5,204.0,27.2,1012.5,58.7
KALIMANTAN TENGAH,2008,Kacang_Hijau,205.0,2794.5,204.0,27.2,1012.5,58.7
KALIMANTAN TENGAH,2008,Kacang_Tanah,1417.0,2794.5,204.0,27.2,1012.5,58.7
KALIMANTAN TENGAH,2008,Kedelai,1860.0,2794.5,204.0,27.2,1012.5,58.7
KALIMANTAN TENGAH,2008,Padi,522732.0,2794.5,204.0,27.2,1012.5,58.7
KALIMANTAN TENGAH,2008,Ubi_Jalar,12153.0,2794.5,204.0,27.2,1012.5,58.7
KALIMANTAN TENGAH,2008,Ubi_Kayu,73344.0,2794.5,204.0,27.2,1012.5,58.7
KALIMANTAN TENGAH,2009,Jagung,8048.0,2771.0,186.0,26.9,1012.7,57.8
KALIMANTAN TENGAH,2009,Kacang_Hijau,145.0,2771.0,186.0,26.9,1012.7,57.8
KALIMANTAN TENGAH,2009,Kacang_Tanah,1365.0,2771.0,186.0,26.9,1012.7,57.8
KALIMANTAN TENGAH,2009,Kedelai,2136.0,2771.0,186.0,26.9,1012.7,57.8
KALIMANTAN TENGAH,2009,Padi,578761.0,2771.0,186.0,26.9,1012.7,57.8
KALIMANTAN TENGAH,2009,Ubi_Jalar,10763.0,2771.0,186.0,26.9,1012.7,57.8
KALIMANTAN TENGAH,2009,Ubi_Kayu,74670.0,2771.0,186.0,26.9,1012.7,57.8
KALIMANTAN TENGAH,2010,Jagung,9345.0,4508.0,276.0,24.95,1012.6,55.3
KALIMANTAN TENGAH,2010,Kacang_Hijau,170.0,4508.0,276.0,24.95,1012.6,55.3
KALIMANTAN TENGAH,2010,Kacang_Tanah,1032.0,4508.0,276.0,24.95,1012.6,55.3
KALIMANTAN TENGAH,2010,Kedelai,2764.0,4508.0,276.0,24.95,1012.6,55.3
KALIMANTAN TENGAH,2010,Padi,650416.0,4508.0,276.0,24.95,1012.6,55.3
KALIMANTAN TENGAH,2010,Ubi_Jalar,9583.0,4508.0,276.0,24.95,1012.6,55.3
KALIMANTAN TENGAH,2010,Ubi_Kayu,76669.0,4508.0,276.0,24.95,1012.6,55.3
KALIMANTAN TENGAH,2011,Jagung,9208.0,3434.6,218.0,25.5,1012.65,53.15
KALIMANTAN TENGAH,2011,Kacang_Hijau,103.0,3434.6,218.0,25.5,1012.65,53.15
KALIMANTAN TENGAH,2011,Kacang_Tanah,772.0,3434.6,218.0,25.5,1012.65,53.15
KALIMANTAN TENGAH,2011,Kedelai,2823.0,3434.6,218.0,25.5,1012.65,53.15
KALIMANTAN TENGAH,2011,Padi,610236.0,3434.6,218.0,25.5,1012.65,53.15
KALIMANTAN TENGAH,2011,Ubi_Jalar,8570.0,3434.6,218.0,25.5,1012.65,53.15
KALIMANTAN TENGAH,2011,Ubi_Kayu,49475.0,3434.6,218.0,25.5,1012.65,53.15
KALIMANTAN TENGAH,2012,Jagung,7947.0,2596.0,210.0,27.3,1012.7,51.0
KALIMANTAN TENGAH,2012,Kacang_Hijau,173.0,2596.0,210.0,27.3,1012.7,51.0
KALIMANTAN TENGAH,2012,Kacang_Tanah,771.0,2596.0,210.0,27.3,1012.7,51.0
KALIMANTAN TENGAH,2012,Kedelai,1700.0,2596.0,210.0,27.3,1012.7,51.0
KALIMANTAN TENGAH,2012,Padi,755507.0,2596.0,210.0,27.3,1012.7,51.0
KALIMANTAN TENGAH,2012,Ubi_Jalar,9525.0,2596.0,210.0,27.3,1012.7,51.0
KALIMANTAN TENGAH,2012,Ubi_Kayu,46630.0,2596.0,210.0,27.3,1012.7,51.0
KALIMANTAN TENGAH,2013,Jagung,6217.0,3259.5,241.0,27.4,1012.5,57.2
KALIMANTAN TENGAH,2013,Kacang_Hijau,105.0,3259.5,241.0,27.4,1012.5,57.2
KALIMANTAN TENGAH,2013,Kacang_Tanah,634.0,3259.5,241.0,27.4,1012.5,57.2
KALIMANTAN TENGAH,2013,Kedelai,1684.0,3259.5,241.0,27.4,1012.5,57.2
KALIMANTAN TENGAH,2013,Padi,812652.0,3259.5,241.0,27.4,1012.5,57.2
KALIMANTAN TENGAH,2013,Ubi_Jalar,9201.0,3259.5,241.0,27.4,1012.5,57.2
KALIMANTAN TENGAH,2013,Ubi_Kayu,40762.0,3259.5,241.0,27.4,1012.5,57.2
KALIMANTAN TENGAH,2014,Jagung,7203.0,2853.9,175.0,27.4,1013.09,54.43
KALIMANTAN TENGAH,2014,Kacang_Hijau,74.0,2853.9,175.0,27.4,1013.09,54.43
KALIMANTAN TENGAH,2014,Kacang_Tanah,578.0,2853.9,175.0,27.4,1013.09,54.43
KALIMANTAN TENGAH,2014,Kedelai,1473.0,2853.9,175.0,27.4,1013.09,54.43
KALIMANTAN TENGAH,2014,Padi,852927.0,2853.9,175.0,27.4,1013.09,54.43
KALIMANTAN TENGAH,2014,Ubi_Jalar,9420.0,2853.9,175.0,27.4,1013.09,54.43
KALIMANTAN TENGAH,2014,Ubi_Kayu,43237.0,2853.9,175.0,27.4,1013.09,54.43
KALIMANTAN TENGAH,2015,Jagung,8189.0,2748.4,155.0,27.7,1013.09,53.46
KALIMANTAN TENGAH,2015,Kacang_Hijau,44.0,2748.4,155.0,27.7,1013.09,53.46
KALIMANTAN TENGAH,2015,Kacang_Tanah,523.0,2748.4,155.0,27.7,1013.09,53.46
KALIMANTAN TENGAH,2015,Kedelai,1262.0,2748.4,155.0,27.7,1013.09,53.46
KALIMANTAN TENGAH,2015,Padi,893202.0,2748.4,155.0,27.7,1013.09,53.46
KALIMANTAN TENGAH,2015,Ubi_Jalar,9640.0,2748.4,155.0,27.7,1013.09,53.46
KALIMANTAN TENGAH,2015,Ubi_Kayu,45712.0,2748.4,155.0,27.7,1013.09,53.46
KALIMANTAN TIMUR,2000,Jagung,13827.0,2051.5,244.0,28.35,1011.32,45.9
KALIMANTAN TIMUR,2000,Kacang_Hijau,1035.0,2051.5,244.0,28.35,1011.32,45.9
KALIMANTAN TIMUR,2000,Kacang_Tanah,2356.0,2051.5,244.0,28.35,1011.32,45.9
KALIMANTAN TIMUR,2000,Kedelai,2313.0,2051.5,244.0,28.35,1011.32,45.9
KALIMANTAN TIMUR,2000,Padi,401955.0,2051.5,244.0,28.35,1011.32,45.9
KALIMANTAN TIMUR,2000,Ubi_Jalar,19688.0,2051.5,244.0,28.35,1011.32,45.9
KALIMANTAN TIMUR,2000,Ubi_Kayu,91455.0,2051.5,244.0,28.35,1011.32,45.9
KALIMANTAN TIMUR,2001,Jagung,10378.0,2051.5,244.0,28.35,1011.32,45.9
KALIMANTAN TIMUR,2001,Kacang_Hijau,894.0,2051.5,244.0,28.35,1011.32,45.9
KALIMANTAN TIMUR,2001,Kacang_Tanah,2400.0,2051.5,244.0,28.35,1011.32,45.9
KALIMANTAN TIMUR,2001,Kedelai,2172.0,2051.5,244.0,28.35,1011.32,45.9
KALIMANTAN TIMUR,2001,Padi,366708.0,2051.5,244.0,28.35,1011.32,45.9
KALIMANTAN TIMUR,2001,Ubi_Jalar,21368.0,2051.5,244.0,28.35,1011.32,45.9
KALIMANTAN TIMUR,2001,Ubi_Kayu,89815.0,2051.5,244.0,28.35,1011.32,45.9
KALIMANTAN TIMUR,2002,Jagung,12181.0,1848.7,244.0,28.05,1011.32,45.9
KALIMANTAN TIMUR,2002,Kacang_Hijau,1078.0,1848.7,244.0,28.05,1011.32,45.9
KALIMANTAN TIMUR,2002,Kacang_Tanah,2805.0,1848.7,244.0,28.05,1011.32,45.9
KALIMANTAN TIMUR,2002,Kedelai,2068.0,1848.7,244.0,28.05,1011.32,45.9
KALIMANTAN TIMUR,2002,Padi,442633.0,1848.7,244.0,28.05,1011.32,45.9
KALIMANTAN TIMUR,2002,Ubi_Jalar,23011.0,1848.7,244.0,28.05,1011.32,45.9
KALIMANTAN TIMUR,2002,Ubi_Kayu,115698.0,1848.7,244.0,28.05,1011.32,45.9
KALIMANTAN TIMUR,2003,Jagung,10997.0,2519.1,244.0,28.85,1011.32,45.9
KALIMANTAN TIMUR,2003,Kacang_Hijau,984.0,2519.1,244.0,28.85,1011.32,45.9
KALIMANTAN TIMUR,2003,Kacang_Tanah,2352.0,2519.1,244.0,28.85,1011.32,45.9
KALIMANTAN TIMUR,2003,Kedelai,2357.0,2519.1,244.0,28.85,1011.32,45.9
KALIMANTAN TIMUR,2003,Padi,430286.0,2519.1,244.0,28.85,1011.32,45.9
KALIMANTAN TIMUR,2003,Ubi_Jalar,27064.0,2519.1,244.0,28.85,1011.32,45.9
KALIMANTAN TIMUR,2003,Ubi_Kayu,96067.0,2519.1,244.0,28.85,1011.32,45.9
KALIMANTAN TIMUR,2004,Jagung,12412.0,2502.85,244.0,29.43,1011.32,45.9
KALIMANTAN TIMUR,2004,Kacang_Hijau,1058.0,2502.85,244.0,29.43,1011.32,45.9
KALIMANTAN TIMUR,2004,Kacang_Tanah,2507.0,2502.85,244.0,29.43,1011.32,45.9
KALIMANTAN TIMUR,2004,Kedelai,2157.0,2502.85,244.0,29.43,1011.32,45.9
KALIMANTAN TIMUR,2004,Padi,486167.0,2502.85,244.0,29.43,1011.32,45.9
KALIMANTAN TIMUR,2004,Ubi_Jalar,25962.0,2502.85,244.0,29.43,1011.32,45.9
KALIMANTAN TIMUR,2004,Ubi_Kayu,89389.0,2502.85,244.0,29.43,1011.32,45.9
KALIMANTAN TIMUR,2005,Jagung,11180.0,2486.6,244.0,28.79,1011.25,45.9
KALIMANTAN TIMUR,2005,Kacang_Hijau,834.0,2486.6,244.0,28.79,1011.25,45.9
KALIMANTAN TIMUR,2005,Kacang_Tanah,2268.0,2486.6,244.0,28.79,1011.25,45.9
KALIMANTAN TIMUR,2005,Kedelai,2629.0,2486.6,244.0,28.79,1011.25,45.9
KALIMANTAN TIMUR,2005,Padi,499558.0,2486.6,244.0,28.79,1011.25,45.9
KALIMANTAN TIMUR,2005,Ubi_Jalar,22574.0,2486.6,244.0,28.79,1011.25,45.9
KALIMANTAN TIMUR,2005,Ubi_Kayu,93885.0,2486.6,244.0,28.79,1011.25,45.9
KALIMANTAN TIMUR,2006,Jagung,1441.0,2470.35,244.0,28.14,1011.17,45.9
KALIMANTAN TIMUR,2006,Kacang_Hijau,928.0,2470.35,244.0,28.14,1011.17,45.9
KALIMANTAN TIMUR,2006,Kacang_Tanah,2223.0,2470.35,244.0,28.14,1011.17,45.9
KALIMANTAN TIMUR,2006,Kedelai,2783.0,2470.35,244.0,28.14,1011.17,45.9
KALIMANTAN TIMUR,2006,Padi,541171.0,2470.35,244.0,28.14,1011.17,45.9
KALIMANTAN TIMUR,2006,Ubi_Jalar,26334.0,2470.35,244.0,28.14,1011.17,45.9
KALIMANTAN TIMUR,2006,Ubi_Kayu,101249.0,2470.35,244.0,28.14,1011.17,45.9
KALIMANTAN TIMUR,2007,Jagung,1162.0,2454.1,244.0,27.5,1011.1,45.9
KALIMANTAN TIMUR,2007,Kacang_Hijau,999.0,2454.1,244.0,27.5,1011.1,45.9
KALIMANTAN TIMUR,2007,Kacang_Tanah,2425.0,2454.1,244.0,27.5,1011.1,45.9
KALIMANTAN TIMUR,2007,Kedelai,2008.0,2454.1,244.0,27.5,1011.1,45.9
KALIMANTAN TIMUR,2007,Padi,567501.0,2454.1,244.0,27.5,1011.1,45.9
KALIMANTAN TIMUR,2007,Ubi_Jalar,30855.0,2454.1,244.0,27.5,1011.1,45.9
KALIMANTAN TIMUR,2007,Ubi_Kayu,105395.0,2454.1,244.0,27.5,1011.1,45.9
KALIMANTAN TIMUR,2008,Jagung,12795.0,2757.6,261.0,26.7,1010.1,39.9
KALIMANTAN TIMUR,2008,Kacang_Hijau,1136.0,2757.6,261.0,26.7,1010.1,39.9
KALIMANTAN TIMUR,2008,Kacang_Tanah,2465.0,2757.6,261.0,26.7,1010.1,39.9
KALIMANTAN TIMUR,2008,Kedelai,2578.0,2757.6,261.0,26.7,1010.1,39.9
KALIMANTAN TIMUR,2008,Padi,586031.0,2757.6,261.0,26.7,1010.1,39.9
KALIMANTAN TIMUR,2008,Ubi_Jalar,29372.0,2757.6,261.0,26.7,1010.1,39.9
KALIMANTAN TIMUR,2008,Ubi_Kayu,116218.0,2757.6,261.0,26.7,1010.1,39.9
KALIMANTAN TIMUR,2009,Jagung,12520.0,2163.0,251.0,28.4,1007.6,43.2
KALIMANTAN TIMUR,2009,Kacang_Hijau,1212.0,2163.0,251.0,28.4,1007.6,43.2
KALIMANTAN TIMUR,2009,Kacang_Tanah,2547.0,2163.0,251.0,28.4,1007.6,43.2
KALIMANTAN TIMUR,2009,Kedelai,2255.0,2163.0,251.0,28.4,1007.6,43.2
KALIMANTAN TIMUR,2009,Padi,555560.0,2163.0,251.0,28.4,1007.6,43.2
KALIMANTAN TIMUR,2009,Ubi_Jalar,31947.0,2163.0,251.0,28.4,1007.6,43.2
KALIMANTAN TIMUR,2009,Ubi_Kayu,125714.0,2163.0,251.0,28.4,1007.6,43.2
KALIMANTAN TIMUR,2010,Jagung,11993.0,2988.0,241.0,27.1,1010.4,43.0
KALIMANTAN TIMUR,2010,Kacang_Hijau,932.0,2988.0,241.0,27.1,1010.4,43.0
KALIMANTAN TIMUR,2010,Kacang_Tanah,2468.0,2988.0,241.0,27.1,1010.4,43.0
KALIMANTAN TIMUR,2010,Kedelai,2204.0,2988.0,241.0,27.1,1010.4,43.0
KALIMANTAN TIMUR,2010,Padi,588879.0,2988.0,241.0,27.1,1010.4,43.0
KALIMANTAN TIMUR,2010,Ubi_Jalar,25156.0,2988.0,241.0,27.1,1010.4,43.0
KALIMANTAN TIMUR,2010,Ubi_Kayu,110061.0,2988.0,241.0,27.1,1010.4,43.0
KALIMANTAN TIMUR,2011,Jagung,7341.0,2990.0,231.0,27.3,1011.3,38.8
KALIMANTAN TIMUR,2011,Kacang_Hijau,761.0,2990.0,231.0,27.3,1011.3,38.8
KALIMANTAN TIMUR,2011,Kacang_Tanah,1817.0,2990.0,231.0,27.3,1011.3,38.8
KALIMANTAN TIMUR,2011,Kedelai,2281.0,2990.0,231.0,27.3,1011.3,38.8
KALIMANTAN TIMUR,2011,Padi,552616.0,2990.0,231.0,27.3,1011.3,38.8
KALIMANTAN TIMUR,2011,Ubi_Jalar,21432.0,2990.0,231.0,27.3,1011.3,38.8
KALIMANTAN TIMUR,2011,Ubi_Kayu,91858.0,2990.0,231.0,27.3,1011.3,38.8
KALIMANTAN TIMUR,2012,Jagung,9940.0,2421.0,231.0,28.0,1010.0,42.3
KALIMANTAN TIMUR,2012,Kacang_Hijau,556.0,2421.0,231.0,28.0,1010.0,42.3
KALIMANTAN TIMUR,2012,Kacang_Tanah,1809.0,2421.0,231.0,28.0,1010.0,42.3
KALIMANTAN TIMUR,2012,Kedelai,1364.0,2421.0,231.0,28.0,1010.0,42.3
KALIMANTAN TIMUR,2012,Padi,561959.0,2421.0,231.0,28.0,1010.0,42.3
KALIMANTAN TIMUR,2012,Ubi_Jalar,16367.0,2421.0,231.0,28.0,1010.0,42.3
KALIMANTAN TIMUR,2012,Ubi_Kayu,82786.0,2421.0,231.0,28.0,1010.0,42.3
KALIMANTAN TIMUR,2013,Jagung,4864.0,2854.1,259.0,27.4,1011.5,41.75
KALIMANTAN TIMUR,2013,Kacang_Hijau,373.0,2854.1,259.0,27.4,1011.5,41.75
KALIMANTAN TIMUR,2013,Kacang_Tanah,1451.0,2854.1,259.0,27.4,1011.5,41.75
KALIMANTAN TIMUR,2013,Kedelai,1402.0,2854.1,259.0,27.4,1011.5,41.75
KALIMANTAN TIMUR,2013,Padi,439439.0,2854.1,259.0,27.4,1011.5,41.75
KALIMANTAN TIMUR,2013,Ubi_Jalar,12993.0,2854.1,259.0,27.4,1011.5,41.75
KALIMANTAN TIMUR,2013,Ubi_Kayu,55519.0,2854.1,259.0,27.4,1011.5,41.75
KALIMANTAN TIMUR,2014,Jagung,6622.0,2422.3,146.0,27.7,1011.9,39.9
KALIMANTAN TIMUR,2014,Kacang_Hijau,274.0,2422.3,146.0,27.7,1011.9,39.9
KALIMANTAN TIMUR,2014,Kacang_Tanah,1289.0,2422.3,146.0,27.7,1011.9,39.9
KALIMANTAN TIMUR,2014,Kedelai,1460.0,2422.3,146.0,27.7,1011.9,39.9
KALIMANTAN TIMUR,2014,Padi,424110.0,2422.3,146.0,27.7,1011.9,39.9
KALIMANTAN TIMUR,2014,Ubi_Jalar,11963.0,2422.3,146.0,27.7,1011.9,39.9
KALIMANTAN TIMUR,2014,Ubi_Kayu,54742.0,2422.3,146.0,27.7,1011.9,39.9
KALIMANTAN TIMUR,2015,Jagung,8379.0,2069.4,186.0,27.9,1012.9,46.97
KALIMANTAN TIMUR,2015,Kacang_Hijau,176.0,2069.4,186.0,27.9,1012.9,46.97
KALIMANTAN TIMUR,2015,Kacang_Tanah,1127.0,2069.4,186.0,27.9,1012.9,46.97
KALIMANTAN TIMUR,2015,Kedelai,1519.0,2069.4,186.0,27.9,1012.9,46.97
KALIMANTAN TIMUR,2015,Padi,408782.0,2069.4,186.0,27.9,1012.9,46.97
KALIMANTAN TIMUR,2015,Ubi_Jalar,10933.0,2069.4,186.0,27.9,1012.9,46.97
KALIMANTAN TIMUR,2015,Ubi_Kayu,53966.0,2069.4,186.0,27.9,1012.9,46.97
KALIMANTAN UTARA,2000,Jagung,973.0,3154.0,248.0,27.4,1010.16,51.0
KALIMANTAN UTARA,2000,Kacang_Hijau,72.0,3154.0,248.0,27.4,1010.16,51.0
KALIMANTAN UTARA,2000,Kacang_Tanah,234.0,3154.0,248.0,27.4,1010.16,51.0
KALIMANTAN UTARA,2000,Kedelai,84.0,3154.0,248.0,27.4,1010.16,51.0
KALIMANTAN UTARA,2000,Padi,124724.0,3154.0,248.0,27.4,1010.16,51.0
KALIMANTAN UTARA,2000,Ubi_Jalar,3133.0,3154.0,248.0,27.4,1010.16,51.0
KALIMANTAN UTARA,2000,Ubi_Kayu,32935.0,3154.0,248.0,27.4,1010.16,51.0
KALIMANTAN UTARA,2001,Jagung,973.0,3154.0,248.0,27.4,1010.16,51.0
KALIMANTAN UTARA,2001,Kacang_Hijau,72.0,3154.0,248.0,27.4,1010.16,51.0
KALIMANTAN UTARA,2001,Kacang_Tanah,234.0,3154.0,248.0,27.4,1010.16,51.0
KALIMANTAN UTARA,2001,Kedelai,84.0,3154.0,248.0,27.4,1010.16,51.0
KALIMANTAN UTARA,2001,Padi,124724.0,3154.0,248.0,27.4,1010.16,51.0
KALIMANTAN UTARA,2001,Ubi_Jalar,3133.0,3154.0,248.0,27.4,1010.16,51.0
KALIMANTAN UTARA,2001,Ubi_Kayu,32935.0,3154.0,248.0,27.4,1010.16,51.0
KALIMANTAN UTARA,2002,Jagung,973.0,3154.0,248.0,27.4,1010.16,51.0
KALIMANTAN UTARA,2002,Kacang_Hijau,72.0,3154.0,248.0,27.4,1010.16,51.0
KALIMANTAN UTARA,2002,Kacang_Tanah,234.0,3154.0,248.0,27.4,1010.16,51.0
KALIMANTAN UTARA,2002,Kedelai,84.0,3154.0,248.0,27.4,1010.16,51.0
KALIMANTAN UTARA,2002,Padi,124724.0,3154.0,248.0,27.4,1010.16,51.0
KALIMANTAN UTARA,2002,Ubi_Jalar,3133.0,3154.0,248.0,27.4,1010.16,51.0
KALIMANTAN UTARA,2002,Ubi_Kayu,32935.0,3154.0,248.0,27.4,1010.16,51.0
KALIMANTAN UTARA,2003,Jagung,973.0,3154.0,248.0,27.4,1009.6,51.0
KALIMANTAN UTARA,2003,Kacang_Hijau,72.0,3154.0,248.0,27.4,1009.6,51.0
KALIMANTAN UTARA,2003,Kacang_Tanah,234.0,3154.0,248.0,27.4,1009.6,51.0
KALIMANTAN UTARA,2003,Kedelai,84.0,3154.0,248.0,27.4,1009.6,51.0
KALIMANTAN UTARA,2003,Padi,124724.0,3154.0,248.0,27.4,1009.6,51.0
KALIMANTAN UTARA,2003,Ubi_Jalar,3133.0,3154.0,248.0,27.4,1009.6,51.0
KALIMANTAN UTARA,2003,Ubi_Kayu,32935.0,3154.0,248.0,27.4,1009.6,51.0
KALIMANTAN UTARA,2004,Jagung,973.0,3154.0,248.0,27.4,1009.6,51.0
KALIMANTAN UTARA,2004,Kacang_Hijau,72.0,3154.0,248.0,27.4,1009.6,51.0
KALIMANTAN UTARA,2004,Kacang_Tanah,234.0,3154.0,248.0,27.4,1009.6,51.0
KALIMANTAN UTARA,2004,Kedelai,84.0,3154.0,248.0,27.4,1009.6,51.0
KALIMANTAN UTARA,2004,Padi,124724.0,3154.0,248.0,27.4,1009.6,51.0
KALIMANTAN UTARA,2004,Ubi_Jalar,3133.0,3154.0,248.0,27.4,1009.6,51.0
KALIMANTAN UTARA,2004,Ubi_Kayu,32935.0,3154.0,248.0,27.4,1009.6,51.0
KALIMANTAN UTARA,2005,Jagung,973.0,3154.0,248.0,27.4,1009.6,51.0
KALIMANTAN UTARA,2005,Kacang_Hijau,72.0,3154.0,248.0,27.4,1009.6,51.0
KALIMANTAN UTARA,2005,Kacang_Tanah,234.0,3154.0,248.0,27.4,1009.6,51.0
KALIMANTAN UTARA,2005,Kedelai,84.0,3154.0,248.0,27.4,1009.6,51.0
KALIMANTAN UTARA,2005,Padi,124724.0,3154.0,248.0,27.4,1009.6,51.0
KALIMANTAN UTARA,2005,Ubi_Jalar,3133.0,3154.0,248.0,27.4,1009.6,51.0
KALIMANTAN UTARA,2005,Ubi_Kayu,32935.0,3154.0,248.0,27.4,1009.6,51.0
KALIMANTAN UTARA,2006,Jagung,973.0,3154.0,248.0,27.4,1009.6,51.0
KALIMANTAN UTARA,2006,Kacang_Hijau,72.0,3154.0,248.0,27.4,1009.6,51.0
KALIMANTAN UTARA,2006,Kacang_Tanah,234.0,3154.0,248.0,27.4,1009.6,51.0
KALIMANTAN UTARA,2006,Kedelai,84.0,3154.0,248.0,27.4,1009.6,51.0
KALIMANTAN UTARA,2006,Padi,124724.0,3154.0,248.0,27.4,1009.6,51.0
KALIMANTAN UTARA,2006,Ubi_Jalar,3133.0,3154.0,248.0,27.4,1009.6,51.0
KALIMANTAN UTARA,2006,Ubi_Kayu,32935.0,3154.0,248.0,27.4,1009.6,51.0
KALIMANTAN UTARA,2007,Jagung,973.0,3154.0,248.0,27.4,1009.6,51.0
KALIMANTAN UTARA,2007,Kacang_Hijau,72.0,3154.0,248.0,27.4,1009.6,51.0
KALIMANTAN UTARA,2007,Kacang_Tanah,234.0,3154.0,248.0,27.4,1009.6,51.0
KALIMANTAN UTARA,2007,Kedelai,84.0,3154.0,248.0,27.4,1009.6,51.0
KALIMANTAN UTARA,2007,Padi,124724.0,3154.0,248.0,27.4,1009.6,51.0
KALIMANTAN UTARA,2007,Ubi_Jalar,3133.0,3154.0,248.0,27.4,1009.6,51.0
KALIMANTAN UTARA,2007,Ubi_Kayu,32935.0,3154.0,248.0,27.4,1009.6,51.0
KALIMANTAN UTARA,2008,Jagung,973.0,3154.0,248.0,27.4,1009.6,51.0
KALIMANTAN UTARA,2008,Kacang_Hijau,72.0,3154.0,248.0,27.4,1009.6,51.0
KALIMANTAN UTARA,2008,Kacang_Tanah,234.0,3154.0,248.0,27.4,1009.6,51.0
KALIMANTAN UTARA,2008,Kedelai,84.0,3154.0,248.0,27.4,1009.6,51.0
KALIMANTAN UTARA,2008,Padi,124724.0,3154.0,248.0,27.4,1009.6,51.0
KALIMANTAN UTARA,2008,Ubi_Jalar,3133.0,3154.0,248.0,27.4,1009.6,51.0
KALIMANTAN UTARA,2008,Ubi_Kayu,32935.0,3154.0,248.0,27.4,1009.6,51.0
KALIMANTAN UTARA,2009,Jagung,973.0,3154.0,248.0,27.4,1009.6,51.0
KALIMANTAN UTARA,2009,Kacang_Hijau,72.0,3154.0,248.0,27.4,1009.6,51.0
KALIMANTAN UTARA,2009,Kacang_Tanah,234.0,3154.0,248.0,27.4,1009.6,51.0
KALIMANTAN UTARA,2009,Kedelai,84.0,3154.0,248.0,27.4,1009.6,51.0
KALIMANTAN UTARA,2009,Padi,124724.0,3154.0,248.0,27.4,1009.6,51.0
KALIMANTAN UTARA,2009,Ubi_Jalar,3133.0,3154.0,248.0,27.4,1009.6,51.0
KALIMANTAN UTARA,2009,Ubi_Kayu,32935.0,3154.0,248.0,27.4,1009.6,51.0
KALIMANTAN UTARA,2010,Jagung,973.0,3154.0,248.0,27.4,1009.6,51.0
KALIMANTAN UTARA,2010,Kacang_Hijau,72.0,3154.0,248.0,27.4,1009.6,51.0
KALIMANTAN UTARA,2010,Kacang_Tanah,234.0,3154.0,248.0,27.4,1009.6,51.0
KALIMANTAN UTARA,2010,Kedelai,84.0,3154.0,248.0,27.4,1009.6,51.0
KALIMANTAN UTARA,2010,Padi,124724.0,3154.0,248.0,27.4,1009.6,51.0
KALIMANTAN UTARA,2010,Ubi_Jalar,3133.0,3154.0,248.0,27.4,1009.6,51.0
KALIMANTAN UTARA,2010,Ubi_Kayu,32935.0,3154.0,248.0,27.4,1009.6,51.0
KALIMANTAN UTARA,2011,Jagung,973.0,3154.0,248.0,27.4,1009.6,51.0
KALIMANTAN UTARA,2011,Kacang_Hijau,72.0,3154.0,248.0,27.4,1009.6,51.0
KALIMANTAN UTARA,2011,Kacang_Tanah,234.0,3154.0,248.0,27.4,1009.6,51.0
KALIMANTAN UTARA,2011,Kedelai,84.0,3154.0,248.0,27.4,1009.6,51.0
KALIMANTAN UTARA,2011,Padi,124724.0,3154.0,248.0,27.4,1009.6,51.0
KALIMANTAN UTARA,2011,Ubi_Jalar,3133.0,3154.0,248.0,27.4,1009.6,51.0
KALIMANTAN UTARA,2011,Ubi_Kayu,32935.0,3154.0,248.0,27.4,1009.6,51.0
KALIMANTAN UTARA,2012,Jagung,973.0,3154.0,248.0,27.4,1009.6,51.0
KALIMANTAN UTARA,2012,Kacang_Hijau,72.0,3154.0,248.0,27.4,1009.6,51.0
KALIMANTAN UTARA,2012,Kacang_Tanah,234.0,3154.0,248.0,27.4,1009.6,51.0
KALIMANTAN UTARA,2012,Kedelai,84.0,3154.0,248.0,27.4,1009.6,51.0
KALIMANTAN UTARA,2012,Padi,124724.0,3154.0,248.0,27.4,1009.6,51.0
KALIMANTAN UTARA,2012,Ubi_Jalar,3133.0,3154.0,248.0,27.4,1009.6,51.0
KALIMANTAN UTARA,2012,Ubi_Kayu,32935.0,3154.0,248.0,27.4,1009.6,51.0
KALIMANTAN UTARA,2013,Jagung,973.0,3154.0,248.0,27.4,1009.6,51.0
KALIMANTAN UTARA,2013,Kacang_Hijau,72.0,3154.0,248.0,27.4,1009.6,51.0
KALIMANTAN UTARA,2013,Kacang_Tanah,234.0,3154.0,248.0,27.4,1009.6,51.0
KALIMANTAN UTARA,2013,Kedelai,84.0,3154.0,248.0,27.4,1009.6,51.0
KALIMANTAN UTARA,2013,Padi,124724.0,3154.0,248.0,27.4,1009.6,51.0
KALIMANTAN UTARA,2013,Ubi_Jalar,3133.0,3154.0,248.0,27.4,1009.6,51.0
KALIMANTAN UTARA,2013,Ubi_Kayu,32935.0,3154.0,248.0,27.4,1009.6,51.0
KALIMANTAN UTARA,2014,Jagung,1002.0,2654.6,217.0,27.4,1009.7,59.0
KALIMANTAN UTARA,2014,Kacang_Hijau,92.0,2654.6,217.0,27.4,1009.7,59.0
KALIMANTAN UTARA,2014,Kacang_Tanah,246.0,2654.6,217.0,27.4,1009.7,59.0
KALIMANTAN UTARA,2014,Kedelai,1162.0,2654.6,217.0,27.4,1009.7,59.0
KALIMANTAN UTARA,2014,Padi,118413.0,2654.6,217.0,27.4,1009.7,59.0
KALIMANTAN UTARA,2014,Ubi_Jalar,2992.0,2654.6,217.0,27.4,1009.7,59.0
KALIMANTAN UTARA,2014,Ubi_Kayu,35936.0,2654.6,217.0,27.4,1009.7,59.0
KALIMANTAN UTARA,2015,Jagung,1032.0,2311.5,202.0,27.6,1010.5,63.01
KALIMANTAN UTARA,2015,Kacang_Hijau,113.0,2311.5,202.0,27.6,1010.5,63.01
KALIMANTAN UTARA,2015,Kacang_Tanah,257.0,2311.5,202.0,27.6,1010.5,63.01
KALIMANTAN UTARA,2015,Kedelai,2239.0,2311.5,202.0,27.6,1010.5,63.01
KALIMANTAN UTARA,2015,Padi,112102.0,2311.5,202.0,27.6,1010.5,63.01
KALIMANTAN UTARA,2015,Ubi_Jalar,2851.0,2311.5,202.0,27.6,1010.5,63.01
KALIMANTAN UTARA,2015,Ubi_Kayu,38936.0,2311.5,202.0,27.6,1010.5,63.01
KEPULAUAN BANGKA BELITUNG,2000,Jagung,1112.0,2537.3,91.0,28.38,1009.92,44.4
KEPULAUAN BANGKA BELITUNG,2000,Kacang_Hijau,2.0,2537.3,91.0,28.38,1009.92,44.4
KEPULAUAN BANGKA BELITUNG,2000,Kacang_Tanah,333.0,2537.3,91.0,28.38,1009.92,44.4
KEPULAUAN BANGKA BELITUNG,2000,Kedelai,4.0,2537.3,91.0,28.38,1009.92,44.4
KEPULAUAN BANGKA BELITUNG,2000,Padi,16430.0,2537.3,91.0,28.38,1009.92,44.4
KEPULAUAN BANGKA BELITUNG,2000,Ubi_Jalar,4476.0,2537.3,91.0,28.38,1009.92,44.4
KEPULAUAN BANGKA BELITUNG,2000,Ubi_Kayu,18130.0,2537.3,91.0,28.38,1009.92,44.4
KEPULAUAN BANGKA BELITUNG,2001,Jagung,1112.0,2537.3,91.0,28.38,1009.92,44.4
KEPULAUAN BANGKA BELITUNG,2001,Kacang_Hijau,2.0,2537.3,91.0,28.38,1009.92,44.4
KEPULAUAN BANGKA BELITUNG,2001,Kacang_Tanah,333.0,2537.3,91.0,28.38,1009.92,44.4
KEPULAUAN BANGKA BELITUNG,2001,Kedelai,4.0,2537.3,91.0,28.38,1009.92,44.4
KEPULAUAN BANGKA BELITUNG,2001,Padi,16430.0,2537.3,91.0,28.38,1009.92,44.4
KEPULAUAN BANGKA BELITUNG,2001,Ubi_Jalar,4476.0,2537.3,91.0,28.38,1009.92,44.4
KEPULAUAN BANGKA BELITUNG,2001,Ubi_Kayu,18130.0,2537.3,91.0,28.38,1009.92,44.4
KEPULAUAN BANGKA BELITUNG,2002,Jagung,931.0,2537.3,91.0,28.13,1009.92,44.4
KEPULAUAN BANGKA BELITUNG,2002,Kacang_Hijau,2.0,2537.3,91.0,28.13,1009.92,44.4
KEPULAUAN BANGKA BELITUNG,2002,Kacang_Tanah,286.0,2537.3,91.0,28.13,1009.92,44.4
KEPULAUAN BANGKA BELITUNG,2002,Kedelai,1.0,2537.3,91.0,28.13,1009.92,44.4
KEPULAUAN BANGKA BELITUNG,2002,Padi,10317.0,2537.3,91.0,28.13,1009.92,44.4
KEPULAUAN BANGKA BELITUNG,2002,Ubi_Jalar,4878.0,2537.3,91.0,28.13,1009.92,44.4
KEPULAUAN BANGKA BELITUNG,2002,Ubi_Kayu,21089.0,2537.3,91.0,28.13,1009.92,44.4
KEPULAUAN BANGKA BELITUNG,2003,Jagung,2053.0,2537.3,91.0,29.37,1009.92,44.4
KEPULAUAN BANGKA BELITUNG,2003,Kacang_Hijau,2.0,2537.3,91.0,29.37,1009.92,44.4
KEPULAUAN BANGKA BELITUNG,2003,Kacang_Tanah,312.0,2537.3,91.0,29.37,1009.92,44.4
KEPULAUAN BANGKA BELITUNG,2003,Kedelai,3.0,2537.3,91.0,29.37,1009.92,44.4
KEPULAUAN BANGKA BELITUNG,2003,Padi,12173.0,2537.3,91.0,29.37,1009.92,44.4
KEPULAUAN BANGKA BELITUNG,2003,Ubi_Jalar,4205.0,2537.3,91.0,29.37,1009.92,44.4
KEPULAUAN BANGKA BELITUNG,2003,Ubi_Kayu,21371.0,2537.3,91.0,29.37,1009.92,44.4
KEPULAUAN BANGKA BELITUNG,2004,Jagung,3199.0,2459.2,91.0,27.94,1010.22,44.4
KEPULAUAN BANGKA BELITUNG,2004,Kacang_Hijau,2.0,2459.2,91.0,27.94,1010.22,44.4
KEPULAUAN BANGKA BELITUNG,2004,Kacang_Tanah,702.0,2459.2,91.0,27.94,1010.22,44.4
KEPULAUAN BANGKA BELITUNG,2004,Kedelai,4.0,2459.2,91.0,27.94,1010.22,44.4
KEPULAUAN BANGKA BELITUNG,2004,Padi,18763.0,2459.2,91.0,27.94,1010.22,44.4
KEPULAUAN BANGKA BELITUNG,2004,Ubi_Jalar,5179.0,2459.2,91.0,27.94,1010.22,44.4
KEPULAUAN BANGKA BELITUNG,2004,Ubi_Kayu,22138.0,2459.2,91.0,27.94,1010.22,44.4
KEPULAUAN BANGKA BELITUNG,2005,Jagung,2762.0,2381.1,91.0,27.3,1010.5,44.4
KEPULAUAN BANGKA BELITUNG,2005,Kacang_Hijau,1.0,2381.1,91.0,27.3,1010.5,44.4
KEPULAUAN BANGKA BELITUNG,2005,Kacang_Tanah,395.0,2381.1,91.0,27.3,1010.5,44.4
KEPULAUAN BANGKA BELITUNG,2005,Kedelai,5.0,2381.1,91.0,27.3,1010.5,44.4
KEPULAUAN BANGKA BELITUNG,2005,Padi,19027.0,2381.1,91.0,27.3,1010.5,44.4
KEPULAUAN BANGKA BELITUNG,2005,Ubi_Jalar,4117.0,2381.1,91.0,27.3,1010.5,44.4
KEPULAUAN BANGKA BELITUNG,2005,Ubi_Kayu,19234.0,2381.1,91.0,27.3,1010.5,44.4
KEPULAUAN BANGKA BELITUNG,2006,Jagung,2956.0,1172.3,91.0,27.28,1010.7,44.4
KEPULAUAN BANGKA BELITUNG,2006,Kacang_Hijau,1.0,1172.3,91.0,27.28,1010.7,44.4
KEPULAUAN BANGKA BELITUNG,2006,Kacang_Tanah,525.0,1172.3,91.0,27.28,1010.7,44.4
KEPULAUAN BANGKA BELITUNG,2006,Kedelai,6.0,1172.3,91.0,27.28,1010.7,44.4
KEPULAUAN BANGKA BELITUNG,2006,Padi,16506.0,1172.3,91.0,27.28,1010.7,44.4
KEPULAUAN BANGKA BELITUNG,2006,Ubi_Jalar,3820.0,1172.3,91.0,27.28,1010.7,44.4
KEPULAUAN BANGKA BELITUNG,2006,Ubi_Kayu,17264.0,1172.3,91.0,27.28,1010.7,44.4
KEPULAUAN BANGKA BELITUNG,2007,Jagung,2736.0,2734.9,225.0,26.7,1010.1,46.7
KEPULAUAN BANGKA BELITUNG,2007,Kacang_Hijau,1.0,2734.9,225.0,26.7,1010.1,46.7
KEPULAUAN BANGKA BELITUNG,2007,Kacang_Tanah,568.0,2734.9,225.0,26.7,1010.1,46.7
KEPULAUAN BANGKA BELITUNG,2007,Kedelai,7.0,2734.9,225.0,26.7,1010.1,46.7
KEPULAUAN BANGKA BELITUNG,2007,Padi,2439.0,2734.9,225.0,26.7,1010.1,46.7
KEPULAUAN BANGKA BELITUNG,2007,Ubi_Jalar,5144.0,2734.9,225.0,26.7,1010.1,46.7
KEPULAUAN BANGKA BELITUNG,2007,Ubi_Kayu,18666.0,2734.9,225.0,26.7,1010.1,46.7
KEPULAUAN BANGKA BELITUNG,2008,Jagung,1193.0,2125.2,216.0,26.4,1009.3,49.3
KEPULAUAN BANGKA BELITUNG,2008,Kacang_Hijau,1.0,2125.2,216.0,26.4,1009.3,49.3
KEPULAUAN BANGKA BELITUNG,2008,Kacang_Tanah,422.0,2125.2,216.0,26.4,1009.3,49.3
KEPULAUAN BANGKA BELITUNG,2008,Kedelai,8.0,2125.2,216.0,26.4,1009.3,49.3
KEPULAUAN BANGKA BELITUNG,2008,Padi,15079.0,2125.2,216.0,26.4,1009.3,49.3
KEPULAUAN BANGKA BELITUNG,2008,Ubi_Jalar,4653.0,2125.2,216.0,26.4,1009.3,49.3
KEPULAUAN BANGKA BELITUNG,2008,Ubi_Kayu,19722.0,2125.2,216.0,26.4,1009.3,49.3
KEPULAUAN BANGKA BELITUNG,2009,Jagung,1403.0,1866.0,200.0,27.3,1009.6,56.0
KEPULAUAN BANGKA BELITUNG,2009,Kacang_Hijau,1.0,1866.0,200.0,27.3,1009.6,56.0
KEPULAUAN BANGKA BELITUNG,2009,Kacang_Tanah,387.0,1866.0,200.0,27.3,1009.6,56.0
KEPULAUAN BANGKA BELITUNG,2009,Kedelai,1.0,1866.0,200.0,27.3,1009.6,56.0
KEPULAUAN BANGKA BELITUNG,2009,Padi,19864.0,1866.0,200.0,27.3,1009.6,56.0
KEPULAUAN BANGKA BELITUNG,2009,Ubi_Jalar,4828.0,1866.0,200.0,27.3,1009.6,56.0
KEPULAUAN BANGKA BELITUNG,2009,Ubi_Kayu,23332.0,1866.0,200.0,27.3,1009.6,56.0
KEPULAUAN BANGKA BELITUNG,2010,Jagung,1055.0,3444.0,260.0,27.0,1009.5,55.45
KEPULAUAN BANGKA BELITUNG,2010,Kacang_Hijau,1.0,3444.0,260.0,27.0,1009.5,55.45
KEPULAUAN BANGKA BELITUNG,2010,Kacang_Tanah,358.0,3444.0,260.0,27.0,1009.5,55.45
KEPULAUAN BANGKA BELITUNG,2010,Kedelai,52.0,3444.0,260.0,27.0,1009.5,55.45
KEPULAUAN BANGKA BELITUNG,2010,Padi,22259.0,3444.0,260.0,27.0,1009.5,55.45
KEPULAUAN BANGKA BELITUNG,2010,Ubi_Jalar,3751.0,3444.0,260.0,27.0,1009.5,55.45
KEPULAUAN BANGKA BELITUNG,2010,Ubi_Kayu,21427.0,3444.0,260.0,27.0,1009.5,55.45
KEPULAUAN BANGKA BELITUNG,2011,Jagung,850.0,2921.0,213.0,27.4,1009.2,54.9
KEPULAUAN BANGKA BELITUNG,2011,Kacang_Hijau,1.0,2921.0,213.0,27.4,1009.2,54.9
KEPULAUAN BANGKA BELITUNG,2011,Kacang_Tanah,339.0,2921.0,213.0,27.4,1009.2,54.9
KEPULAUAN BANGKA BELITUNG,2011,Kedelai,1.0,2921.0,213.0,27.4,1009.2,54.9
KEPULAUAN BANGKA BELITUNG,2011,Padi,15211.0,2921.0,213.0,27.4,1009.2,54.9
KEPULAUAN BANGKA BELITUNG,2011,Ubi_Jalar,3009.0,2921.0,213.0,27.4,1009.2,54.9
KEPULAUAN BANGKA BELITUNG,2011,Ubi_Kayu,13276.0,2921.0,213.0,27.4,1009.2,54.9
KEPULAUAN BANGKA BELITUNG,2012,Jagung,967.0,2018.0,195.0,27.0,1010.2,58.3
KEPULAUAN BANGKA BELITUNG,2012,Kacang_Hijau,0.0,2018.0,195.0,27.0,1010.2,58.3
KEPULAUAN BANGKA BELITUNG,2012,Kacang_Tanah,325.0,2018.0,195.0,27.0,1010.2,58.3
KEPULAUAN BANGKA BELITUNG,2012,Kedelai,1.0,2018.0,195.0,27.0,1010.2,58.3
KEPULAUAN BANGKA BELITUNG,2012,Padi,22395.0,2018.0,195.0,27.0,1010.2,58.3
KEPULAUAN BANGKA BELITUNG,2012,Ubi_Jalar,3303.0,2018.0,195.0,27.0,1010.2,58.3
KEPULAUAN BANGKA BELITUNG,2012,Ubi_Kayu,13469.0,2018.0,195.0,27.0,1010.2,58.3
KEPULAUAN BANGKA BELITUNG,2013,Jagung,783.0,2839.2,243.0,27.0,1009.13,48.5
KEPULAUAN BANGKA BELITUNG,2013,Kacang_Hijau,0.0,2839.2,243.0,27.0,1009.13,48.5
KEPULAUAN BANGKA BELITUNG,2013,Kacang_Tanah,357.0,2839.2,243.0,27.0,1009.13,48.5
KEPULAUAN BANGKA BELITUNG,2013,Kedelai,1.0,2839.2,243.0,27.0,1009.13,48.5
KEPULAUAN BANGKA BELITUNG,2013,Padi,28480.0,2839.2,243.0,27.0,1009.13,48.5
KEPULAUAN BANGKA BELITUNG,2013,Ubi_Jalar,2863.0,2839.2,243.0,27.0,1009.13,48.5
KEPULAUAN BANGKA BELITUNG,2013,Ubi_Kayu,14203.0,2839.2,243.0,27.0,1009.13,48.5
KEPULAUAN BANGKA BELITUNG,2014,Jagung,724.0,1675.0,179.0,27.2,1011.0,56.2
KEPULAUAN BANGKA BELITUNG,2014,Kacang_Hijau,0.0,1675.0,179.0,27.2,1011.0,56.2
KEPULAUAN BANGKA BELITUNG,2014,Kacang_Tanah,250.0,1675.0,179.0,27.2,1011.0,56.2
KEPULAUAN BANGKA BELITUNG,2014,Kedelai,1.0,1675.0,179.0,27.2,1011.0,56.2
KEPULAUAN BANGKA BELITUNG,2014,Padi,27774.0,1675.0,179.0,27.2,1011.0,56.2
KEPULAUAN BANGKA BELITUNG,2014,Ubi_Jalar,2742.0,1675.0,179.0,27.2,1011.0,56.2
KEPULAUAN BANGKA BELITUNG,2014,Ubi_Kayu,24614.0,1675.0,179.0,27.2,1011.0,56.2
KEPULAUAN BANGKA BELITUNG,2015,Jagung,666.0,1534.7,163.0,27.3,1011.4,59.57
KEPULAUAN BANGKA BELITUNG,2015,Kacang_Hijau,0.0,1534.7,163.0,27.3,1011.4,59.57
KEPULAUAN BANGKA BELITUNG,2015,Kacang_Tanah,144.0,1534.7,163.0,27.3,1011.4,59.57
KEPULAUAN BANGKA BELITUNG,2015,Kedelai,1.0,1534.7,163.0,27.3,1011.4,59.57
KEPULAUAN BANGKA BELITUNG,2015,Padi,27068.0,1534.7,163.0,27.3,1011.4,59.57
KEPULAUAN BANGKA BELITUNG,2015,Ubi_Jalar,2620.0,1534.7,163.0,27.3,1011.4,59.57
KEPULAUAN BANGKA BELITUNG,2015,Ubi_Kayu,35024.0,1534.7,163.0,27.3,1011.4,59.57
KEPULAUAN RIAU,2000,Jagung,584.0,3972.7,25.0,27.89,1011.11,46.0
KEPULAUAN RIAU,2000,Kacang_Hijau,4.0,3972.7,25.0,27.89,1011.11,46.0
KEPULAUAN RIAU,2000,Kacang_Tanah,105.0,3972.7,25.0,27.89,1011.11,46.0
KEPULAUAN RIAU,2000,Kedelai,2.0,3972.7,25.0,27.89,1011.11,46.0
KEPULAUAN RIAU,2000,Padi,312.0,3972.7,25.0,27.89,1011.11,46.0
KEPULAUAN RIAU,2000,Ubi_Jalar,1540.0,3972.7,25.0,27.89,1011.11,46.0
KEPULAUAN RIAU,2000,Ubi_Kayu,3526.0,3972.7,25.0,27.89,1011.11,46.0
KEPULAUAN RIAU,2001,Jagung,584.0,3972.7,25.0,27.89,1011.11,46.0
KEPULAUAN RIAU,2001,Kacang_Hijau,4.0,3972.7,25.0,27.89,1011.11,46.0
KEPULAUAN RIAU,2001,Kacang_Tanah,105.0,3972.7,25.0,27.89,1011.11,46.0
KEPULAUAN RIAU,2001,Kedelai,2.0,3972.7,25.0,27.89,1011.11,46.0
KEPULAUAN RIAU,2001,Padi,312.0,3972.7,25.0,27.89,1011.11,46.0
KEPULAUAN RIAU,2001,Ubi_Jalar,1540.0,3972.7,25.0,27.89,1011.11,46.0
KEPULAUAN RIAU,2001,Ubi_Kayu,3526.0,3972.7,25.0,27.89,1011.11,46.0
KEPULAUAN RIAU,2002,Jagung,584.0,3972.7,25.0,27.89,1011.11,46.0
KEPULAUAN RIAU,2002,Kacang_Hijau,4.0,3972.7,25.0,27.89,1011.11,46.0
KEPULAUAN RIAU,2002,Kacang_Tanah,105.0,3972.7,25.0,27.89,1011.11,46.0
KEPULAUAN RIAU,2002,Kedelai,2.0,3972.7,25.0,27.89,1011.11,46.0
KEPULAUAN RIAU,2002,Padi,312.0,3972.7,25.0,27.89,1011.11,46.0
KEPULAUAN RIAU,2002,Ubi_Jalar,1540.0,3972.7,25.0,27.89,1011.11,46.0
KEPULAUAN RIAU,2002,Ubi_Kayu,3526.0,3972.7,25.0,27.89,1011.11,46.0
KEPULAUAN RIAU,2003,Jagung,584.0,3972.7,25.0,27.89,1011.11,46.0
KEPULAUAN RIAU,2003,Kacang_Hijau,4.0,3972.7,25.0,27.89,1011.11,46.0
KEPULAUAN RIAU,2003,Kacang_Tanah,105.0,3972.7,25.0,27.89,1011.11,46.0
KEPULAUAN RIAU,2003,Kedelai,2.0,3972.7,25.0,27.89,1011.11,46.0
KEPULAUAN RIAU,2003,Padi,312.0,3972.7,25.0,27.89,1011.11,46.0
KEPULAUAN RIAU,2003,Ubi_Jalar,1540.0,3972.7,25.0,27.89,1011.11,46.0
KEPULAUAN RIAU,2003,Ubi_Kayu,3526.0,3972.7,25.0,27.89,1011.11,46.0
KEPULAUAN RIAU,2004,Jagung,584.0,2361.95,25.0,28.09,1009.65,46.0
KEPULAUAN RIAU,2004,Kacang_Hijau,4.0,2361.95,25.0,28.09,1009.65,46.0
KEPULAUAN RIAU,2004,Kacang_Tanah,105.0,2361.95,25.0,28.09,1009.65,46.0
KEPULAUAN RIAU,2004,Kedelai,2.0,2361.95,25.0,28.09,1009.65,46.0
KEPULAUAN RIAU,2004,Padi,312.0,2361.95,25.0,28.09,1009.65,46.0
KEPULAUAN RIAU,2004,Ubi_Jalar,1540.0,2361.95,25.0,28.09,1009.65,46.0
KEPULAUAN RIAU,2004,Ubi_Kayu,3526.0,2361.95,25.0,28.09,1009.65,46.0
KEPULAUAN RIAU,2005,Jagung,584.0,751.2,25.0,26.8,1011.2,46.0
KEPULAUAN RIAU,2005,Kacang_Hijau,4.0,751.2,25.0,26.8,1011.2,46.0
KEPULAUAN RIAU,2005,Kacang_Tanah,105.0,751.2,25.0,26.8,1011.2,46.0
KEPULAUAN RIAU,2005,Kedelai,2.0,751.2,25.0,26.8,1011.2,46.0
KEPULAUAN RIAU,2005,Padi,312.0,751.2,25.0,26.8,1011.2,46.0
KEPULAUAN RIAU,2005,Ubi_Jalar,1540.0,751.2,25.0,26.8,1011.2,46.0
KEPULAUAN RIAU,2005,Ubi_Kayu,3526.0,751.2,25.0,26.8,1011.2,46.0
KEPULAUAN RIAU,2006,Jagung,895.0,491.2,25.0,25.35,1011.0,46.0
KEPULAUAN RIAU,2006,Kacang_Hijau,2.0,491.2,25.0,25.35,1011.0,46.0
KEPULAUAN RIAU,2006,Kacang_Tanah,60.0,491.2,25.0,25.35,1011.0,46.0
KEPULAUAN RIAU,2006,Kedelai,2.0,491.2,25.0,25.35,1011.0,46.0
KEPULAUAN RIAU,2006,Padi,332.0,491.2,25.0,25.35,1011.0,46.0
KEPULAUAN RIAU,2006,Ubi_Jalar,1463.0,491.2,25.0,25.35,1011.0,46.0
KEPULAUAN RIAU,2006,Ubi_Kayu,6899.0,491.2,25.0,25.35,1011.0,46.0
KEPULAUAN RIAU,2007,Jagung,893.0,3633.9,214.0,26.0,1010.9,42.8
KEPULAUAN RIAU,2007,Kacang_Hijau,2.0,3633.9,214.0,26.0,1010.9,42.8
KEPULAUAN RIAU,2007,Kacang_Tanah,63.0,3633.9,214.0,26.0,1010.9,42.8
KEPULAUAN RIAU,2007,Kedelai,2.0,3633.9,214.0,26.0,1010.9,42.8
KEPULAUAN RIAU,2007,Padi,343.0,3633.9,214.0,26.0,1010.9,42.8
KEPULAUAN RIAU,2007,Ubi_Jalar,1472.0,3633.9,214.0,26.0,1010.9,42.8
KEPULAUAN RIAU,2007,Ubi_Kayu,7077.0,3633.9,214.0,26.0,1010.9,42.8
KEPULAUAN RIAU,2008,Jagung,1125.0,3363.3,202.0,26.5,1010.6,47.8
KEPULAUAN RIAU,2008,Kacang_Hijau,2.0,3363.3,202.0,26.5,1010.6,47.8
KEPULAUAN RIAU,2008,Kacang_Tanah,94.0,3363.3,202.0,26.5,1010.6,47.8
KEPULAUAN RIAU,2008,Kedelai,2.0,3363.3,202.0,26.5,1010.6,47.8
KEPULAUAN RIAU,2008,Padi,404.0,3363.3,202.0,26.5,1010.6,47.8
KEPULAUAN RIAU,2008,Ubi_Jalar,1490.0,3363.3,202.0,26.5,1010.6,47.8
KEPULAUAN RIAU,2008,Ubi_Kayu,9364.0,3363.3,202.0,26.5,1010.6,47.8
KEPULAUAN RIAU,2009,Jagung,1064.0,2739.0,180.0,26.9,1010.5,55.9
KEPULAUAN RIAU,2009,Kacang_Hijau,2.0,2739.0,180.0,26.9,1010.5,55.9
KEPULAUAN RIAU,2009,Kacang_Tanah,104.0,2739.0,180.0,26.9,1010.5,55.9
KEPULAUAN RIAU,2009,Kedelai,2.0,2739.0,180.0,26.9,1010.5,55.9
KEPULAUAN RIAU,2009,Padi,430.0,2739.0,180.0,26.9,1010.5,55.9
KEPULAUAN RIAU,2009,Ubi_Jalar,1427.0,2739.0,180.0,26.9,1010.5,55.9
KEPULAUAN RIAU,2009,Ubi_Kayu,9180.0,2739.0,180.0,26.9,1010.5,55.9
KEPULAUAN RIAU,2010,Jagung,961.0,3283.0,226.0,27.0,1010.2,49.3
KEPULAUAN RIAU,2010,Kacang_Hijau,1.0,3283.0,226.0,27.0,1010.2,49.3
KEPULAUAN RIAU,2010,Kacang_Tanah,144.0,3283.0,226.0,27.0,1010.2,49.3
KEPULAUAN RIAU,2010,Kedelai,6.0,3283.0,226.0,27.0,1010.2,49.3
KEPULAUAN RIAU,2010,Padi,1246.0,3283.0,226.0,27.0,1010.2,49.3
KEPULAUAN RIAU,2010,Ubi_Jalar,1790.0,3283.0,226.0,27.0,1010.2,49.3
KEPULAUAN RIAU,2010,Ubi_Kayu,8397.0,3283.0,226.0,27.0,1010.2,49.3
KEPULAUAN RIAU,2011,Jagung,923.0,3893.0,205.0,26.8,1010.1,39.9
KEPULAUAN RIAU,2011,Kacang_Hijau,1.0,3893.0,205.0,26.8,1010.1,39.9
KEPULAUAN RIAU,2011,Kacang_Tanah,143.0,3893.0,205.0,26.8,1010.1,39.9
KEPULAUAN RIAU,2011,Kedelai,7.0,3893.0,205.0,26.8,1010.1,39.9
KEPULAUAN RIAU,2011,Padi,1223.0,3893.0,205.0,26.8,1010.1,39.9
KEPULAUAN RIAU,2011,Ubi_Jalar,1805.0,3893.0,205.0,26.8,1010.1,39.9
KEPULAUAN RIAU,2011,Ubi_Kayu,7805.0,3893.0,205.0,26.8,1010.1,39.9
KEPULAUAN RIAU,2012,Jagung,849.0,3253.0,202.0,26.8,1010.2,48.9
KEPULAUAN RIAU,2012,Kacang_Hijau,1.0,3253.0,202.0,26.8,1010.2,48.9
KEPULAUAN RIAU,2012,Kacang_Tanah,164.0,3253.0,202.0,26.8,1010.2,48.9
KEPULAUAN RIAU,2012,Kedelai,15.0,3253.0,202.0,26.8,1010.2,48.9
KEPULAUAN RIAU,2012,Padi,1323.0,3253.0,202.0,26.8,1010.2,48.9
KEPULAUAN RIAU,2012,Ubi_Jalar,1916.0,3253.0,202.0,26.8,1010.2,48.9
KEPULAUAN RIAU,2012,Ubi_Kayu,7666.0,3253.0,202.0,26.8,1010.2,48.9
KEPULAUAN RIAU,2013,Jagung,790.0,3389.4,227.0,26.8,1010.1,53.0
KEPULAUAN RIAU,2013,Kacang_Hijau,0.0,3389.4,227.0,26.8,1010.1,53.0
KEPULAUAN RIAU,2013,Kacang_Tanah,168.0,3389.4,227.0,26.8,1010.1,53.0
KEPULAUAN RIAU,2013,Kedelai,18.0,3389.4,227.0,26.8,1010.1,53.0
KEPULAUAN RIAU,2013,Padi,1370.0,3389.4,227.0,26.8,1010.1,53.0
KEPULAUAN RIAU,2013,Ubi_Jalar,1891.0,3389.4,227.0,26.8,1010.1,53.0
KEPULAUAN RIAU,2013,Ubi_Kayu,8530.0,3389.4,227.0,26.8,1010.1,53.0
KEPULAUAN RIAU,2014,Jagung,632.0,3064.0,174.0,27.1,1010.8,50.5
KEPULAUAN RIAU,2014,Kacang_Hijau,0.0,3064.0,174.0,27.1,1010.8,50.5
KEPULAUAN RIAU,2014,Kacang_Tanah,160.0,3064.0,174.0,27.1,1010.8,50.5
KEPULAUAN RIAU,2014,Kedelai,16.0,3064.0,174.0,27.1,1010.8,50.5
KEPULAUAN RIAU,2014,Padi,1164.0,3064.0,174.0,27.1,1010.8,50.5
KEPULAUAN RIAU,2014,Ubi_Jalar,1843.0,3064.0,174.0,27.1,1010.8,50.5
KEPULAUAN RIAU,2014,Ubi_Kayu,8844.0,3064.0,174.0,27.1,1010.8,50.5
KEPULAUAN RIAU,2015,Jagung,473.0,2250.9,174.0,27.0,1011.4,69.95
KEPULAUAN RIAU,2015,Kacang_Hijau,0.0,2250.9,174.0,27.0,1011.4,69.95
KEPULAUAN RIAU,2015,Kacang_Tanah,153.0,2250.9,174.0,27.0,1011.4,69.95
KEPULAUAN RIAU,2015,Kedelai,15.0,2250.9,174.0,27.0,1011.4,69.95
KEPULAUAN RIAU,2015,Padi,959.0,2250.9,174.0,27.0,1011.4,69.95
KEPULAUAN RIAU,2015,Ubi_Jalar,1795.0,2250.9,174.0,27.0,1011.4,69.95
KEPULAUAN RIAU,2015,Ubi_Kayu,9157.0,2250.9,174.0,27.0,1011.4,69.95
LAMPUNG,2000,Jagung,1122954.0,1488.5,54.0,28.2,1011.49,69.2
LAMPUNG,2000,Kacang_Hijau,5556.0,1488.5,54.0,28.2,1011.49,69.2
LAMPUNG,2000,Kacang_Tanah,9532.0,1488.5,54.0,28.2,1011.49,69.2
LAMPUNG,2000,Kedelai,22457.0,1488.5,54.0,28.2,1011.49,69.2
LAMPUNG,2000,Padi,1946406.0,1488.5,54.0,28.2,1011.49,69.2
LAMPUNG,2000,Ubi_Jalar,43246.0,1488.5,54.0,28.2,1011.49,69.2
LAMPUNG,2000,Ubi_Kayu,2924418.0,1488.5,54.0,28.2,1011.49,69.2
LAMPUNG,2001,Jagung,1122886.0,2013.1,54.0,26.72,1011.49,69.2
LAMPUNG,2001,Kacang_Hijau,6352.0,2013.1,54.0,26.72,1011.49,69.2
LAMPUNG,2001,Kacang_Tanah,14022.0,2013.1,54.0,26.72,1011.49,69.2
LAMPUNG,2001,Kedelai,12391.0,2013.1,54.0,26.72,1011.49,69.2
LAMPUNG,2001,Padi,1992726.0,2013.1,54.0,26.72,1011.49,69.2
LAMPUNG,2001,Ubi_Jalar,42207.0,2013.1,54.0,26.72,1011.49,69.2
LAMPUNG,2001,Ubi_Kayu,3584225.0,2013.1,54.0,26.72,1011.49,69.2
LAMPUNG,2002,Jagung,989323.0,2143.5,54.0,27.5,1011.49,69.2
LAMPUNG,2002,Kacang_Hijau,5170.0,2143.5,54.0,27.5,1011.49,69.2
LAMPUNG,2002,Kacang_Tanah,9331.0,2143.5,54.0,27.5,1011.49,69.2
LAMPUNG,2002,Kedelai,6032.0,2143.5,54.0,27.5,1011.49,69.2
LAMPUNG,2002,Padi,1951109.0,2143.5,54.0,27.5,1011.49,69.2
LAMPUNG,2002,Ubi_Jalar,39498.0,2143.5,54.0,27.5,1011.49,69.2
LAMPUNG,2002,Ubi_Kayu,3471136.0,2143.5,54.0,27.5,1011.49,69.2
LAMPUNG,2003,Jagung,1087751.0,1682.2,54.0,29.67,1011.49,69.2
LAMPUNG,2003,Kacang_Hijau,5325.0,1682.2,54.0,29.67,1011.49,69.2
LAMPUNG,2003,Kacang_Tanah,12032.0,1682.2,54.0,29.67,1011.49,69.2
LAMPUNG,2003,Kedelai,4360.0,1682.2,54.0,29.67,1011.49,69.2
LAMPUNG,2003,Padi,1966293.0,1682.2,54.0,29.67,1011.49,69.2
LAMPUNG,2003,Ubi_Jalar,41082.0,1682.2,54.0,29.67,1011.49,69.2
LAMPUNG,2003,Ubi_Kayu,4984616.0,1682.2,54.0,29.67,1011.49,69.2
LAMPUNG,2004,Jagung,1216974.0,1308.23,54.0,29.66,1011.49,69.2
LAMPUNG,2004,Kacang_Hijau,4987.0,1308.23,54.0,29.66,1011.49,69.2
LAMPUNG,2004,Kacang_Tanah,11423.0,1308.23,54.0,29.66,1011.49,69.2
LAMPUNG,2004,Kedelai,5388.0,1308.23,54.0,29.66,1011.49,69.2
LAMPUNG,2004,Padi,2091996.0,1308.23,54.0,29.66,1011.49,69.2
LAMPUNG,2004,Ubi_Jalar,45769.0,1308.23,54.0,29.66,1011.49,69.2
LAMPUNG,2004,Ubi_Kayu,4673091.0,1308.23,54.0,29.66,1011.49,69.2
LAMPUNG,2005,Jagung,1439000.0,934.27,54.0,27.92,1011.74,69.2
LAMPUNG,2005,Kacang_Hijau,5000.0,934.27,54.0,27.92,1011.74,69.2
LAMPUNG,2005,Kacang_Tanah,11634.0,934.27,54.0,27.92,1011.74,69.2
LAMPUNG,2005,Kedelai,4699.0,934.27,54.0,27.92,1011.74,69.2
LAMPUNG,2005,Padi,2124144.0,934.27,54.0,27.92,1011.74,69.2
LAMPUNG,2005,Ubi_Jalar,44602.0,934.27,54.0,27.92,1011.74,69.2
LAMPUNG,2005,Ubi_Kayu,4806254.0,934.27,54.0,27.92,1011.74,69.2
LAMPUNG,2006,Jagung,1183982.0,560.3,54.0,26.18,1012.0,69.2
LAMPUNG,2006,Kacang_Hijau,4455.0,560.3,54.0,26.18,1012.0,69.2
LAMPUNG,2006,Kacang_Tanah,11888.0,560.3,54.0,26.18,1012.0,69.2
LAMPUNG,2006,Kedelai,3594.0,560.3,54.0,26.18,1012.0,69.2
LAMPUNG,2006,Padi,2129914.0,560.3,54.0,26.18,1012.0,69.2
LAMPUNG,2006,Ubi_Jalar,42586.0,560.3,54.0,26.18,1012.0,69.2
LAMPUNG,2006,Ubi_Kayu,5499403.0,560.3,54.0,26.18,1012.0,69.2
LAMPUNG,2007,Jagung,1346821.0,1941.4,126.0,27.6,1010.8,61.0
LAMPUNG,2007,Kacang_Hijau,4477.0,1941.4,126.0,27.6,1010.8,61.0
LAMPUNG,2007,Kacang_Tanah,12756.0,1941.4,126.0,27.6,1010.8,61.0
LAMPUNG,2007,Kedelai,3396.0,1941.4,126.0,27.6,1010.8,61.0
LAMPUNG,2007,Padi,2308404.0,1941.4,126.0,27.6,1010.8,61.0
LAMPUNG,2007,Ubi_Jalar,46772.0,1941.4,126.0,27.6,1010.8,61.0
LAMPUNG,2007,Ubi_Kayu,6394906.0,1941.4,126.0,27.6,1010.8,61.0
LAMPUNG,2008,Jagung,1809886.0,1940.1,179.0,26.4,1010.8,58.8
LAMPUNG,2008,Kacang_Hijau,4003.0,1940.1,179.0,26.4,1010.8,58.8
LAMPUNG,2008,Kacang_Tanah,13088.0,1940.1,179.0,26.4,1010.8,58.8
LAMPUNG,2008,Kedelai,6678.0,1940.1,179.0,26.4,1010.8,58.8
LAMPUNG,2008,Padi,2341075.0,1940.1,179.0,26.4,1010.8,58.8
LAMPUNG,2008,Ubi_Jalar,48191.0,1940.1,179.0,26.4,1010.8,58.8
LAMPUNG,2008,Ubi_Kayu,7721882.0,1940.1,179.0,26.4,1010.8,58.8
LAMPUNG,2009,Jagung,2067710.0,1789.0,157.0,26.7,1011.0,61.3
LAMPUNG,2009,Kacang_Hijau,3863.0,1789.0,157.0,26.7,1011.0,61.3
LAMPUNG,2009,Kacang_Tanah,11090.0,1789.0,157.0,26.7,1011.0,61.3
LAMPUNG,2009,Kedelai,16153.0,1789.0,157.0,26.7,1011.0,61.3
LAMPUNG,2009,Padi,2673844.0,1789.0,157.0,26.7,1011.0,61.3
LAMPUNG,2009,Ubi_Jalar,45041.0,1789.0,157.0,26.7,1011.0,61.3
LAMPUNG,2009,Ubi_Kayu,7569178.0,1789.0,157.0,26.7,1011.0,61.3
LAMPUNG,2010,Jagung,2126571.0,2710.0,195.0,26.7,1010.6,50.6
LAMPUNG,2010,Kacang_Hijau,3524.0,2710.0,195.0,26.7,1010.6,50.6
LAMPUNG,2010,Kacang_Tanah,17617.0,2710.0,195.0,26.7,1010.6,50.6
LAMPUNG,2010,Kedelai,7325.0,2710.0,195.0,26.7,1010.6,50.6
LAMPUNG,2010,Padi,2807676.0,2710.0,195.0,26.7,1010.6,50.6
LAMPUNG,2010,Ubi_Jalar,44920.0,2710.0,195.0,26.7,1010.6,50.6
LAMPUNG,2010,Ubi_Kayu,8637594.0,2710.0,195.0,26.7,1010.6,50.6
LAMPUNG,2011,Jagung,1817906.0,1568.0,118.0,26.8,1009.4,56.4
LAMPUNG,2011,Kacang_Hijau,3644.0,1568.0,118.0,26.8,1009.4,56.4
LAMPUNG,2011,Kacang_Tanah,12911.0,1568.0,118.0,26.8,1009.4,56.4
LAMPUNG,2011,Kedelai,10984.0,1568.0,118.0,26.8,1009.4,56.4
LAMPUNG,2011,Padi,2940795.0,1568.0,118.0,26.8,1009.4,56.4
LAMPUNG,2011,Ubi_Jalar,47239.0,1568.0,118.0,26.8,1009.4,56.4
LAMPUNG,2011,Ubi_Kayu,9193676.0,1568.0,118.0,26.8,1009.4,56.4
LAMPUNG,2012,Jagung,1760275.0,1685.0,143.0,26.8,1009.8,64.6
LAMPUNG,2012,Kacang_Hijau,3212.0,1685.0,143.0,26.8,1009.8,64.6
LAMPUNG,2012,Kacang_Tanah,10694.0,1685.0,143.0,26.8,1009.8,64.6
LAMPUNG,2012,Kedelai,7993.0,1685.0,143.0,26.8,1009.8,64.6
LAMPUNG,2012,Padi,3101455.0,1685.0,143.0,26.8,1009.8,64.6
LAMPUNG,2012,Ubi_Jalar,47408.0,1685.0,143.0,26.8,1009.8,64.6
LAMPUNG,2012,Ubi_Kayu,8387351.0,1685.0,143.0,26.8,1009.8,64.6
LAMPUNG,2013,Jagung,1760278.0,2456.7,198.0,26.7,1009.9,60.4
LAMPUNG,2013,Kacang_Hijau,2643.0,2456.7,198.0,26.7,1009.9,60.4
LAMPUNG,2013,Kacang_Tanah,10676.0,2456.7,198.0,26.7,1009.9,60.4
LAMPUNG,2013,Kedelai,6156.0,2456.7,198.0,26.7,1009.9,60.4
LAMPUNG,2013,Padi,3207002.0,2456.7,198.0,26.7,1009.9,60.4
LAMPUNG,2013,Ubi_Jalar,45141.0,2456.7,198.0,26.7,1009.9,60.4
LAMPUNG,2013,Ubi_Kayu,8329201.0,2456.7,198.0,26.7,1009.9,60.4
LAMPUNG,2014,Jagung,1631539.0,1682.5,178.0,25.8,1010.4,61.7
LAMPUNG,2014,Kacang_Hijau,2044.0,1682.5,178.0,25.8,1010.4,61.7
LAMPUNG,2014,Kacang_Tanah,7820.0,1682.5,178.0,25.8,1010.4,61.7
LAMPUNG,2014,Kedelai,7986.0,1682.5,178.0,25.8,1010.4,61.7
LAMPUNG,2014,Padi,3424448.0,1682.5,178.0,25.8,1010.4,61.7
LAMPUNG,2014,Ubi_Jalar,36818.0,1682.5,178.0,25.8,1010.4,61.7
LAMPUNG,2014,Ubi_Kayu,7858142.0,1682.5,178.0,25.8,1010.4,61.7
LAMPUNG,2015,Jagung,1502800.0,1628.1,151.0,27.1,1012.1,67.89
LAMPUNG,2015,Kacang_Hijau,1445.0,1628.1,151.0,27.1,1012.1,67.89
LAMPUNG,2015,Kacang_Tanah,4963.0,1628.1,151.0,27.1,1012.1,67.89
LAMPUNG,2015,Kedelai,9815.0,1628.1,151.0,27.1,1012.1,67.89
LAMPUNG,2015,Padi,3641895.0,1628.1,151.0,27.1,1012.1,67.89
LAMPUNG,2015,Ubi_Jalar,28494.0,1628.1,151.0,27.1,1012.1,67.89
LAMPUNG,2015,Ubi_Kayu,7387084.0,1628.1,151.0,27.1,1012.1,67.89
MALUKU,2000,Jagung,7092.0,202.0,117.0,25.72,1009.42,58.5
MALUKU,2000,Kacang_Hijau,345.0,202.0,117.0,25.72,1009.42,58.5
MALUKU,2000,Kacang_Tanah,2197.0,202.0,117.0,25.72,1009.42,58.5
MALUKU,2000,Kedelai,2415.0,202.0,117.0,25.72,1009.42,58.5
MALUKU,2000,Padi,36288.0,202.0,117.0,25.72,1009.42,58.5
MALUKU,2000,Ubi_Jalar,30578.0,202.0,117.0,25.72,1009.42,58.5
MALUKU,2000,Ubi_Kayu,312081.0,202.0,117.0,25.72,1009.42,58.5
MALUKU,2001,Jagung,10351.0,3000.7,117.0,28.48,1009.42,58.5
MALUKU,2001,Kacang_Hijau,449.0,3000.7,117.0,28.48,1009.42,58.5
MALUKU,2001,Kacang_Tanah,2681.0,3000.7,117.0,28.48,1009.42,58.5
MALUKU,2001,Kedelai,2293.0,3000.7,117.0,28.48,1009.42,58.5
MALUKU,2001,Padi,33885.0,3000.7,117.0,28.48,1009.42,58.5
MALUKU,2001,Ubi_Jalar,25031.0,3000.7,117.0,28.48,1009.42,58.5
MALUKU,2001,Ubi_Kayu,335572.0,3000.7,117.0,28.48,1009.42,58.5
MALUKU,2002,Jagung,7096.0,1574.7,117.0,28.46,1009.42,58.5
MALUKU,2002,Kacang_Hijau,398.0,1574.7,117.0,28.46,1009.42,58.5
MALUKU,2002,Kacang_Tanah,1117.0,1574.7,117.0,28.46,1009.42,58.5
MALUKU,2002,Kedelai,487.0,1574.7,117.0,28.46,1009.42,58.5
MALUKU,2002,Padi,12033.0,1574.7,117.0,28.46,1009.42,58.5
MALUKU,2002,Ubi_Jalar,12043.0,1574.7,117.0,28.46,1009.42,58.5
MALUKU,2002,Ubi_Kayu,161167.0,1574.7,117.0,28.46,1009.42,58.5
MALUKU,2003,Jagung,7895.0,2358.6,117.0,28.14,1009.42,58.5
MALUKU,2003,Kacang_Hijau,227.0,2358.6,117.0,28.14,1009.42,58.5
MALUKU,2003,Kacang_Tanah,1492.0,2358.6,117.0,28.14,1009.42,58.5
MALUKU,2003,Kedelai,1484.0,2358.6,117.0,28.14,1009.42,58.5
MALUKU,2003,Padi,31189.0,2358.6,117.0,28.14,1009.42,58.5
MALUKU,2003,Ubi_Jalar,7793.0,2358.6,117.0,28.14,1009.42,58.5
MALUKU,2003,Ubi_Kayu,83716.0,2358.6,117.0,28.14,1009.42,58.5
MALUKU,2004,Jagung,12477.0,2282.63,117.0,29.13,1009.42,58.5
MALUKU,2004,Kacang_Hijau,373.0,2282.63,117.0,29.13,1009.42,58.5
MALUKU,2004,Kacang_Tanah,1876.0,2282.63,117.0,29.13,1009.42,58.5
MALUKU,2004,Kedelai,1173.0,2282.63,117.0,29.13,1009.42,58.5
MALUKU,2004,Padi,36148.0,2282.63,117.0,29.13,1009.42,58.5
MALUKU,2004,Ubi_Jalar,15298.0,2282.63,117.0,29.13,1009.42,58.5
MALUKU,2004,Ubi_Kayu,91351.0,2282.63,117.0,29.13,1009.42,58.5
MALUKU,2005,Jagung,14262.0,2206.67,117.0,27.66,1013.09,58.5
MALUKU,2005,Kacang_Hijau,446.0,2206.67,117.0,27.66,1013.09,58.5
MALUKU,2005,Kacang_Tanah,2508.0,2206.67,117.0,27.66,1013.09,58.5
MALUKU,2005,Kedelai,1423.0,2206.67,117.0,27.66,1013.09,58.5
MALUKU,2005,Padi,37239.0,2206.67,117.0,27.66,1013.09,58.5
MALUKU,2005,Ubi_Jalar,16701.0,2206.67,117.0,27.66,1013.09,58.5
MALUKU,2005,Ubi_Kayu,94995.0,2206.67,117.0,27.66,1013.09,58.5
MALUKU,2006,Jagung,14888.0,2130.7,117.0,26.18,1011.1,58.5
MALUKU,2006,Kacang_Hijau,563.0,2130.7,117.0,26.18,1011.1,58.5
MALUKU,2006,Kacang_Tanah,2902.0,2130.7,117.0,26.18,1011.1,58.5
MALUKU,2006,Kedelai,1433.0,2130.7,117.0,26.18,1011.1,58.5
MALUKU,2006,Padi,49833.0,2130.7,117.0,26.18,1011.1,58.5
MALUKU,2006,Ubi_Jalar,20081.0,2130.7,117.0,26.18,1011.1,58.5
MALUKU,2006,Ubi_Kayu,103260.0,2130.7,117.0,26.18,1011.1,58.5
MALUKU,2007,Jagung,15685.0,3144.6,255.0,27.0,1010.1,46.4
MALUKU,2007,Kacang_Hijau,601.0,3144.6,255.0,27.0,1010.1,46.4
MALUKU,2007,Kacang_Tanah,3061.0,3144.6,255.0,27.0,1010.1,46.4
MALUKU,2007,Kedelai,148.0,3144.6,255.0,27.0,1010.1,46.4
MALUKU,2007,Padi,57132.0,3144.6,255.0,27.0,1010.1,46.4
MALUKU,2007,Ubi_Jalar,20929.0,3144.6,255.0,27.0,1010.1,46.4
MALUKU,2007,Ubi_Kayu,105761.0,3144.6,255.0,27.0,1010.1,46.4
MALUKU,2008,Jagung,18924.0,4614.74,273.0,26.0,1010.3,47.1
MALUKU,2008,Kacang_Hijau,638.0,4614.74,273.0,26.0,1010.3,47.1
MALUKU,2008,Kacang_Tanah,3077.0,4614.74,273.0,26.0,1010.3,47.1
MALUKU,2008,Kedelai,1563.0,4614.74,273.0,26.0,1010.3,47.1
MALUKU,2008,Padi,75826.0,4614.74,273.0,26.0,1010.3,47.1
MALUKU,2008,Ubi_Jalar,21778.0,4614.74,273.0,26.0,1010.3,47.1
MALUKU,2008,Ubi_Kayu,107214.0,4614.74,273.0,26.0,1010.3,47.1
MALUKU,2009,Jagung,15859.0,1920.0,178.0,26.6,1010.2,62.0
MALUKU,2009,Kacang_Hijau,740.0,1920.0,178.0,26.6,1010.2,62.0
MALUKU,2009,Kacang_Tanah,3133.0,1920.0,178.0,26.6,1010.2,62.0
MALUKU,2009,Kedelai,1579.0,1920.0,178.0,26.6,1010.2,62.0
MALUKU,2009,Padi,89875.0,1920.0,178.0,26.6,1010.2,62.0
MALUKU,2009,Ubi_Jalar,22338.0,1920.0,178.0,26.6,1010.2,62.0
MALUKU,2009,Ubi_Kayu,124442.0,1920.0,178.0,26.6,1010.2,62.0
MALUKU,2010,Jagung,15273.0,3932.0,252.0,26.9,1009.9,55.6
MALUKU,2010,Kacang_Hijau,888.0,3932.0,252.0,26.9,1009.9,55.6
MALUKU,2010,Kacang_Tanah,2950.0,3932.0,252.0,26.9,1009.9,55.6
MALUKU,2010,Kedelai,1183.0,3932.0,252.0,26.9,1009.9,55.6
MALUKU,2010,Padi,83109.0,3932.0,252.0,26.9,1009.9,55.6
MALUKU,2010,Ubi_Jalar,20734.0,3932.0,252.0,26.9,1009.9,55.6
MALUKU,2010,Ubi_Kayu,144407.0,3932.0,252.0,26.9,1009.9,55.6
MALUKU,2011,Jagung,13875.0,3988.0,257.0,26.6,1009.2,49.4
MALUKU,2011,Kacang_Hijau,692.0,3988.0,257.0,26.6,1009.2,49.4
MALUKU,2011,Kacang_Tanah,2839.0,3988.0,257.0,26.6,1009.2,49.4
MALUKU,2011,Kedelai,297.0,3988.0,257.0,26.6,1009.2,49.4
MALUKU,2011,Padi,87468.0,3988.0,257.0,26.6,1009.2,49.4
MALUKU,2011,Ubi_Jalar,17913.0,3988.0,257.0,26.6,1009.2,49.4
MALUKU,2011,Ubi_Kayu,125763.0,3988.0,257.0,26.6,1009.2,49.4
MALUKU,2012,Jagung,18281.0,4614.74,226.0,26.4,1009.8,54.6
MALUKU,2012,Kacang_Hijau,674.0,4614.74,226.0,26.4,1009.8,54.6
MALUKU,2012,Kacang_Tanah,1941.0,4614.74,226.0,26.4,1009.8,54.6
MALUKU,2012,Kedelai,348.0,4614.74,226.0,26.4,1009.8,54.6
MALUKU,2012,Padi,84271.0,4614.74,226.0,26.4,1009.8,54.6
MALUKU,2012,Ubi_Jalar,19411.0,4614.74,226.0,26.4,1009.8,54.6
MALUKU,2012,Ubi_Kayu,119545.0,4614.74,226.0,26.4,1009.8,54.6
MALUKU,2013,Jagung,11940.0,3817.0,227.5,26.5,1010.6,56.8
MALUKU,2013,Kacang_Hijau,889.0,3817.0,227.5,26.5,1010.6,56.8
MALUKU,2013,Kacang_Tanah,1426.0,3817.0,227.5,26.5,1010.6,56.8
MALUKU,2013,Kedelai,254.0,3817.0,227.5,26.5,1010.6,56.8
MALUKU,2013,Padi,101835.0,3817.0,227.5,26.5,1010.6,56.8
MALUKU,2013,Ubi_Jalar,19602.0,3817.0,227.5,26.5,1010.6,56.8
MALUKU,2013,Ubi_Kayu,97813.0,3817.0,227.5,26.5,1010.6,56.8
MALUKU,2014,Jagung,12944.0,2593.0,229.0,26.6,1011.4,59.0
MALUKU,2014,Kacang_Hijau,776.0,2593.0,229.0,26.6,1011.4,59.0
MALUKU,2014,Kacang_Tanah,1114.0,2593.0,229.0,26.6,1011.4,59.0
MALUKU,2014,Kedelai,480.0,2593.0,229.0,26.6,1011.4,59.0
MALUKU,2014,Padi,109813.0,2593.0,229.0,26.6,1011.4,59.0
MALUKU,2014,Ubi_Jalar,26620.0,2593.0,229.0,26.6,1011.4,59.0
MALUKU,2014,Ubi_Kayu,116237.0,2593.0,229.0,26.6,1011.4,59.0
MALUKU,2015,Jagung,13947.0,1987.2,167.0,26.5,1012.4,66.52
MALUKU,2015,Kacang_Hijau,662.0,1987.2,167.0,26.5,1012.4,66.52
MALUKU,2015,Kacang_Tanah,801.0,1987.2,167.0,26.5,1012.4,66.52
MALUKU,2015,Kedelai,707.0,1987.2,167.0,26.5,1012.4,66.52
MALUKU,2015,Padi,117791.0,1987.2,167.0,26.5,1012.4,66.52
MALUKU,2015,Ubi_Jalar,33639.0,1987.2,167.0,26.5,1012.4,66.52
MALUKU,2015,Ubi_Kayu,134661.0,1987.2,167.0,26.5,1012.4,66.52
MALUKU UTARA,2000,Jagung,3778.0,2469.3,75.0,28.09,1009.69,62.4
MALUKU UTARA,2000,Kacang_Hijau,201.0,2469.3,75.0,28.09,1009.69,62.4
MALUKU UTARA,2000,Kacang_Tanah,1748.0,2469.3,75.0,28.09,1009.69,62.4
MALUKU UTARA,2000,Kedelai,552.0,2469.3,75.0,28.09,1009.69,62.4
MALUKU UTARA,2000,Padi,60131.0,2469.3,75.0,28.09,1009.69,62.4
MALUKU UTARA,2000,Ubi_Jalar,28387.0,2469.3,75.0,28.09,1009.69,62.4
MALUKU UTARA,2000,Ubi_Kayu,103297.0,2469.3,75.0,28.09,1009.69,62.4
MALUKU UTARA,2001,Jagung,3778.0,2469.3,75.0,28.09,1009.69,62.4
MALUKU UTARA,2001,Kacang_Hijau,201.0,2469.3,75.0,28.09,1009.69,62.4
MALUKU UTARA,2001,Kacang_Tanah,1748.0,2469.3,75.0,28.09,1009.69,62.4
MALUKU UTARA,2001,Kedelai,552.0,2469.3,75.0,28.09,1009.69,62.4
MALUKU UTARA,2001,Padi,60131.0,2469.3,75.0,28.09,1009.69,62.4
MALUKU UTARA,2001,Ubi_Jalar,28387.0,2469.3,75.0,28.09,1009.69,62.4
MALUKU UTARA,2001,Ubi_Kayu,103297.0,2469.3,75.0,28.09,1009.69,62.4
MALUKU UTARA,2002,Jagung,3778.0,1605.0,75.0,28.61,1009.69,62.4
MALUKU UTARA,2002,Kacang_Hijau,201.0,1605.0,75.0,28.61,1009.69,62.4
MALUKU UTARA,2002,Kacang_Tanah,1748.0,1605.0,75.0,28.61,1009.69,62.4
MALUKU UTARA,2002,Kedelai,552.0,1605.0,75.0,28.61,1009.69,62.4
MALUKU UTARA,2002,Padi,60131.0,1605.0,75.0,28.61,1009.69,62.4
MALUKU UTARA,2002,Ubi_Jalar,28387.0,1605.0,75.0,28.61,1009.69,62.4
MALUKU UTARA,2002,Ubi_Kayu,103297.0,1605.0,75.0,28.61,1009.69,62.4
MALUKU UTARA,2003,Jagung,3778.0,2024.5,75.0,28.7,1009.69,62.4
MALUKU UTARA,2003,Kacang_Hijau,201.0,2024.5,75.0,28.7,1009.69,62.4
MALUKU UTARA,2003,Kacang_Tanah,1748.0,2024.5,75.0,28.7,1009.69,62.4
MALUKU UTARA,2003,Kedelai,552.0,2024.5,75.0,28.7,1009.69,62.4
MALUKU UTARA,2003,Padi,60131.0,2024.5,75.0,28.7,1009.69,62.4
MALUKU UTARA,2003,Ubi_Jalar,28387.0,2024.5,75.0,28.7,1009.69,62.4
MALUKU UTARA,2003,Ubi_Kayu,103297.0,2024.5,75.0,28.7,1009.69,62.4
MALUKU UTARA,2004,Jagung,5056.0,1626.25,75.0,28.05,1009.69,62.4
MALUKU UTARA,2004,Kacang_Hijau,345.0,1626.25,75.0,28.05,1009.69,62.4
MALUKU UTARA,2004,Kacang_Tanah,3263.0,1626.25,75.0,28.05,1009.69,62.4
MALUKU UTARA,2004,Kedelai,676.0,1626.25,75.0,28.05,1009.69,62.4
MALUKU UTARA,2004,Padi,51800.0,1626.25,75.0,28.05,1009.69,62.4
MALUKU UTARA,2004,Ubi_Jalar,35533.0,1626.25,75.0,28.05,1009.69,62.4
MALUKU UTARA,2004,Ubi_Kayu,144313.0,1626.25,75.0,28.05,1009.69,62.4
MALUKU UTARA,2005,Jagung,9914.0,1228.0,75.0,26.9,1011.3,62.4
MALUKU UTARA,2005,Kacang_Hijau,376.0,1228.0,75.0,26.9,1011.3,62.4
MALUKU UTARA,2005,Kacang_Tanah,4976.0,1228.0,75.0,26.9,1011.3,62.4
MALUKU UTARA,2005,Kedelai,1182.0,1228.0,75.0,26.9,1011.3,62.4
MALUKU UTARA,2005,Padi,57945.0,1228.0,75.0,26.9,1011.3,62.4
MALUKU UTARA,2005,Ubi_Jalar,34533.0,1228.0,75.0,26.9,1011.3,62.4
MALUKU UTARA,2005,Ubi_Kayu,142680.0,1228.0,75.0,26.9,1011.3,62.4
MALUKU UTARA,2006,Jagung,10727.0,1115.0,75.0,26.79,1011.0,62.4
MALUKU UTARA,2006,Kacang_Hijau,387.0,1115.0,75.0,26.79,1011.0,62.4
MALUKU UTARA,2006,Kacang_Tanah,5750.0,1115.0,75.0,26.79,1011.0,62.4
MALUKU UTARA,2006,Kedelai,1164.0,1115.0,75.0,26.79,1011.0,62.4
MALUKU UTARA,2006,Padi,59215.0,1115.0,75.0,26.79,1011.0,62.4
MALUKU UTARA,2006,Ubi_Jalar,33673.0,1115.0,75.0,26.79,1011.0,62.4
MALUKU UTARA,2006,Ubi_Kayu,123833.0,1115.0,75.0,26.79,1011.0,62.4
MALUKU UTARA,2007,Jagung,10793.0,2295.0,217.0,26.7,1010.3,49.8
MALUKU UTARA,2007,Kacang_Hijau,404.0,2295.0,217.0,26.7,1010.3,49.8
MALUKU UTARA,2007,Kacang_Tanah,6186.0,2295.0,217.0,26.7,1010.3,49.8
MALUKU UTARA,2007,Kedelai,1134.0,2295.0,217.0,26.7,1010.3,49.8
MALUKU UTARA,2007,Padi,48531.0,2295.0,217.0,26.7,1010.3,49.8
MALUKU UTARA,2007,Ubi_Jalar,35199.0,2295.0,217.0,26.7,1010.3,49.8
MALUKU UTARA,2007,Ubi_Kayu,118354.0,2295.0,217.0,26.7,1010.3,49.8
MALUKU UTARA,2008,Jagung,11493.0,2757.7,255.0,26.6,1010.3,51.9
MALUKU UTARA,2008,Kacang_Hijau,383.0,2757.7,255.0,26.6,1010.3,51.9
MALUKU UTARA,2008,Kacang_Tanah,4951.0,2757.7,255.0,26.6,1010.3,51.9
MALUKU UTARA,2008,Kedelai,1278.0,2757.7,255.0,26.6,1010.3,51.9
MALUKU UTARA,2008,Padi,51599.0,2757.7,255.0,26.6,1010.3,51.9
MALUKU UTARA,2008,Ubi_Jalar,35094.0,2757.7,255.0,26.6,1010.3,51.9
MALUKU UTARA,2008,Ubi_Kayu,116838.0,2757.7,255.0,26.6,1010.3,51.9
MALUKU UTARA,2009,Jagung,18229.0,2024.0,193.0,27.4,1010.4,63.8
MALUKU UTARA,2009,Kacang_Hijau,331.0,2024.0,193.0,27.4,1010.4,63.8
MALUKU UTARA,2009,Kacang_Tanah,3181.0,2024.0,193.0,27.4,1010.4,63.8
MALUKU UTARA,2009,Kedelai,652.0,2024.0,193.0,27.4,1010.4,63.8
MALUKU UTARA,2009,Padi,46253.0,2024.0,193.0,27.4,1010.4,63.8
MALUKU UTARA,2009,Ubi_Jalar,30381.0,2024.0,193.0,27.4,1010.4,63.8
MALUKU UTARA,2009,Ubi_Kayu,106443.0,2024.0,193.0,27.4,1010.4,63.8
MALUKU UTARA,2010,Jagung,20546.0,2663.0,230.0,27.1,1010.5,63.6
MALUKU UTARA,2010,Kacang_Hijau,299.0,2663.0,230.0,27.1,1010.5,63.6
MALUKU UTARA,2010,Kacang_Tanah,4235.0,2663.0,230.0,27.1,1010.5,63.6
MALUKU UTARA,2010,Kedelai,944.0,2663.0,230.0,27.1,1010.5,63.6
MALUKU UTARA,2010,Padi,55401.0,2663.0,230.0,27.1,1010.5,63.6
MALUKU UTARA,2010,Ubi_Jalar,27666.0,2663.0,230.0,27.1,1010.5,63.6
MALUKU UTARA,2010,Ubi_Kayu,109033.0,2663.0,230.0,27.1,1010.5,63.6
MALUKU UTARA,2011,Jagung,26149.0,2962.0,239.0,26.9,1010.1,51.3
MALUKU UTARA,2011,Kacang_Hijau,272.0,2962.0,239.0,26.9,1010.1,51.3
MALUKU UTARA,2011,Kacang_Tanah,5095.0,2962.0,239.0,26.9,1010.1,51.3
MALUKU UTARA,2011,Kedelai,1100.0,2962.0,239.0,26.9,1010.1,51.3
MALUKU UTARA,2011,Padi,61430.0,2962.0,239.0,26.9,1010.1,51.3
MALUKU UTARA,2011,Ubi_Jalar,31943.0,2962.0,239.0,26.9,1010.1,51.3
MALUKU UTARA,2011,Ubi_Kayu,115940.0,2962.0,239.0,26.9,1010.1,51.3
MALUKU UTARA,2012,Jagung,25543.0,2837.5,227.0,26.95,1010.83,54.32
MALUKU UTARA,2012,Kacang_Hijau,275.0,2837.5,227.0,26.95,1010.83,54.32
MALUKU UTARA,2012,Kacang_Tanah,5745.0,2837.5,227.0,26.95,1010.83,54.32
MALUKU UTARA,2012,Kedelai,1303.0,2837.5,227.0,26.95,1010.83,54.32
MALUKU UTARA,2012,Padi,65686.0,2837.5,227.0,26.95,1010.83,54.32
MALUKU UTARA,2012,Ubi_Jalar,34661.0,2837.5,227.0,26.95,1010.83,54.32
MALUKU UTARA,2012,Ubi_Kayu,116515.0,2837.5,227.0,26.95,1010.83,54.32
MALUKU UTARA,2013,Jagung,29421.0,2713.0,215.0,27.0,1011.56,57.33
MALUKU UTARA,2013,Kacang_Hijau,324.0,2713.0,215.0,27.0,1011.56,57.33
MALUKU UTARA,2013,Kacang_Tanah,4755.0,2713.0,215.0,27.0,1011.56,57.33
MALUKU UTARA,2013,Kedelai,1227.0,2713.0,215.0,27.0,1011.56,57.33
MALUKU UTARA,2013,Padi,72445.0,2713.0,215.0,27.0,1011.56,57.33
MALUKU UTARA,2013,Ubi_Jalar,37024.0,2713.0,215.0,27.0,1011.56,57.33
MALUKU UTARA,2013,Ubi_Kayu,119799.0,2713.0,215.0,27.0,1011.56,57.33
MALUKU UTARA,2014,Jagung,20574.0,1811.0,183.0,27.0,1012.3,72.4
MALUKU UTARA,2014,Kacang_Hijau,532.0,1811.0,183.0,27.0,1012.3,72.4
MALUKU UTARA,2014,Kacang_Tanah,3511.0,1811.0,183.0,27.0,1012.3,72.4
MALUKU UTARA,2014,Kedelai,851.0,1811.0,183.0,27.0,1012.3,72.4
MALUKU UTARA,2014,Padi,73855.0,1811.0,183.0,27.0,1012.3,72.4
MALUKU UTARA,2014,Ubi_Jalar,33849.0,1811.0,183.0,27.0,1012.3,72.4
MALUKU UTARA,2014,Ubi_Kayu,120041.0,1811.0,183.0,27.0,1012.3,72.4
MALUKU UTARA,2015,Jagung,11728.0,913.4,127.0,27.3,1013.0,84.07
MALUKU UTARA,2015,Kacang_Hijau,739.0,913.4,127.0,27.3,1013.0,84.07
MALUKU UTARA,2015,Kacang_Tanah,2267.0,913.4,127.0,27.3,1013.0,84.07
MALUKU UTARA,2015,Kedelai,475.0,913.4,127.0,27.3,1013.0,84.07
MALUKU UTARA,2015,Padi,75265.0,913.4,127.0,27.3,1013.0,84.07
MALUKU UTARA,2015,Ubi_Jalar,30674.0,913.4,127.0,27.3,1013.0,84.07
MALUKU UTARA,2015,Ubi_Kayu,120283.0,913.4,127.0,27.3,1013.0,84.07
NUSA TENGGARA BARAT,2000,Jagung,66216.0,2448.4,25.0,26.81,1009.52,73.0
NUSA TENGGARA BARAT,2000,Kacang_Hijau,17736.0,2448.4,25.0,26.81,1009.52,73.0
NUSA TENGGARA BARAT,2000,Kacang_Tanah,27515.0,2448.4,25.0,26.81,1009.52,73.0
NUSA TENGGARA BARAT,2000,Kedelai,70771.0,2448.4,25.0,26.81,1009.52,73.0
NUSA TENGGARA BARAT,2000,Padi,1488191.0,2448.4,25.0,26.81,1009.52,73.0
NUSA TENGGARA BARAT,2000,Ubi_Jalar,10060.0,2448.4,25.0,26.81,1009.52,73.0
NUSA TENGGARA BARAT,2000,Ubi_Kayu,99486.0,2448.4,25.0,26.81,1009.52,73.0
NUSA TENGGARA BARAT,2001,Jagung,50777.0,1182.1,25.0,28.73,1009.52,73.0
NUSA TENGGARA BARAT,2001,Kacang_Hijau,24039.0,1182.1,25.0,28.73,1009.52,73.0
NUSA TENGGARA BARAT,2001,Kacang_Tanah,30595.0,1182.1,25.0,28.73,1009.52,73.0
NUSA TENGGARA BARAT,2001,Kedelai,72111.0,1182.1,25.0,28.73,1009.52,73.0
NUSA TENGGARA BARAT,2001,Padi,1458616.0,1182.1,25.0,28.73,1009.52,73.0
NUSA TENGGARA BARAT,2001,Ubi_Jalar,17294.0,1182.1,25.0,28.73,1009.52,73.0
NUSA TENGGARA BARAT,2001,Ubi_Kayu,96974.0,1182.1,25.0,28.73,1009.52,73.0
NUSA TENGGARA BARAT,2002,Jagung,57785.0,938.2,25.0,29.02,1009.52,73.0
NUSA TENGGARA BARAT,2002,Kacang_Hijau,24065.0,938.2,25.0,29.02,1009.52,73.0
NUSA TENGGARA BARAT,2002,Kacang_Tanah,32225.0,938.2,25.0,29.02,1009.52,73.0
NUSA TENGGARA BARAT,2002,Kedelai,59994.0,938.2,25.0,29.02,1009.52,73.0
NUSA TENGGARA BARAT,2002,Padi,1370171.0,938.2,25.0,29.02,1009.52,73.0
NUSA TENGGARA BARAT,2002,Ubi_Jalar,17553.0,938.2,25.0,29.02,1009.52,73.0
NUSA TENGGARA BARAT,2002,Ubi_Kayu,87913.0,938.2,25.0,29.02,1009.52,73.0
NUSA TENGGARA BARAT,2003,Jagung,64228.0,1876.2,25.0,29.66,1009.52,73.0
NUSA TENGGARA BARAT,2003,Kacang_Hijau,35406.0,1876.2,25.0,29.66,1009.52,73.0
NUSA TENGGARA BARAT,2003,Kacang_Tanah,40489.0,1876.2,25.0,29.66,1009.52,73.0
NUSA TENGGARA BARAT,2003,Kedelai,76333.0,1876.2,25.0,29.66,1009.52,73.0
NUSA TENGGARA BARAT,2003,Padi,1422440.0,1876.2,25.0,29.66,1009.52,73.0
NUSA TENGGARA BARAT,2003,Ubi_Jalar,20565.0,1876.2,25.0,29.66,1009.52,73.0
NUSA TENGGARA BARAT,2003,Ubi_Kayu,88568.0,1876.2,25.0,29.66,1009.52,73.0
NUSA TENGGARA BARAT,2004,Jagung,71276.0,990.45,25.0,30.09,1009.52,73.0
NUSA TENGGARA BARAT,2004,Kacang_Hijau,39730.0,990.45,25.0,30.09,1009.52,73.0
NUSA TENGGARA BARAT,2004,Kacang_Tanah,49226.0,990.45,25.0,30.09,1009.52,73.0
NUSA TENGGARA BARAT,2004,Kedelai,91495.0,990.45,25.0,30.09,1009.52,73.0
NUSA TENGGARA BARAT,2004,Padi,1466757.0,990.45,25.0,30.09,1009.52,73.0
NUSA TENGGARA BARAT,2004,Ubi_Jalar,20886.0,990.45,25.0,30.09,1009.52,73.0
NUSA TENGGARA BARAT,2004,Ubi_Kayu,88030.0,990.45,25.0,30.09,1009.52,73.0
NUSA TENGGARA BARAT,2005,Jagung,96458.0,104.7,25.0,27.8,1011.9,73.0
NUSA TENGGARA BARAT,2005,Kacang_Hijau,35429.0,104.7,25.0,27.8,1011.9,73.0
NUSA TENGGARA BARAT,2005,Kacang_Tanah,43397.0,104.7,25.0,27.8,1011.9,73.0
NUSA TENGGARA BARAT,2005,Kedelai,106682.0,104.7,25.0,27.8,1011.9,73.0
NUSA TENGGARA BARAT,2005,Padi,1367869.0,104.7,25.0,27.8,1011.9,73.0
NUSA TENGGARA BARAT,2005,Ubi_Jalar,19430.0,104.7,25.0,27.8,1011.9,73.0
NUSA TENGGARA BARAT,2005,Ubi_Kayu,92991.0,104.7,25.0,27.8,1011.9,73.0
NUSA TENGGARA BARAT,2006,Jagung,103963.0,236.1,25.0,26.75,1010.6,73.0
NUSA TENGGARA BARAT,2006,Kacang_Hijau,40968.0,236.1,25.0,26.75,1010.6,73.0
NUSA TENGGARA BARAT,2006,Kacang_Tanah,43955.0,236.1,25.0,26.75,1010.6,73.0
NUSA TENGGARA BARAT,2006,Kedelai,10864.0,236.1,25.0,26.75,1010.6,73.0
NUSA TENGGARA BARAT,2006,Padi,1552627.0,236.1,25.0,26.75,1010.6,73.0
NUSA TENGGARA BARAT,2006,Ubi_Jalar,19372.0,236.1,25.0,26.75,1010.6,73.0
NUSA TENGGARA BARAT,2006,Ubi_Kayu,87041.0,236.1,25.0,26.75,1010.6,73.0
NUSA TENGGARA BARAT,2007,Jagung,120612.0,1408.0,162.0,26.6,1011.2,69.6
NUSA TENGGARA BARAT,2007,Kacang_Hijau,40970.0,1408.0,162.0,26.6,1011.2,69.6
NUSA TENGGARA BARAT,2007,Kacang_Tanah,32913.0,1408.0,162.0,26.6,1011.2,69.6
NUSA TENGGARA BARAT,2007,Kedelai,68419.0,1408.0,162.0,26.6,1011.2,69.6
NUSA TENGGARA BARAT,2007,Padi,1526347.0,1408.0,162.0,26.6,1011.2,69.6
NUSA TENGGARA BARAT,2007,Ubi_Jalar,13007.0,1408.0,162.0,26.6,1011.2,69.6
NUSA TENGGARA BARAT,2007,Ubi_Kayu,88527.0,1408.0,162.0,26.6,1011.2,69.6
NUSA TENGGARA BARAT,2008,Jagung,196263.0,1440.0,174.0,27.3,1010.8,63.9
NUSA TENGGARA BARAT,2008,Kacang_Hijau,39756.0,1440.0,174.0,27.3,1010.8,63.9
NUSA TENGGARA BARAT,2008,Kacang_Tanah,32348.0,1440.0,174.0,27.3,1010.8,63.9
NUSA TENGGARA BARAT,2008,Kedelai,95106.0,1440.0,174.0,27.3,1010.8,63.9
NUSA TENGGARA BARAT,2008,Padi,1750677.0,1440.0,174.0,27.3,1010.8,63.9
NUSA TENGGARA BARAT,2008,Ubi_Jalar,10985.0,1440.0,174.0,27.3,1010.8,63.9
NUSA TENGGARA BARAT,2008,Ubi_Kayu,68386.0,1440.0,174.0,27.3,1010.8,63.9
NUSA TENGGARA BARAT,2009,Jagung,308863.0,1440.0,174.0,27.4,1008.7,73.6
NUSA TENGGARA BARAT,2009,Kacang_Hijau,33774.0,1440.0,174.0,27.4,1008.7,73.6
NUSA TENGGARA BARAT,2009,Kacang_Tanah,38615.0,1440.0,174.0,27.4,1008.7,73.6
NUSA TENGGARA BARAT,2009,Kedelai,95846.0,1440.0,174.0,27.4,1008.7,73.6
NUSA TENGGARA BARAT,2009,Padi,1870775.0,1440.0,174.0,27.4,1008.7,73.6
NUSA TENGGARA BARAT,2009,Ubi_Jalar,11276.0,1440.0,174.0,27.4,1008.7,73.6
NUSA TENGGARA BARAT,2009,Ubi_Kayu,85062.0,1440.0,174.0,27.4,1008.7,73.6
NUSA TENGGARA BARAT,2010,Jagung,249005.0,2643.0,220.0,26.87,1013.09,67.7
NUSA TENGGARA BARAT,2010,Kacang_Hijau,50012.0,2643.0,220.0,26.87,1013.09,67.7
NUSA TENGGARA BARAT,2010,Kacang_Tanah,33666.0,2643.0,220.0,26.87,1013.09,67.7
NUSA TENGGARA BARAT,2010,Kedelai,93122.0,2643.0,220.0,26.87,1013.09,67.7
NUSA TENGGARA BARAT,2010,Padi,1774499.0,2643.0,220.0,26.87,1013.09,67.7
NUSA TENGGARA BARAT,2010,Ubi_Jalar,13134.0,2643.0,220.0,26.87,1013.09,67.7
NUSA TENGGARA BARAT,2010,Ubi_Kayu,70606.0,2643.0,220.0,26.87,1013.09,67.7
NUSA TENGGARA BARAT,2011,Jagung,456915.0,2390.0,186.5,26.33,1009.7,68.0
NUSA TENGGARA BARAT,2011,Kacang_Hijau,50702.0,2390.0,186.5,26.33,1009.7,68.0
NUSA TENGGARA BARAT,2011,Kacang_Tanah,37965.0,2390.0,186.5,26.33,1009.7,68.0
NUSA TENGGARA BARAT,2011,Kedelai,88099.0,2390.0,186.5,26.33,1009.7,68.0
NUSA TENGGARA BARAT,2011,Padi,2067137.0,2390.0,186.5,26.33,1009.7,68.0
NUSA TENGGARA BARAT,2011,Ubi_Jalar,11970.0,2390.0,186.5,26.33,1009.7,68.0
NUSA TENGGARA BARAT,2011,Ubi_Kayu,75367.0,2390.0,186.5,26.33,1009.7,68.0
NUSA TENGGARA BARAT,2012,Jagung,642674.0,2137.0,153.0,25.8,1007.25,68.3
NUSA TENGGARA BARAT,2012,Kacang_Hijau,34152.0,2137.0,153.0,25.8,1007.25,68.3
NUSA TENGGARA BARAT,2012,Kacang_Tanah,38890.0,2137.0,153.0,25.8,1007.25,68.3
NUSA TENGGARA BARAT,2012,Kedelai,74156.0,2137.0,153.0,25.8,1007.25,68.3
NUSA TENGGARA BARAT,2012,Padi,2114231.0,2137.0,153.0,25.8,1007.25,68.3
NUSA TENGGARA BARAT,2012,Ubi_Jalar,13232.0,2137.0,153.0,25.8,1007.25,68.3
NUSA TENGGARA BARAT,2012,Ubi_Kayu,79472.0,2137.0,153.0,25.8,1007.25,68.3
NUSA TENGGARA BARAT,2013,Jagung,633773.0,2098.9,160.0,28.3,1010.3,68.0
NUSA TENGGARA BARAT,2013,Kacang_Hijau,22079.0,2098.9,160.0,28.3,1010.3,68.0
NUSA TENGGARA BARAT,2013,Kacang_Tanah,41889.0,2098.9,160.0,28.3,1010.3,68.0
NUSA TENGGARA BARAT,2013,Kedelai,91065.0,2098.9,160.0,28.3,1010.3,68.0
NUSA TENGGARA BARAT,2013,Padi,2193698.0,2098.9,160.0,28.3,1010.3,68.0
NUSA TENGGARA BARAT,2013,Ubi_Jalar,11335.0,2098.9,160.0,28.3,1010.3,68.0
NUSA TENGGARA BARAT,2013,Ubi_Kayu,59085.0,2098.9,160.0,28.3,1010.3,68.0
NUSA TENGGARA BARAT,2014,Jagung,796873.0,1563.9,106.0,27.2,1010.6,73.0
NUSA TENGGARA BARAT,2014,Kacang_Hijau,24576.0,1563.9,106.0,27.2,1010.6,73.0
NUSA TENGGARA BARAT,2014,Kacang_Tanah,36516.0,1563.9,106.0,27.2,1010.6,73.0
NUSA TENGGARA BARAT,2014,Kedelai,108050.0,1563.9,106.0,27.2,1010.6,73.0
NUSA TENGGARA BARAT,2014,Padi,2305545.0,1563.9,106.0,27.2,1010.6,73.0
NUSA TENGGARA BARAT,2014,Ubi_Jalar,15180.0,1563.9,106.0,27.2,1010.6,73.0
NUSA TENGGARA BARAT,2014,Ubi_Kayu,83170.0,1563.9,106.0,27.2,1010.6,73.0
NUSA TENGGARA BARAT,2015,Jagung,959973.0,1147.9,91.0,26.1,1013.09,84.99
NUSA TENGGARA BARAT,2015,Kacang_Hijau,27074.0,1147.9,91.0,26.1,1013.09,84.99
NUSA TENGGARA BARAT,2015,Kacang_Tanah,31142.0,1147.9,91.0,26.1,1013.09,84.99
NUSA TENGGARA BARAT,2015,Kedelai,125036.0,1147.9,91.0,26.1,1013.09,84.99
NUSA TENGGARA BARAT,2015,Padi,2417392.0,1147.9,91.0,26.1,1013.09,84.99
NUSA TENGGARA BARAT,2015,Ubi_Jalar,19024.0,1147.9,91.0,26.1,1013.09,84.99
NUSA TENGGARA BARAT,2015,Ubi_Kayu,107254.0,1147.9,91.0,26.1,1013.09,84.99
NUSA TENGGARA TIMUR,2000,Jagung,527230.0,3077.8,104.0,27.56,1010.24,79.5
NUSA TENGGARA TIMUR,2000,Kacang_Hijau,13900.0,3077.8,104.0,27.56,1010.24,79.5
NUSA TENGGARA TIMUR,2000,Kacang_Tanah,15009.0,3077.8,104.0,27.56,1010.24,79.5
NUSA TENGGARA TIMUR,2000,Kedelai,3018.0,3077.8,104.0,27.56,1010.24,79.5
NUSA TENGGARA TIMUR,2000,Padi,461413.0,3077.8,104.0,27.56,1010.24,79.5
NUSA TENGGARA TIMUR,2000,Ubi_Jalar,156394.0,3077.8,104.0,27.56,1010.24,79.5
NUSA TENGGARA TIMUR,2000,Ubi_Kayu,836056.0,3077.8,104.0,27.56,1010.24,79.5
NUSA TENGGARA TIMUR,2001,Jagung,553298.0,1259.6,104.0,27.37,1010.24,79.5
NUSA TENGGARA TIMUR,2001,Kacang_Hijau,16441.0,1259.6,104.0,27.37,1010.24,79.5
NUSA TENGGARA TIMUR,2001,Kacang_Tanah,11304.0,1259.6,104.0,27.37,1010.24,79.5
NUSA TENGGARA TIMUR,2001,Kedelai,1648.0,1259.6,104.0,27.37,1010.24,79.5
NUSA TENGGARA TIMUR,2001,Padi,448001.0,1259.6,104.0,27.37,1010.24,79.5
NUSA TENGGARA TIMUR,2001,Ubi_Jalar,147056.0,1259.6,104.0,27.37,1010.24,79.5
NUSA TENGGARA TIMUR,2001,Ubi_Kayu,778423.0,1259.6,104.0,27.37,1010.24,79.5
NUSA TENGGARA TIMUR,2002,Jagung,580900.0,1230.2,104.0,28.28,1010.24,79.5
NUSA TENGGARA TIMUR,2002,Kacang_Hijau,19120.0,1230.2,104.0,28.28,1010.24,79.5
NUSA TENGGARA TIMUR,2002,Kacang_Tanah,13615.0,1230.2,104.0,28.28,1010.24,79.5
NUSA TENGGARA TIMUR,2002,Kedelai,2984.0,1230.2,104.0,28.28,1010.24,79.5
NUSA TENGGARA TIMUR,2002,Padi,468011.0,1230.2,104.0,28.28,1010.24,79.5
NUSA TENGGARA TIMUR,2002,Ubi_Jalar,133066.0,1230.2,104.0,28.28,1010.24,79.5
NUSA TENGGARA TIMUR,2002,Ubi_Kayu,870157.0,1230.2,104.0,28.28,1010.24,79.5
NUSA TENGGARA TIMUR,2003,Jagung,583355.0,1886.5,104.0,29.13,1010.24,79.5
NUSA TENGGARA TIMUR,2003,Kacang_Hijau,20135.0,1886.5,104.0,29.13,1010.24,79.5
NUSA TENGGARA TIMUR,2003,Kacang_Tanah,13637.0,1886.5,104.0,29.13,1010.24,79.5
NUSA TENGGARA TIMUR,2003,Kedelai,4032.0,1886.5,104.0,29.13,1010.24,79.5
NUSA TENGGARA TIMUR,2003,Padi,509419.0,1886.5,104.0,29.13,1010.24,79.5
NUSA TENGGARA TIMUR,2003,Ubi_Jalar,86692.0,1886.5,104.0,29.13,1010.24,79.5
NUSA TENGGARA TIMUR,2003,Ubi_Kayu,861620.0,1886.5,104.0,29.13,1010.24,79.5
NUSA TENGGARA TIMUR,2004,Jagung,622811.0,1181.4,104.0,28.93,1010.24,79.5
NUSA TENGGARA TIMUR,2004,Kacang_Hijau,19896.0,1181.4,104.0,28.93,1010.24,79.5
NUSA TENGGARA TIMUR,2004,Kacang_Tanah,17680.0,1181.4,104.0,28.93,1010.24,79.5
NUSA TENGGARA TIMUR,2004,Kedelai,2368.0,1181.4,104.0,28.93,1010.24,79.5
NUSA TENGGARA TIMUR,2004,Padi,552205.0,1181.4,104.0,28.93,1010.24,79.5
NUSA TENGGARA TIMUR,2004,Ubi_Jalar,126406.0,1181.4,104.0,28.93,1010.24,79.5
NUSA TENGGARA TIMUR,2004,Ubi_Kayu,1041279.0,1181.4,104.0,28.93,1010.24,79.5
NUSA TENGGARA TIMUR,2005,Jagung,552440.0,476.3,104.0,27.2,1010.4,79.5
NUSA TENGGARA TIMUR,2005,Kacang_Hijau,16696.0,476.3,104.0,27.2,1010.4,79.5
NUSA TENGGARA TIMUR,2005,Kacang_Tanah,14519.0,476.3,104.0,27.2,1010.4,79.5
NUSA TENGGARA TIMUR,2005,Kedelai,2188.0,476.3,104.0,27.2,1010.4,79.5
NUSA TENGGARA TIMUR,2005,Padi,461007.0,476.3,104.0,27.2,1010.4,79.5
NUSA TENGGARA TIMUR,2005,Ubi_Jalar,99748.0,476.3,104.0,27.2,1010.4,79.5
NUSA TENGGARA TIMUR,2005,Ubi_Kayu,891783.0,476.3,104.0,27.2,1010.4,79.5
NUSA TENGGARA TIMUR,2006,Jagung,582964.0,883.65,104.0,27.25,1009.8,79.5
NUSA TENGGARA TIMUR,2006,Kacang_Hijau,19353.0,883.65,104.0,27.25,1009.8,79.5
NUSA TENGGARA TIMUR,2006,Kacang_Tanah,17831.0,883.65,104.0,27.25,1009.8,79.5
NUSA TENGGARA TIMUR,2006,Kedelai,2786.0,883.65,104.0,27.25,1009.8,79.5
NUSA TENGGARA TIMUR,2006,Padi,511911.0,883.65,104.0,27.25,1009.8,79.5
NUSA TENGGARA TIMUR,2006,Ubi_Jalar,111279.0,883.65,104.0,27.25,1009.8,79.5
NUSA TENGGARA TIMUR,2006,Ubi_Kayu,938010.0,883.65,104.0,27.25,1009.8,79.5
NUSA TENGGARA TIMUR,2007,Jagung,51436.0,1291.0,104.0,27.3,1009.2,79.5
NUSA TENGGARA TIMUR,2007,Kacang_Hijau,20802.0,1291.0,104.0,27.3,1009.2,79.5
NUSA TENGGARA TIMUR,2007,Kacang_Tanah,21353.0,1291.0,104.0,27.3,1009.2,79.5
NUSA TENGGARA TIMUR,2007,Kedelai,1561.0,1291.0,104.0,27.3,1009.2,79.5
NUSA TENGGARA TIMUR,2007,Padi,505628.0,1291.0,104.0,27.3,1009.2,79.5
NUSA TENGGARA TIMUR,2007,Ubi_Jalar,102375.0,1291.0,104.0,27.3,1009.2,79.5
NUSA TENGGARA TIMUR,2007,Ubi_Kayu,794121.0,1291.0,104.0,27.3,1009.2,79.5
NUSA TENGGARA TIMUR,2008,Jagung,673112.0,1988.0,123.0,27.2,1009.3,79.6
NUSA TENGGARA TIMUR,2008,Kacang_Hijau,23392.0,1988.0,123.0,27.2,1009.3,79.6
NUSA TENGGARA TIMUR,2008,Kacang_Tanah,25678.0,1988.0,123.0,27.2,1009.3,79.6
NUSA TENGGARA TIMUR,2008,Kedelai,2295.0,1988.0,123.0,27.2,1009.3,79.6
NUSA TENGGARA TIMUR,2008,Padi,577895.0,1988.0,123.0,27.2,1009.3,79.6
NUSA TENGGARA TIMUR,2008,Ubi_Jalar,107316.0,1988.0,123.0,27.2,1009.3,79.6
NUSA TENGGARA TIMUR,2008,Ubi_Kayu,928974.0,1988.0,123.0,27.2,1009.3,79.6
NUSA TENGGARA TIMUR,2009,Jagung,638899.0,1513.0,98.0,27.3,1010.7,80.3
NUSA TENGGARA TIMUR,2009,Kacang_Hijau,20447.0,1513.0,98.0,27.3,1010.7,80.3
NUSA TENGGARA TIMUR,2009,Kacang_Tanah,22465.0,1513.0,98.0,27.3,1010.7,80.3
NUSA TENGGARA TIMUR,2009,Kedelai,2101.0,1513.0,98.0,27.3,1010.7,80.3
NUSA TENGGARA TIMUR,2009,Padi,607359.0,1513.0,98.0,27.3,1010.7,80.3
NUSA TENGGARA TIMUR,2009,Ubi_Jalar,103635.0,1513.0,98.0,27.3,1010.7,80.3
NUSA TENGGARA TIMUR,2009,Ubi_Kayu,913053.0,1513.0,98.0,27.3,1010.7,80.3
NUSA TENGGARA TIMUR,2010,Jagung,653620.0,1606.0,119.0,27.15,1009.9,76.8
NUSA TENGGARA TIMUR,2010,Kacang_Hijau,13462.0,1606.0,119.0,27.15,1009.9,76.8
NUSA TENGGARA TIMUR,2010,Kacang_Tanah,20069.0,1606.0,119.0,27.15,1009.9,76.8
NUSA TENGGARA TIMUR,2010,Kedelai,1780.0,1606.0,119.0,27.15,1009.9,76.8
NUSA TENGGARA TIMUR,2010,Padi,555493.0,1606.0,119.0,27.15,1009.9,76.8
NUSA TENGGARA TIMUR,2010,Ubi_Jalar,121284.0,1606.0,119.0,27.15,1009.9,76.8
NUSA TENGGARA TIMUR,2010,Ubi_Kayu,1032538.0,1606.0,119.0,27.15,1009.9,76.8
NUSA TENGGARA TIMUR,2011,Jagung,524638.0,1699.0,140.0,27.0,1009.1,73.3
NUSA TENGGARA TIMUR,2011,Kacang_Hijau,10407.0,1699.0,140.0,27.0,1009.1,73.3
NUSA TENGGARA TIMUR,2011,Kacang_Tanah,23685.0,1699.0,140.0,27.0,1009.1,73.3
NUSA TENGGARA TIMUR,2011,Kedelai,1378.0,1699.0,140.0,27.0,1009.1,73.3
NUSA TENGGARA TIMUR,2011,Padi,591371.0,1699.0,140.0,27.0,1009.1,73.3
NUSA TENGGARA TIMUR,2011,Ubi_Jalar,129728.0,1699.0,140.0,27.0,1009.1,73.3
NUSA TENGGARA TIMUR,2011,Ubi_Kayu,962128.0,1699.0,140.0,27.0,1009.1,73.3
NUSA TENGGARA TIMUR,2012,Jagung,629386.0,1211.0,88.0,27.2,1009.7,81.4
NUSA TENGGARA TIMUR,2012,Kacang_Hijau,11478.0,1211.0,88.0,27.2,1009.7,81.4
NUSA TENGGARA TIMUR,2012,Kacang_Tanah,21563.0,1211.0,88.0,27.2,1009.7,81.4
NUSA TENGGARA TIMUR,2012,Kedelai,2781.0,1211.0,88.0,27.2,1009.7,81.4
NUSA TENGGARA TIMUR,2012,Padi,698566.0,1211.0,88.0,27.2,1009.7,81.4
NUSA TENGGARA TIMUR,2012,Ubi_Jalar,151864.0,1211.0,88.0,27.2,1009.7,81.4
NUSA TENGGARA TIMUR,2012,Ubi_Kayu,892145.0,1211.0,88.0,27.2,1009.7,81.4
NUSA TENGGARA TIMUR,2013,Jagung,707642.0,2149.0,126.0,27.5,1009.3,78.0
NUSA TENGGARA TIMUR,2013,Kacang_Hijau,10139.0,2149.0,126.0,27.5,1009.3,78.0
NUSA TENGGARA TIMUR,2013,Kacang_Tanah,16056.0,2149.0,126.0,27.5,1009.3,78.0
NUSA TENGGARA TIMUR,2013,Kedelai,1675.0,2149.0,126.0,27.5,1009.3,78.0
NUSA TENGGARA TIMUR,2013,Padi,729666.0,2149.0,126.0,27.5,1009.3,78.0
NUSA TENGGARA TIMUR,2013,Ubi_Jalar,78944.0,2149.0,126.0,27.5,1009.3,78.0
NUSA TENGGARA TIMUR,2013,Ubi_Kayu,811166.0,2149.0,126.0,27.5,1009.3,78.0
NUSA TENGGARA TIMUR,2014,Jagung,696362.0,1415.6,103.0,27.4,1010.1,69.8
NUSA TENGGARA TIMUR,2014,Kacang_Hijau,9928.0,1415.6,103.0,27.4,1010.1,69.8
NUSA TENGGARA TIMUR,2014,Kacang_Tanah,13338.0,1415.6,103.0,27.4,1010.1,69.8
NUSA TENGGARA TIMUR,2014,Kedelai,2645.0,1415.6,103.0,27.4,1010.1,69.8
NUSA TENGGARA TIMUR,2014,Padi,838877.0,1415.6,103.0,27.4,1010.1,69.8
NUSA TENGGARA TIMUR,2014,Ubi_Jalar,69845.0,1415.6,103.0,27.4,1010.1,69.8
NUSA TENGGARA TIMUR,2014,Ubi_Kayu,724240.0,1415.6,103.0,27.4,1010.1,69.8
NUSA TENGGARA TIMUR,2015,Jagung,685081.0,1406.0,82.0,27.5,1011.0,84.0
NUSA TENGGARA TIMUR,2015,Kacang_Hijau,9717.0,1406.0,82.0,27.5,1011.0,84.0
NUSA TENGGARA TIMUR,2015,Kacang_Tanah,10620.0,1406.0,82.0,27.5,1011.0,84.0
NUSA TENGGARA TIMUR,2015,Kedelai,3615.0,1406.0,82.0,27.5,1011.0,84.0
NUSA TENGGARA TIMUR,2015,Padi,948088.0,1406.0,82.0,27.5,1011.0,84.0
NUSA TENGGARA TIMUR,2015,Ubi_Jalar,60746.0,1406.0,82.0,27.5,1011.0,84.0
NUSA TENGGARA TIMUR,2015,Ubi_Kayu,637315.0,1406.0,82.0,27.5,1011.0,84.0
PAPUA,2000,Jagung,6910.0,1744.7,25.0,28.49,1008.84,55.3
PAPUA,2000,Kacang_Hijau,1299.0,1744.7,25.0,28.49,1008.84,55.3
PAPUA,2000,Kacang_Tanah,7310.0,1744.7,25.0,28.49,1008.84,55.3
PAPUA,2000,Kedelai,7318.0,1744.7,25.0,28.49,1008.84,55.3
PAPUA,2000,Padi,81534.0,1744.7,25.0,28.49,1008.84,55.3
PAPUA,2000,Ubi_Jalar,281077.0,1744.7,25.0,28.49,1008.84,55.3
PAPUA,2000,Ubi_Kayu,47660.0,1744.7,25.0,28.49,1008.84,55.3
PAPUA,2001,Jagung,8609.0,1744.7,25.0,28.49,1008.84,55.3
PAPUA,2001,Kacang_Hijau,2099.0,1744.7,25.0,28.49,1008.84,55.3
PAPUA,2001,Kacang_Tanah,7405.0,1744.7,25.0,28.49,1008.84,55.3
PAPUA,2001,Kedelai,8010.0,1744.7,25.0,28.49,1008.84,55.3
PAPUA,2001,Padi,75031.0,1744.7,25.0,28.49,1008.84,55.3
PAPUA,2001,Ubi_Jalar,283628.0,1744.7,25.0,28.49,1008.84,55.3
PAPUA,2001,Ubi_Kayu,58200.0,1744.7,25.0,28.49,1008.84,55.3
PAPUA,2002,Jagung,7940.0,1744.7,25.0,28.49,1008.84,55.3
PAPUA,2002,Kacang_Hijau,1461.0,1744.7,25.0,28.49,1008.84,55.3
PAPUA,2002,Kacang_Tanah,3374.0,1744.7,25.0,28.49,1008.84,55.3
PAPUA,2002,Kedelai,5126.0,1744.7,25.0,28.49,1008.84,55.3
PAPUA,2002,Padi,73123.0,1744.7,25.0,28.49,1008.84,55.3
PAPUA,2002,Ubi_Jalar,257297.0,1744.7,25.0,28.49,1008.84,55.3
PAPUA,2002,Ubi_Kayu,47140.0,1744.7,25.0,28.49,1008.84,55.3
PAPUA,2003,Jagung,4839.0,1744.7,25.0,28.49,1008.84,55.3
PAPUA,2003,Kacang_Hijau,1027.0,1744.7,25.0,28.49,1008.84,55.3
PAPUA,2003,Kacang_Tanah,2170.0,1744.7,25.0,28.49,1008.84,55.3
PAPUA,2003,Kedelai,3407.0,1744.7,25.0,28.49,1008.84,55.3
PAPUA,2003,Padi,57889.0,1744.7,25.0,28.49,1008.84,55.3
PAPUA,2003,Ubi_Jalar,512427.0,1744.7,25.0,28.49,1008.84,55.3
PAPUA,2003,Ubi_Kayu,40927.0,1744.7,25.0,28.49,1008.84,55.3
PAPUA,2004,Jagung,6040.0,1399.27,25.0,28.14,1008.84,55.3
PAPUA,2004,Kacang_Hijau,888.0,1399.27,25.0,28.14,1008.84,55.3
PAPUA,2004,Kacang_Tanah,3004.0,1399.27,25.0,28.14,1008.84,55.3
PAPUA,2004,Kedelai,4160.0,1399.27,25.0,28.14,1008.84,55.3
PAPUA,2004,Padi,63367.0,1399.27,25.0,28.14,1008.84,55.3
PAPUA,2004,Ubi_Jalar,298543.0,1399.27,25.0,28.14,1008.84,55.3
PAPUA,2004,Ubi_Kayu,48150.0,1399.27,25.0,28.14,1008.84,55.3
PAPUA,2005,Jagung,6164.0,1053.83,25.0,27.6,1008.22,55.3
PAPUA,2005,Kacang_Hijau,1283.0,1053.83,25.0,27.6,1008.22,55.3
PAPUA,2005,Kacang_Tanah,2612.0,1053.83,25.0,27.6,1008.22,55.3
PAPUA,2005,Kedelai,4511.0,1053.83,25.0,27.6,1008.22,55.3
PAPUA,2005,Padi,60810.0,1053.83,25.0,27.6,1008.22,55.3
PAPUA,2005,Ubi_Jalar,273876.0,1053.83,25.0,27.6,1008.22,55.3
PAPUA,2005,Ubi_Kayu,33959.0,1053.83,25.0,27.6,1008.22,55.3
PAPUA,2006,Jagung,6843.0,708.4,25.0,27.07,1007.6,55.3
PAPUA,2006,Kacang_Hijau,1291.0,708.4,25.0,27.07,1007.6,55.3
PAPUA,2006,Kacang_Tanah,2645.0,708.4,25.0,27.07,1007.6,55.3
PAPUA,2006,Kedelai,4222.0,708.4,25.0,27.07,1007.6,55.3
PAPUA,2006,Padi,68319.0,708.4,25.0,27.07,1007.6,55.3
PAPUA,2006,Ubi_Jalar,290424.0,708.4,25.0,27.07,1007.6,55.3
PAPUA,2006,Ubi_Kayu,37825.0,708.4,25.0,27.07,1007.6,55.3
PAPUA,2007,Jagung,7053.0,2314.0,205.0,27.2,1008.0,52.0
PAPUA,2007,Kacang_Hijau,927.0,2314.0,205.0,27.2,1008.0,52.0
PAPUA,2007,Kacang_Tanah,2845.0,2314.0,205.0,27.2,1008.0,52.0
PAPUA,2007,Kedelai,3982.0,2314.0,205.0,27.2,1008.0,52.0
PAPUA,2007,Padi,81678.0,2314.0,205.0,27.2,1008.0,52.0
PAPUA,2007,Ubi_Jalar,306804.0,2314.0,205.0,27.2,1008.0,52.0
PAPUA,2007,Ubi_Kayu,34450.0,2314.0,205.0,27.2,1008.0,52.0
PAPUA,2008,Jagung,7155.0,2144.5,222.0,27.0,1008.8,51.2
PAPUA,2008,Kacang_Hijau,969.0,2144.5,222.0,27.0,1008.8,51.2
PAPUA,2008,Kacang_Tanah,2851.0,2144.5,222.0,27.0,1008.8,51.2
PAPUA,2008,Kedelai,3983.0,2144.5,222.0,27.0,1008.8,51.2
PAPUA,2008,Padi,85699.0,2144.5,222.0,27.0,1008.8,51.2
PAPUA,2008,Ubi_Jalar,337096.0,2144.5,222.0,27.0,1008.8,51.2
PAPUA,2008,Ubi_Kayu,35100.0,2144.5,222.0,27.0,1008.8,51.2
PAPUA,2009,Jagung,6787.0,2323.0,186.0,27.0,1008.2,55.2
PAPUA,2009,Kacang_Hijau,645.0,2323.0,186.0,27.0,1008.2,55.2
PAPUA,2009,Kacang_Tanah,2464.0,2323.0,186.0,27.0,1008.2,55.2
PAPUA,2009,Kedelai,3998.0,2323.0,186.0,27.0,1008.2,55.2
PAPUA,2009,Padi,98511.0,2323.0,186.0,27.0,1008.2,55.2
PAPUA,2009,Ubi_Jalar,343325.0,2323.0,186.0,27.0,1008.2,55.2
PAPUA,2009,Ubi_Kayu,36500.0,2323.0,186.0,27.0,1008.2,55.2
PAPUA,2010,Jagung,6834.0,2323.0,186.0,27.0,1008.2,55.1
PAPUA,2010,Kacang_Hijau,800.0,2323.0,186.0,27.0,1008.2,55.1
PAPUA,2010,Kacang_Tanah,2541.0,2323.0,186.0,27.0,1008.2,55.1
PAPUA,2010,Kedelai,4152.0,2323.0,186.0,27.0,1008.2,55.1
PAPUA,2010,Padi,102610.0,2323.0,186.0,27.0,1008.2,55.1
PAPUA,2010,Ubi_Jalar,349134.0,2323.0,186.0,27.0,1008.2,55.1
PAPUA,2010,Ubi_Kayu,35531.0,2323.0,186.0,27.0,1008.2,55.1
PAPUA,2011,Jagung,6885.0,2226.0,196.0,27.1,1008.0,58.0
PAPUA,2011,Kacang_Hijau,762.0,2226.0,196.0,27.1,1008.0,58.0
PAPUA,2011,Kacang_Tanah,2105.0,2226.0,196.0,27.1,1008.0,58.0
PAPUA,2011,Kedelai,3959.0,2226.0,196.0,27.1,1008.0,58.0
PAPUA,2011,Padi,115437.0,2226.0,196.0,27.1,1008.0,58.0
PAPUA,2011,Ubi_Jalar,348438.0,2226.0,196.0,27.1,1008.0,58.0
PAPUA,2011,Ubi_Kayu,34899.0,2226.0,196.0,27.1,1008.0,58.0
PAPUA,2012,Jagung,6393.0,1916.0,219.0,27.0,1008.8,57.3
PAPUA,2012,Kacang_Hijau,841.0,1916.0,219.0,27.0,1008.8,57.3
PAPUA,2012,Kacang_Tanah,2094.0,1916.0,219.0,27.0,1008.8,57.3
PAPUA,2012,Kedelai,4156.0,1916.0,219.0,27.0,1008.8,57.3
PAPUA,2012,Padi,138032.0,1916.0,219.0,27.0,1008.8,57.3
PAPUA,2012,Ubi_Jalar,345095.0,1916.0,219.0,27.0,1008.8,57.3
PAPUA,2012,Ubi_Kayu,36679.0,1916.0,219.0,27.0,1008.8,57.3
PAPUA,2013,Jagung,7034.0,4033.0,251.0,27.9,1009.7,43.4
PAPUA,2013,Kacang_Hijau,682.0,4033.0,251.0,27.9,1009.7,43.4
PAPUA,2013,Kacang_Tanah,2044.0,4033.0,251.0,27.9,1009.7,43.4
PAPUA,2013,Kedelai,4610.0,4033.0,251.0,27.9,1009.7,43.4
PAPUA,2013,Padi,169791.0,4033.0,251.0,27.9,1009.7,43.4
PAPUA,2013,Ubi_Jalar,405520.0,4033.0,251.0,27.9,1009.7,43.4
PAPUA,2013,Ubi_Kayu,38901.0,4033.0,251.0,27.9,1009.7,43.4
PAPUA,2014,Jagung,6850.0,2731.0,202.0,28.1,1010.8,57.2
PAPUA,2014,Kacang_Hijau,575.0,2731.0,202.0,28.1,1010.8,57.2
PAPUA,2014,Kacang_Tanah,2270.0,2731.0,202.0,28.1,1010.8,57.2
PAPUA,2014,Kedelai,4066.0,2731.0,202.0,28.1,1010.8,57.2
PAPUA,2014,Padi,175780.0,2731.0,202.0,28.1,1010.8,57.2
PAPUA,2014,Ubi_Jalar,426222.0,2731.0,202.0,28.1,1010.8,57.2
PAPUA,2014,Ubi_Kayu,42644.0,2731.0,202.0,28.1,1010.8,57.2
PAPUA,2015,Jagung,6666.0,1265.9,168.0,27.8,1011.1,64.47
PAPUA,2015,Kacang_Hijau,468.0,1265.9,168.0,27.8,1011.1,64.47
PAPUA,2015,Kacang_Tanah,2497.0,1265.9,168.0,27.8,1011.1,64.47
PAPUA,2015,Kedelai,3522.0,1265.9,168.0,27.8,1011.1,64.47
PAPUA,2015,Padi,181769.0,1265.9,168.0,27.8,1011.1,64.47
PAPUA,2015,Ubi_Jalar,446925.0,1265.9,168.0,27.8,1011.1,64.47
PAPUA,2015,Ubi_Kayu,46388.0,1265.9,168.0,27.8,1011.1,64.47
PAPUA BARAT,2000,Jagung,3317.0,2126.2,18.0,28.25,1009.7,35.0
PAPUA BARAT,2000,Kacang_Hijau,872.0,2126.2,18.0,28.25,1009.7,35.0
PAPUA BARAT,2000,Kacang_Tanah,2131.0,2126.2,18.0,28.25,1009.7,35.0
PAPUA BARAT,2000,Kedelai,2279.0,2126.2,18.0,28.25,1009.7,35.0
PAPUA BARAT,2000,Padi,24702.0,2126.2,18.0,28.25,1009.7,35.0
PAPUA BARAT,2000,Ubi_Jalar,19543.0,2126.2,18.0,28.25,1009.7,35.0
PAPUA BARAT,2000,Ubi_Kayu,25897.0,2126.2,18.0,28.25,1009.7,35.0
PAPUA BARAT,2001,Jagung,3317.0,2126.2,18.0,28.25,1009.7,35.0
PAPUA BARAT,2001,Kacang_Hijau,872.0,2126.2,18.0,28.25,1009.7,35.0
PAPUA BARAT,2001,Kacang_Tanah,2131.0,2126.2,18.0,28.25,1009.7,35.0
PAPUA BARAT,2001,Kedelai,2279.0,2126.2,18.0,28.25,1009.7,35.0
PAPUA BARAT,2001,Padi,24702.0,2126.2,18.0,28.25,1009.7,35.0
PAPUA BARAT,2001,Ubi_Jalar,19543.0,2126.2,18.0,28.25,1009.7,35.0
PAPUA BARAT,2001,Ubi_Kayu,25897.0,2126.2,18.0,28.25,1009.7,35.0
PAPUA BARAT,2002,Jagung,3317.0,2126.2,18.0,28.25,1009.7,35.0
PAPUA BARAT,2002,Kacang_Hijau,872.0,2126.2,18.0,28.25,1009.7,35.0
PAPUA BARAT,2002,Kacang_Tanah,2131.0,2126.2,18.0,28.25,1009.7,35.0
PAPUA BARAT,2002,Kedelai,2279.0,2126.2,18.0,28.25,1009.7,35.0
PAPUA BARAT,2002,Padi,24702.0,2126.2,18.0,28.25,1009.7,35.0
PAPUA BARAT,2002,Ubi_Jalar,19543.0,2126.2,18.0,28.25,1009.7,35.0
PAPUA BARAT,2002,Ubi_Kayu,25897.0,2126.2,18.0,28.25,1009.7,35.0
PAPUA BARAT,2003,Jagung,3317.0,2126.2,18.0,28.25,1009.7,35.0
PAPUA BARAT,2003,Kacang_Hijau,872.0,2126.2,18.0,28.25,1009.7,35.0
PAPUA BARAT,2003,Kacang_Tanah,2131.0,2126.2,18.0,28.25,1009.7,35.0
PAPUA BARAT,2003,Kedelai,2279.0,2126.2,18.0,28.25,1009.7,35.0
PAPUA BARAT,2003,Padi,24702.0,2126.2,18.0,28.25,1009.7,35.0
PAPUA BARAT,2003,Ubi_Jalar,19543.0,2126.2,18.0,28.25,1009.7,35.0
PAPUA BARAT,2003,Ubi_Kayu,25897.0,2126.2,18.0,28.25,1009.7,35.0
PAPUA BARAT,2004,Jagung,3317.0,1432.5,18.0,28.1,1009.7,35.0
PAPUA BARAT,2004,Kacang_Hijau,872.0,1432.5,18.0,28.1,1009.7,35.0
PAPUA BARAT,2004,Kacang_Tanah,2131.0,1432.5,18.0,28.1,1009.7,35.0
PAPUA BARAT,2004,Kedelai,2279.0,1432.5,18.0,28.1,1009.7,35.0
PAPUA BARAT,2004,Padi,24702.0,1432.5,18.0,28.1,1009.7,35.0
PAPUA BARAT,2004,Ubi_Jalar,19543.0,1432.5,18.0,28.1,1009.7,35.0
PAPUA BARAT,2004,Ubi_Kayu,25897.0,1432.5,18.0,28.1,1009.7,35.0
PAPUA BARAT,2005,Jagung,3317.0,738.8,18.0,27.8,1009.1,35.0
PAPUA BARAT,2005,Kacang_Hijau,872.0,738.8,18.0,27.8,1009.1,35.0
PAPUA BARAT,2005,Kacang_Tanah,2131.0,738.8,18.0,27.8,1009.1,35.0
PAPUA BARAT,2005,Kedelai,2279.0,738.8,18.0,27.8,1009.1,35.0
PAPUA BARAT,2005,Padi,24702.0,738.8,18.0,27.8,1009.1,35.0
PAPUA BARAT,2005,Ubi_Jalar,19543.0,738.8,18.0,27.8,1009.1,35.0
PAPUA BARAT,2005,Ubi_Kayu,25897.0,738.8,18.0,27.8,1009.1,35.0
PAPUA BARAT,2006,Jagung,313.0,45.1,18.0,27.5,1008.5,35.0
PAPUA BARAT,2006,Kacang_Hijau,928.0,45.1,18.0,27.5,1008.5,35.0
PAPUA BARAT,2006,Kacang_Tanah,1936.0,45.1,18.0,27.5,1008.5,35.0
PAPUA BARAT,2006,Kedelai,1887.0,45.1,18.0,27.5,1008.5,35.0
PAPUA BARAT,2006,Padi,27073.0,45.1,18.0,27.5,1008.5,35.0
PAPUA BARAT,2006,Ubi_Jalar,21375.0,45.1,18.0,27.5,1008.5,35.0
PAPUA BARAT,2006,Ubi_Kayu,21838.0,45.1,18.0,27.5,1008.5,35.0
PAPUA BARAT,2007,Jagung,2428.0,1492.0,212.0,27.4,1007.65,54.1
PAPUA BARAT,2007,Kacang_Hijau,671.0,1492.0,212.0,27.4,1007.65,54.1
PAPUA BARAT,2007,Kacang_Tanah,1762.0,1492.0,212.0,27.4,1007.65,54.1
PAPUA BARAT,2007,Kedelai,1361.0,1492.0,212.0,27.4,1007.65,54.1
PAPUA BARAT,2007,Padi,28204.0,1492.0,212.0,27.4,1007.65,54.1
PAPUA BARAT,2007,Ubi_Jalar,18702.0,1492.0,212.0,27.4,1007.65,54.1
PAPUA BARAT,2007,Ubi_Kayu,17834.0,1492.0,212.0,27.4,1007.65,54.1
PAPUA BARAT,2008,Jagung,1711.0,1602.0,229.0,27.3,1007.25,60.8
PAPUA BARAT,2008,Kacang_Hijau,557.0,1602.0,229.0,27.3,1007.25,60.8
PAPUA BARAT,2008,Kacang_Tanah,978.0,1602.0,229.0,27.3,1007.25,60.8
PAPUA BARAT,2008,Kedelai,1740.0,1602.0,229.0,27.3,1007.25,60.8
PAPUA BARAT,2008,Padi,39537.0,1602.0,229.0,27.3,1007.25,60.8
PAPUA BARAT,2008,Ubi_Jalar,15340.0,1602.0,229.0,27.3,1007.25,60.8
PAPUA BARAT,2008,Ubi_Kayu,23072.0,1602.0,229.0,27.3,1007.25,60.8
PAPUA BARAT,2009,Jagung,1585.0,1907.0,146.0,27.1,1008.4,37.0
PAPUA BARAT,2009,Kacang_Hijau,291.0,1907.0,146.0,27.1,1008.4,37.0
PAPUA BARAT,2009,Kacang_Tanah,751.0,1907.0,146.0,27.1,1008.4,37.0
PAPUA BARAT,2009,Kedelai,1208.0,1907.0,146.0,27.1,1008.4,37.0
PAPUA BARAT,2009,Padi,36985.0,1907.0,146.0,27.1,1008.4,37.0
PAPUA BARAT,2009,Ubi_Jalar,10599.0,1907.0,146.0,27.1,1008.4,37.0
PAPUA BARAT,2009,Ubi_Kayu,12228.0,1907.0,146.0,27.1,1008.4,37.0
PAPUA BARAT,2010,Jagung,1931.0,1579.0,220.0,27.3,1008.6,61.8
PAPUA BARAT,2010,Kacang_Hijau,245.0,1579.0,220.0,27.3,1008.6,61.8
PAPUA BARAT,2010,Kacang_Tanah,568.0,1579.0,220.0,27.3,1008.6,61.8
PAPUA BARAT,2010,Kedelai,600.0,1579.0,220.0,27.3,1008.6,61.8
PAPUA BARAT,2010,Padi,34254.0,1579.0,220.0,27.3,1008.6,61.8
PAPUA BARAT,2010,Ubi_Jalar,10557.0,1579.0,220.0,27.3,1008.6,61.8
PAPUA BARAT,2010,Ubi_Kayu,25113.0,1579.0,220.0,27.3,1008.6,61.8
PAPUA BARAT,2011,Jagung,2125.0,2681.0,246.0,27.1,1007.9,46.0
PAPUA BARAT,2011,Kacang_Hijau,264.0,2681.0,246.0,27.1,1007.9,46.0
PAPUA BARAT,2011,Kacang_Tanah,626.0,2681.0,246.0,27.1,1007.9,46.0
PAPUA BARAT,2011,Kedelai,403.0,2681.0,246.0,27.1,1007.9,46.0
PAPUA BARAT,2011,Padi,29304.0,2681.0,246.0,27.1,1007.9,46.0
PAPUA BARAT,2011,Ubi_Jalar,10410.0,2681.0,246.0,27.1,1007.9,46.0
PAPUA BARAT,2011,Ubi_Kayu,20440.0,2681.0,246.0,27.1,1007.9,46.0
PAPUA BARAT,2012,Jagung,2049.0,3290.0,256.0,27.2,1008.5,48.3
PAPUA BARAT,2012,Kacang_Hijau,196.0,3290.0,256.0,27.2,1008.5,48.3
PAPUA BARAT,2012,Kacang_Tanah,487.0,3290.0,256.0,27.2,1008.5,48.3
PAPUA BARAT,2012,Kedelai,650.0,3290.0,256.0,27.2,1008.5,48.3
PAPUA BARAT,2012,Padi,30245.0,3290.0,256.0,27.2,1008.5,48.3
PAPUA BARAT,2012,Ubi_Jalar,10647.0,3290.0,256.0,27.2,1008.5,48.3
PAPUA BARAT,2012,Ubi_Kayu,9747.0,3290.0,256.0,27.2,1008.5,48.3
PAPUA BARAT,2013,Jagung,2137.0,3419.1,251.0,27.3,1008.0,47.8
PAPUA BARAT,2013,Kacang_Hijau,187.0,3419.1,251.0,27.3,1008.0,47.8
PAPUA BARAT,2013,Kacang_Tanah,649.0,3419.1,251.0,27.3,1008.0,47.8
PAPUA BARAT,2013,Kedelai,669.0,3419.1,251.0,27.3,1008.0,47.8
PAPUA BARAT,2013,Padi,29912.0,3419.1,251.0,27.3,1008.0,47.8
PAPUA BARAT,2013,Ubi_Jalar,14901.0,3419.1,251.0,27.3,1008.0,47.8
PAPUA BARAT,2013,Ubi_Kayu,12219.0,3419.1,251.0,27.3,1008.0,47.8
PAPUA BARAT,2014,Jagung,2200.0,2824.6,231.0,27.5,1010.6,57.0
PAPUA BARAT,2014,Kacang_Hijau,152.0,2824.6,231.0,27.5,1010.6,57.0
PAPUA BARAT,2014,Kacang_Tanah,651.0,2824.6,231.0,27.5,1010.6,57.0
PAPUA BARAT,2014,Kedelai,1054.0,2824.6,231.0,27.5,1010.6,57.0
PAPUA BARAT,2014,Padi,30066.0,2824.6,231.0,27.5,1010.6,57.0
PAPUA BARAT,2014,Ubi_Jalar,14001.0,2824.6,231.0,27.5,1010.6,57.0
PAPUA BARAT,2014,Ubi_Kayu,11700.0,2824.6,231.0,27.5,1010.6,57.0
PAPUA BARAT,2015,Jagung,2264.0,2844.6,218.0,27.4,1011.5,61.63
PAPUA BARAT,2015,Kacang_Hijau,116.0,2844.6,218.0,27.4,1011.5,61.63
PAPUA BARAT,2015,Kacang_Tanah,653.0,2844.6,218.0,27.4,1011.5,61.63
PAPUA BARAT,2015,Kedelai,1439.0,2844.6,218.0,27.4,1011.5,61.63
PAPUA BARAT,2015,Padi,30219.0,2844.6,218.0,27.4,1011.5,61.63
PAPUA BARAT,2015,Ubi_Jalar,13101.0,2844.6,218.0,27.4,1011.5,61.63
PAPUA BARAT,2015,Ubi_Kayu,11181.0,2844.6,218.0,27.4,1011.5,61.63
RIAU,2000,Jagung,48493.0,2441.7,33.0,29.05,1010.22,47.0
RIAU,2000,Kacang_Hijau,1701.0,2441.7,33.0,29.05,1010.22,47.0
RIAU,2000,Kacang_Tanah,3882.0,2441.7,33.0,29.05,1010.22,47.0
RIAU,2000,Kedelai,3100.0,2441.7,33.0,29.05,1010.22,47.0
RIAU,2000,Padi,431351.0,2441.7,33.0,29.05,1010.22,47.0
RIAU,2000,Ubi_Jalar,13577.0,2441.7,33.0,29.05,1010.22,47.0
RIAU,2000,Ubi_Kayu,69722.0,2441.7,33.0,29.05,1010.22,47.0
RIAU,2001,Jagung,39915.0,2441.7,33.0,29.05,1010.22,47.0
RIAU,2001,Kacang_Hijau,1305.0,2441.7,33.0,29.05,1010.22,47.0
RIAU,2001,Kacang_Tanah,3180.0,2441.7,33.0,29.05,1010.22,47.0
RIAU,2001,Kedelai,2289.0,2441.7,33.0,29.05,1010.22,47.0
RIAU,2001,Padi,413391.0,2441.7,33.0,29.05,1010.22,47.0
RIAU,2001,Ubi_Jalar,11254.0,2441.7,33.0,29.05,1010.22,47.0
RIAU,2001,Ubi_Kayu,55822.0,2441.7,33.0,29.05,1010.22,47.0
RIAU,2002,Jagung,38588.0,3123.8,33.0,28.21,1010.22,47.0
RIAU,2002,Kacang_Hijau,1582.0,3123.8,33.0,28.21,1010.22,47.0
RIAU,2002,Kacang_Tanah,4142.0,3123.8,33.0,28.21,1010.22,47.0
RIAU,2002,Kedelai,2307.0,3123.8,33.0,28.21,1010.22,47.0
RIAU,2002,Padi,396644.0,3123.8,33.0,28.21,1010.22,47.0
RIAU,2002,Ubi_Jalar,9178.0,3123.8,33.0,28.21,1010.22,47.0
RIAU,2002,Ubi_Kayu,56547.0,3123.8,33.0,28.21,1010.22,47.0
RIAU,2003,Jagung,31635.0,3822.8,33.0,29.64,1010.22,47.0
RIAU,2003,Kacang_Hijau,1945.0,3822.8,33.0,29.64,1010.22,47.0
RIAU,2003,Kacang_Tanah,3363.0,3822.8,33.0,29.64,1010.22,47.0
RIAU,2003,Kedelai,1438.0,3822.8,33.0,29.64,1010.22,47.0
RIAU,2003,Padi,414237.0,3822.8,33.0,29.64,1010.22,47.0
RIAU,2003,Ubi_Jalar,11299.0,3822.8,33.0,29.64,1010.22,47.0
RIAU,2003,Ubi_Kayu,51487.0,3822.8,33.0,29.64,1010.22,47.0
RIAU,2004,Jagung,42122.0,2727.73,33.0,29.85,1011.36,47.0
RIAU,2004,Kacang_Hijau,1170.0,2727.73,33.0,29.85,1011.36,47.0
RIAU,2004,Kacang_Tanah,3349.0,2727.73,33.0,29.85,1011.36,47.0
RIAU,2004,Kedelai,1825.0,2727.73,33.0,29.85,1011.36,47.0
RIAU,2004,Padi,454186.0,2727.73,33.0,29.85,1011.36,47.0
RIAU,2004,Ubi_Jalar,11390.0,2727.73,33.0,29.85,1011.36,47.0
RIAU,2004,Ubi_Kayu,47922.0,2727.73,33.0,29.85,1011.36,47.0
RIAU,2005,Jagung,36421.0,1632.67,33.0,28.78,1010.48,47.0
RIAU,2005,Kacang_Hijau,1950.0,1632.67,33.0,28.78,1010.48,47.0
RIAU,2005,Kacang_Tanah,3526.0,1632.67,33.0,28.78,1010.48,47.0
RIAU,2005,Kedelai,2923.0,1632.67,33.0,28.78,1010.48,47.0
RIAU,2005,Padi,424095.0,1632.67,33.0,28.78,1010.48,47.0
RIAU,2005,Ubi_Jalar,10848.0,1632.67,33.0,28.78,1010.48,47.0
RIAU,2005,Ubi_Kayu,41668.0,1632.67,33.0,28.78,1010.48,47.0
RIAU,2006,Jagung,34728.0,537.6,33.0,27.7,1009.6,47.0
RIAU,2006,Kacang_Hijau,2311.0,537.6,33.0,27.7,1009.6,47.0
RIAU,2006,Kacang_Tanah,3387.0,537.6,33.0,27.7,1009.6,47.0
RIAU,2006,Kedelai,4205.0,537.6,33.0,27.7,1009.6,47.0
RIAU,2006,Padi,42938.0,537.6,33.0,27.7,1009.6,47.0
RIAU,2006,Ubi_Jalar,11123.0,537.6,33.0,27.7,1009.6,47.0
RIAU,2006,Ubi_Kayu,47586.0,537.6,33.0,27.7,1009.6,47.0
RIAU,2007,Jagung,4041.0,3216.3,235.0,27.1,1007.25,53.6
RIAU,2007,Kacang_Hijau,1739.0,3216.3,235.0,27.1,1007.25,53.6
RIAU,2007,Kacang_Tanah,3225.0,3216.3,235.0,27.1,1007.25,53.6
RIAU,2007,Kedelai,2419.0,3216.3,235.0,27.1,1007.25,53.6
RIAU,2007,Padi,490087.0,3216.3,235.0,27.1,1007.25,53.6
RIAU,2007,Ubi_Jalar,12814.0,3216.3,235.0,27.1,1007.25,53.6
RIAU,2007,Ubi_Kayu,51784.0,3216.3,235.0,27.1,1007.25,53.6
RIAU,2008,Jagung,47959.0,3026.2,206.0,27.4,1009.3,40.8
RIAU,2008,Kacang_Hijau,1688.0,3026.2,206.0,27.4,1009.3,40.8
RIAU,2008,Kacang_Tanah,2240.0,3026.2,206.0,27.4,1009.3,40.8
RIAU,2008,Kedelai,4689.0,3026.2,206.0,27.4,1009.3,40.8
RIAU,2008,Padi,494260.0,3026.2,206.0,27.4,1009.3,40.8
RIAU,2008,Ubi_Jalar,11330.0,3026.2,206.0,27.4,1009.3,40.8
RIAU,2008,Ubi_Kayu,50772.0,3026.2,206.0,27.4,1009.3,40.8
RIAU,2009,Jagung,56521.0,3390.0,198.0,27.7,1007.25,48.3
RIAU,2009,Kacang_Hijau,1014.0,3390.0,198.0,27.7,1007.25,48.3
RIAU,2009,Kacang_Tanah,2020.0,3390.0,198.0,27.7,1007.25,48.3
RIAU,2009,Kedelai,5298.0,3390.0,198.0,27.7,1007.25,48.3
RIAU,2009,Padi,531429.0,3390.0,198.0,27.7,1007.25,48.3
RIAU,2009,Ubi_Jalar,9736.0,3390.0,198.0,27.7,1007.25,48.3
RIAU,2009,Ubi_Kayu,68046.0,3390.0,198.0,27.7,1007.25,48.3
RIAU,2010,Jagung,41862.0,3390.0,198.0,27.7,1007.25,48.3
RIAU,2010,Kacang_Hijau,1228.0,3390.0,198.0,27.7,1007.25,48.3
RIAU,2010,Kacang_Tanah,2007.0,3390.0,198.0,27.7,1007.25,48.3
RIAU,2010,Kedelai,5830.0,3390.0,198.0,27.7,1007.25,48.3
RIAU,2010,Padi,574864.0,3390.0,198.0,27.7,1007.25,48.3
RIAU,2010,Ubi_Jalar,9967.0,3390.0,198.0,27.7,1007.25,48.3
RIAU,2010,Ubi_Kayu,75904.0,3390.0,198.0,27.7,1007.25,48.3
RIAU,2011,Jagung,33197.0,2405.0,211.0,27.0,1008.7,42.3
RIAU,2011,Kacang_Hijau,995.0,2405.0,211.0,27.0,1008.7,42.3
RIAU,2011,Kacang_Tanah,1692.0,2405.0,211.0,27.0,1008.7,42.3
RIAU,2011,Kedelai,7100.0,2405.0,211.0,27.0,1008.7,42.3
RIAU,2011,Padi,535788.0,2405.0,211.0,27.0,1008.7,42.3
RIAU,2011,Ubi_Jalar,9912.0,2405.0,211.0,27.0,1008.7,42.3
RIAU,2011,Ubi_Kayu,79480.0,2405.0,211.0,27.0,1008.7,42.3
RIAU,2012,Jagung,31433.0,2636.0,217.0,27.3,1008.7,51.2
RIAU,2012,Kacang_Hijau,920.0,2636.0,217.0,27.3,1008.7,51.2
RIAU,2012,Kacang_Tanah,1622.0,2636.0,217.0,27.3,1008.7,51.2
RIAU,2012,Kedelai,4182.0,2636.0,217.0,27.3,1008.7,51.2
RIAU,2012,Padi,512152.0,2636.0,217.0,27.3,1008.7,51.2
RIAU,2012,Ubi_Jalar,9424.0,2636.0,217.0,27.3,1008.7,51.2
RIAU,2012,Ubi_Kayu,88577.0,2636.0,217.0,27.3,1008.7,51.2
RIAU,2013,Jagung,28052.0,2628.7,214.0,26.0,1008.96,49.0
RIAU,2013,Kacang_Hijau,619.0,2628.7,214.0,26.0,1008.96,49.0
RIAU,2013,Kacang_Tanah,1243.0,2628.7,214.0,26.0,1008.96,49.0
RIAU,2013,Kedelai,2211.0,2628.7,214.0,26.0,1008.96,49.0
RIAU,2013,Padi,434144.0,2628.7,214.0,26.0,1008.96,49.0
RIAU,2013,Ubi_Jalar,8462.0,2628.7,214.0,26.0,1008.96,49.0
RIAU,2013,Ubi_Kayu,103070.0,2628.7,214.0,26.0,1008.96,49.0
RIAU,2014,Jagung,29461.0,2343.7,188.0,27.2,1009.8,46.8
RIAU,2014,Kacang_Hijau,608.0,2343.7,188.0,27.2,1009.8,46.8
RIAU,2014,Kacang_Tanah,1140.0,2343.7,188.0,27.2,1009.8,46.8
RIAU,2014,Kedelai,2178.0,2343.7,188.0,27.2,1009.8,46.8
RIAU,2014,Padi,414030.0,2343.7,188.0,27.2,1009.8,46.8
RIAU,2014,Ubi_Jalar,7512.0,2343.7,188.0,27.2,1009.8,46.8
RIAU,2014,Ubi_Kayu,103334.0,2343.7,188.0,27.2,1009.8,46.8
RIAU,2015,Jagung,30870.0,2048.3,140.0,27.2,1010.5,50.32
RIAU,2015,Kacang_Hijau,598.0,2048.3,140.0,27.2,1010.5,50.32
RIAU,2015,Kacang_Tanah,1036.0,2048.3,140.0,27.2,1010.5,50.32
RIAU,2015,Kedelai,2145.0,2048.3,140.0,27.2,1010.5,50.32
RIAU,2015,Padi,393917.0,2048.3,140.0,27.2,1010.5,50.32
RIAU,2015,Ubi_Jalar,6562.0,2048.3,140.0,27.2,1010.5,50.32
RIAU,2015,Ubi_Kayu,103599.0,2048.3,140.0,27.2,1010.5,50.32
SULAWESI BARAT,2000,Jagung,17343.0,1870.6,197.0,29.37,1009.62,72.3
SULAWESI BARAT,2000,Kacang_Hijau,730.0,1870.6,197.0,29.37,1009.62,72.3
SULAWESI BARAT,2000,Kacang_Tanah,1035.0,1870.6,197.0,29.37,1009.62,72.3
SULAWESI BARAT,2000,Kedelai,641.0,1870.6,197.0,29.37,1009.62,72.3
SULAWESI BARAT,2000,Padi,253886.0,1870.6,197.0,29.37,1009.62,72.3
SULAWESI BARAT,2000,Ubi_Jalar,9475.0,1870.6,197.0,29.37,1009.62,72.3
SULAWESI BARAT,2000,Ubi_Kayu,56717.0,1870.6,197.0,29.37,1009.62,72.3
SULAWESI BARAT,2001,Jagung,17343.0,1870.6,197.0,29.37,1009.62,72.3
SULAWESI BARAT,2001,Kacang_Hijau,730.0,1870.6,197.0,29.37,1009.62,72.3
SULAWESI BARAT,2001,Kacang_Tanah,1035.0,1870.6,197.0,29.37,1009.62,72.3
SULAWESI BARAT,2001,Kedelai,641.0,1870.6,197.0,29.37,1009.62,72.3
SULAWESI BARAT,2001,Padi,253886.0,1870.6,197.0,29.37,1009.62,72.3
SULAWESI BARAT,2001,Ubi_Jalar,9475.0,1870.6,197.0,29.37,1009.62,72.3
SULAWESI BARAT,2001,Ubi_Kayu,56717.0,1870.6,197.0,29.37,1009.62,72.3
SULAWESI BARAT,2002,Jagung,17343.0,1870.6,197.0,29.37,1009.62,72.3
SULAWESI BARAT,2002,Kacang_Hijau,730.0,1870.6,197.0,29.37,1009.62,72.3
SULAWESI BARAT,2002,Kacang_Tanah,1035.0,1870.6,197.0,29.37,1009.62,72.3
SULAWESI BARAT,2002,Kedelai,641.0,1870.6,197.0,29.37,1009.62,72.3
SULAWESI BARAT,2002,Padi,253886.0,1870.6,197.0,29.37,1009.62,72.3
SULAWESI BARAT,2002,Ubi_Jalar,9475.0,1870.6,197.0,29.37,1009.62,72.3
SULAWESI BARAT,2002,Ubi_Kayu,56717.0,1870.6,197.0,29.37,1009.62,72.3
SULAWESI BARAT,2003,Jagung,17343.0,1870.6,197.0,29.37,1009.62,72.3
SULAWESI BARAT,2003,Kacang_Hijau,730.0,1870.6,197.0,29.37,1009.62,72.3
SULAWESI BARAT,2003,Kacang_Tanah,1035.0,1870.6,197.0,29.37,1009.62,72.3
SULAWESI BARAT,2003,Kedelai,641.0,1870.6,197.0,29.37,1009.62,72.3
SULAWESI BARAT,2003,Padi,253886.0,1870.6,197.0,29.37,1009.62,72.3
SULAWESI BARAT,2003,Ubi_Jalar,9475.0,1870.6,197.0,29.37,1009.62,72.3
SULAWESI BARAT,2003,Ubi_Kayu,56717.0,1870.6,197.0,29.37,1009.62,72.3
SULAWESI BARAT,2004,Jagung,17343.0,1771.05,197.0,29.46,1009.62,72.3
SULAWESI BARAT,2004,Kacang_Hijau,730.0,1771.05,197.0,29.46,1009.62,72.3
SULAWESI BARAT,2004,Kacang_Tanah,1035.0,1771.05,197.0,29.46,1009.62,72.3
SULAWESI BARAT,2004,Kedelai,641.0,1771.05,197.0,29.46,1009.62,72.3
SULAWESI BARAT,2004,Padi,253886.0,1771.05,197.0,29.46,1009.62,72.3
SULAWESI BARAT,2004,Ubi_Jalar,9475.0,1771.05,197.0,29.46,1009.62,72.3
SULAWESI BARAT,2004,Ubi_Kayu,56717.0,1771.05,197.0,29.46,1009.62,72.3
SULAWESI BARAT,2005,Jagung,17343.0,1671.5,197.0,28.71,1009.68,72.3
SULAWESI BARAT,2005,Kacang_Hijau,730.0,1671.5,197.0,28.71,1009.68,72.3
SULAWESI BARAT,2005,Kacang_Tanah,1035.0,1671.5,197.0,28.71,1009.68,72.3
SULAWESI BARAT,2005,Kedelai,641.0,1671.5,197.0,28.71,1009.68,72.3
SULAWESI BARAT,2005,Padi,253886.0,1671.5,197.0,28.71,1009.68,72.3
SULAWESI BARAT,2005,Ubi_Jalar,9475.0,1671.5,197.0,28.71,1009.68,72.3
SULAWESI BARAT,2005,Ubi_Kayu,56717.0,1671.5,197.0,28.71,1009.68,72.3
SULAWESI BARAT,2006,Jagung,18109.0,1571.95,197.0,27.95,1009.74,72.3
SULAWESI BARAT,2006,Kacang_Hijau,907.0,1571.95,197.0,27.95,1009.74,72.3
SULAWESI BARAT,2006,Kacang_Tanah,541.0,1571.95,197.0,27.95,1009.74,72.3
SULAWESI BARAT,2006,Kedelai,1049.0,1571.95,197.0,27.95,1009.74,72.3
SULAWESI BARAT,2006,Padi,301616.0,1571.95,197.0,27.95,1009.74,72.3
SULAWESI BARAT,2006,Ubi_Jalar,6194.0,1571.95,197.0,27.95,1009.74,72.3
SULAWESI BARAT,2006,Ubi_Kayu,40413.0,1571.95,197.0,27.95,1009.74,72.3
SULAWESI BARAT,2007,Jagung,26633.0,1472.4,197.0,27.2,1009.8,72.3
SULAWESI BARAT,2007,Kacang_Hijau,1073.0,1472.4,197.0,27.2,1009.8,72.3
SULAWESI BARAT,2007,Kacang_Tanah,777.0,1472.4,197.0,27.2,1009.8,72.3
SULAWESI BARAT,2007,Kedelai,108.0,1472.4,197.0,27.2,1009.8,72.3
SULAWESI BARAT,2007,Padi,312676.0,1472.4,197.0,27.2,1009.8,72.3
SULAWESI BARAT,2007,Ubi_Jalar,9304.0,1472.4,197.0,27.2,1009.8,72.3
SULAWESI BARAT,2007,Ubi_Kayu,45921.0,1472.4,197.0,27.2,1009.8,72.3
SULAWESI BARAT,2008,Jagung,40252.0,2253.9,218.0,27.1,1010.4,61.6
SULAWESI BARAT,2008,Kacang_Hijau,1293.0,2253.9,218.0,27.1,1010.4,61.6
SULAWESI BARAT,2008,Kacang_Tanah,744.0,2253.9,218.0,27.1,1010.4,61.6
SULAWESI BARAT,2008,Kedelai,2054.0,2253.9,218.0,27.1,1010.4,61.6
SULAWESI BARAT,2008,Padi,343221.0,2253.9,218.0,27.1,1010.4,61.6
SULAWESI BARAT,2008,Ubi_Jalar,15895.0,2253.9,218.0,27.1,1010.4,61.6
SULAWESI BARAT,2008,Ubi_Kayu,54809.0,2253.9,218.0,27.1,1010.4,61.6
SULAWESI BARAT,2009,Jagung,58320.0,1713.0,169.0,27.5,1010.6,75.7
SULAWESI BARAT,2009,Kacang_Hijau,1093.0,1713.0,169.0,27.5,1010.6,75.7
SULAWESI BARAT,2009,Kacang_Tanah,1001.0,1713.0,169.0,27.5,1010.6,75.7
SULAWESI BARAT,2009,Kedelai,3153.0,1713.0,169.0,27.5,1010.6,75.7
SULAWESI BARAT,2009,Padi,310706.0,1713.0,169.0,27.5,1010.6,75.7
SULAWESI BARAT,2009,Ubi_Jalar,15756.0,1713.0,169.0,27.5,1010.6,75.7
SULAWESI BARAT,2009,Ubi_Kayu,47781.0,1713.0,169.0,27.5,1010.6,75.7
SULAWESI BARAT,2010,Jagung,58020.0,2559.0,250.0,27.6,1010.3,75.45
SULAWESI BARAT,2010,Kacang_Hijau,839.0,2559.0,250.0,27.6,1010.3,75.45
SULAWESI BARAT,2010,Kacang_Tanah,2022.0,2559.0,250.0,27.6,1010.3,75.45
SULAWESI BARAT,2010,Kedelai,3195.0,2559.0,250.0,27.6,1010.3,75.45
SULAWESI BARAT,2010,Padi,362900.0,2559.0,250.0,27.6,1010.3,75.45
SULAWESI BARAT,2010,Ubi_Jalar,15666.0,2559.0,250.0,27.6,1010.3,75.45
SULAWESI BARAT,2010,Ubi_Kayu,46368.0,2559.0,250.0,27.6,1010.3,75.45
SULAWESI BARAT,2011,Jagung,82995.0,1660.0,175.0,27.7,1010.1,75.2
SULAWESI BARAT,2011,Kacang_Hijau,714.0,1660.0,175.0,27.7,1010.1,75.2
SULAWESI BARAT,2011,Kacang_Tanah,1230.0,1660.0,175.0,27.7,1010.1,75.2
SULAWESI BARAT,2011,Kedelai,2433.0,1660.0,175.0,27.7,1010.1,75.2
SULAWESI BARAT,2011,Padi,365683.0,1660.0,175.0,27.7,1010.1,75.2
SULAWESI BARAT,2011,Ubi_Jalar,20455.0,1660.0,175.0,27.7,1010.1,75.2
SULAWESI BARAT,2011,Ubi_Kayu,47670.0,1660.0,175.0,27.7,1010.1,75.2
SULAWESI BARAT,2012,Jagung,122554.0,1087.0,165.0,27.6,1009.1,77.6
SULAWESI BARAT,2012,Kacang_Hijau,930.0,1087.0,165.0,27.6,1009.1,77.6
SULAWESI BARAT,2012,Kacang_Tanah,1001.0,1087.0,165.0,27.6,1009.1,77.6
SULAWESI BARAT,2012,Kedelai,3222.0,1087.0,165.0,27.6,1009.1,77.6
SULAWESI BARAT,2012,Padi,412338.0,1087.0,165.0,27.6,1009.1,77.6
SULAWESI BARAT,2012,Ubi_Jalar,16589.0,1087.0,165.0,27.6,1009.1,77.6
SULAWESI BARAT,2012,Ubi_Kayu,48265.0,1087.0,165.0,27.6,1009.1,77.6
SULAWESI BARAT,2013,Jagung,128327.0,1682.2,198.0,27.6,1007.25,69.37
SULAWESI BARAT,2013,Kacang_Hijau,615.0,1682.2,198.0,27.6,1007.25,69.37
SULAWESI BARAT,2013,Kacang_Tanah,590.0,1682.2,198.0,27.6,1007.25,69.37
SULAWESI BARAT,2013,Kedelai,1181.0,1682.2,198.0,27.6,1007.25,69.37
SULAWESI BARAT,2013,Padi,445030.0,1682.2,198.0,27.6,1007.25,69.37
SULAWESI BARAT,2013,Ubi_Jalar,11486.0,1682.2,198.0,27.6,1007.25,69.37
SULAWESI BARAT,2013,Ubi_Kayu,52972.0,1682.2,198.0,27.6,1007.25,69.37
SULAWESI BARAT,2014,Jagung,114569.0,1096.8,153.0,27.9,1011.3,59.8
SULAWESI BARAT,2014,Kacang_Hijau,488.0,1096.8,153.0,27.9,1011.3,59.8
SULAWESI BARAT,2014,Kacang_Tanah,460.0,1096.8,153.0,27.9,1011.3,59.8
SULAWESI BARAT,2014,Kedelai,2700.0,1096.8,153.0,27.9,1011.3,59.8
SULAWESI BARAT,2014,Padi,453437.0,1096.8,153.0,27.9,1011.3,59.8
SULAWESI BARAT,2014,Ubi_Jalar,10118.0,1096.8,153.0,27.9,1011.3,59.8
SULAWESI BARAT,2014,Ubi_Kayu,38978.0,1096.8,153.0,27.9,1011.3,59.8
SULAWESI BARAT,2015,Jagung,100811.0,1167.9,93.0,27.9,1012.5,78.0
SULAWESI BARAT,2015,Kacang_Hijau,360.0,1167.9,93.0,27.9,1012.5,78.0
SULAWESI BARAT,2015,Kacang_Tanah,329.0,1167.9,93.0,27.9,1012.5,78.0
SULAWESI BARAT,2015,Kedelai,4218.0,1167.9,93.0,27.9,1012.5,78.0
SULAWESI BARAT,2015,Padi,461844.0,1167.9,93.0,27.9,1012.5,78.0
SULAWESI BARAT,2015,Ubi_Jalar,8749.0,1167.9,93.0,27.9,1012.5,78.0
SULAWESI BARAT,2015,Ubi_Kayu,24984.0,1167.9,93.0,27.9,1012.5,78.0
SULAWESI SELATAN,2000,Jagung,633020.0,2496.0,88.0,27.27,1009.62,68.9
SULAWESI SELATAN,2000,Kacang_Hijau,45700.0,2496.0,88.0,27.27,1009.62,68.9
SULAWESI SELATAN,2000,Kacang_Tanah,48156.0,2496.0,88.0,27.27,1009.62,68.9
SULAWESI SELATAN,2000,Kedelai,42710.0,2496.0,88.0,27.27,1009.62,68.9
SULAWESI SELATAN,2000,Padi,3658836.0,2496.0,88.0,27.27,1009.62,68.9
SULAWESI SELATAN,2000,Ubi_Jalar,73357.0,2496.0,88.0,27.27,1009.62,68.9
SULAWESI SELATAN,2000,Ubi_Kayu,492323.0,2496.0,88.0,27.27,1009.62,68.9
SULAWESI SELATAN,2001,Jagung,515405.0,2452.03,88.0,27.96,1009.62,68.9
SULAWESI SELATAN,2001,Kacang_Hijau,39562.0,2452.03,88.0,27.96,1009.62,68.9
SULAWESI SELATAN,2001,Kacang_Tanah,42156.0,2452.03,88.0,27.96,1009.62,68.9
SULAWESI SELATAN,2001,Kedelai,18605.0,2452.03,88.0,27.96,1009.62,68.9
SULAWESI SELATAN,2001,Padi,3728736.0,2452.03,88.0,27.96,1009.62,68.9
SULAWESI SELATAN,2001,Ubi_Jalar,80422.0,2452.03,88.0,27.96,1009.62,68.9
SULAWESI SELATAN,2001,Ubi_Kayu,460921.0,2452.03,88.0,27.96,1009.62,68.9
SULAWESI SELATAN,2002,Jagung,661005.0,2408.07,88.0,28.66,1009.62,68.9
SULAWESI SELATAN,2002,Kacang_Hijau,32549.0,2408.07,88.0,28.66,1009.62,68.9
SULAWESI SELATAN,2002,Kacang_Tanah,42415.0,2408.07,88.0,28.66,1009.62,68.9
SULAWESI SELATAN,2002,Kedelai,19324.0,2408.07,88.0,28.66,1009.62,68.9
SULAWESI SELATAN,2002,Padi,3893915.0,2408.07,88.0,28.66,1009.62,68.9
SULAWESI SELATAN,2002,Ubi_Jalar,77698.0,2408.07,88.0,28.66,1009.62,68.9
SULAWESI SELATAN,2002,Ubi_Kayu,543443.0,2408.07,88.0,28.66,1009.62,68.9
SULAWESI SELATAN,2003,Jagung,650832.0,2364.1,88.0,29.35,1009.62,68.9
SULAWESI SELATAN,2003,Kacang_Hijau,38608.0,2364.1,88.0,29.35,1009.62,68.9
SULAWESI SELATAN,2003,Kacang_Tanah,52763.0,2364.1,88.0,29.35,1009.62,68.9
SULAWESI SELATAN,2003,Kedelai,24140.0,2364.1,88.0,29.35,1009.62,68.9
SULAWESI SELATAN,2003,Padi,4003079.0,2364.1,88.0,29.35,1009.62,68.9
SULAWESI SELATAN,2003,Ubi_Jalar,61789.0,2364.1,88.0,29.35,1009.62,68.9
SULAWESI SELATAN,2003,Ubi_Kayu,590717.0,2364.1,88.0,29.35,1009.62,68.9
SULAWESI SELATAN,2004,Jagung,674716.0,2307.73,88.0,28.08,1009.62,68.9
SULAWESI SELATAN,2004,Kacang_Hijau,27063.0,2307.73,88.0,28.08,1009.62,68.9
SULAWESI SELATAN,2004,Kacang_Tanah,41191.0,2307.73,88.0,28.08,1009.62,68.9
SULAWESI SELATAN,2004,Kedelai,26873.0,2307.73,88.0,28.08,1009.62,68.9
SULAWESI SELATAN,2004,Padi,3552835.0,2307.73,88.0,28.08,1009.62,68.9
SULAWESI SELATAN,2004,Ubi_Jalar,76496.0,2307.73,88.0,28.08,1009.62,68.9
SULAWESI SELATAN,2004,Ubi_Kayu,586350.0,2307.73,88.0,28.08,1009.62,68.9
SULAWESI SELATAN,2005,Jagung,705995.0,2251.37,88.0,27.53,1010.81,68.9
SULAWESI SELATAN,2005,Kacang_Hijau,28941.0,2251.37,88.0,27.53,1010.81,68.9
SULAWESI SELATAN,2005,Kacang_Tanah,39092.0,2251.37,88.0,27.53,1010.81,68.9
SULAWESI SELATAN,2005,Kedelai,27187.0,2251.37,88.0,27.53,1010.81,68.9
SULAWESI SELATAN,2005,Padi,3390397.0,2251.37,88.0,27.53,1010.81,68.9
SULAWESI SELATAN,2005,Ubi_Jalar,53513.0,2251.37,88.0,27.53,1010.81,68.9
SULAWESI SELATAN,2005,Ubi_Kayu,464435.0,2251.37,88.0,27.53,1010.81,68.9
SULAWESI SELATAN,2006,Jagung,696084.0,2195.0,88.0,26.98,1012.0,68.9
SULAWESI SELATAN,2006,Kacang_Hijau,28554.0,2195.0,88.0,26.98,1012.0,68.9
SULAWESI SELATAN,2006,Kacang_Tanah,41759.0,2195.0,88.0,26.98,1012.0,68.9
SULAWESI SELATAN,2006,Kedelai,22242.0,2195.0,88.0,26.98,1012.0,68.9
SULAWESI SELATAN,2006,Padi,3365509.0,2195.0,88.0,26.98,1012.0,68.9
SULAWESI SELATAN,2006,Ubi_Jalar,54303.0,2195.0,88.0,26.98,1012.0,68.9
SULAWESI SELATAN,2006,Ubi_Kayu,567749.0,2195.0,88.0,26.98,1012.0,68.9
SULAWESI SELATAN,2007,Jagung,969955.0,3377.0,197.0,27.0,1011.6,60.8
SULAWESI SELATAN,2007,Kacang_Hijau,32811.0,3377.0,197.0,27.0,1011.6,60.8
SULAWESI SELATAN,2007,Kacang_Tanah,39740.0,3377.0,197.0,27.0,1011.6,60.8
SULAWESI SELATAN,2007,Kedelai,18972.0,3377.0,197.0,27.0,1011.6,60.8
SULAWESI SELATAN,2007,Padi,3635139.0,3377.0,197.0,27.0,1011.6,60.8
SULAWESI SELATAN,2007,Ubi_Jalar,58819.0,3377.0,197.0,27.0,1011.6,60.8
SULAWESI SELATAN,2007,Ubi_Kayu,514277.0,3377.0,197.0,27.0,1011.6,60.8
SULAWESI SELATAN,2008,Jagung,1195691.0,2458.0,194.0,26.9,1011.3,63.8
SULAWESI SELATAN,2008,Kacang_Hijau,23995.0,2458.0,194.0,26.9,1011.3,63.8
SULAWESI SELATAN,2008,Kacang_Tanah,36269.0,2458.0,194.0,26.9,1011.3,63.8
SULAWESI SELATAN,2008,Kedelai,29125.0,2458.0,194.0,26.9,1011.3,63.8
SULAWESI SELATAN,2008,Padi,4083356.0,2458.0,194.0,26.9,1011.3,63.8
SULAWESI SELATAN,2008,Ubi_Jalar,66546.0,2458.0,194.0,26.9,1011.3,63.8
SULAWESI SELATAN,2008,Ubi_Kayu,504198.0,2458.0,194.0,26.9,1011.3,63.8
SULAWESI SELATAN,2009,Jagung,1395742.0,2908.0,164.0,27.3,1011.3,71.1
SULAWESI SELATAN,2009,Kacang_Hijau,23299.0,2908.0,164.0,27.3,1011.3,71.1
SULAWESI SELATAN,2009,Kacang_Tanah,32331.0,2908.0,164.0,27.3,1011.3,71.1
SULAWESI SELATAN,2009,Kedelai,41279.0,2908.0,164.0,27.3,1011.3,71.1
SULAWESI SELATAN,2009,Padi,4324178.0,2908.0,164.0,27.3,1011.3,71.1
SULAWESI SELATAN,2009,Ubi_Jalar,68372.0,2908.0,164.0,27.3,1011.3,71.1
SULAWESI SELATAN,2009,Ubi_Kayu,434862.0,2908.0,164.0,27.3,1011.3,71.1
SULAWESI SELATAN,2010,Jagung,1343044.0,3744.0,223.0,27.2,1011.1,56.0
SULAWESI SELATAN,2010,Kacang_Hijau,26458.0,3744.0,223.0,27.2,1011.1,56.0
SULAWESI SELATAN,2010,Kacang_Tanah,41898.0,3744.0,223.0,27.2,1011.1,56.0
SULAWESI SELATAN,2010,Kedelai,35711.0,3744.0,223.0,27.2,1011.1,56.0
SULAWESI SELATAN,2010,Padi,4382443.0,3744.0,223.0,27.2,1011.1,56.0
SULAWESI SELATAN,2010,Ubi_Jalar,57513.0,3744.0,223.0,27.2,1011.1,56.0
SULAWESI SELATAN,2010,Ubi_Kayu,601437.0,3744.0,223.0,27.2,1011.1,56.0
SULAWESI SELATAN,2011,Jagung,1420154.0,3465.0,176.0,26.8,1010.8,64.0
SULAWESI SELATAN,2011,Kacang_Hijau,41093.0,3465.0,176.0,26.8,1010.8,64.0
SULAWESI SELATAN,2011,Kacang_Tanah,24808.0,3465.0,176.0,26.8,1010.8,64.0
SULAWESI SELATAN,2011,Kedelai,33716.0,3465.0,176.0,26.8,1010.8,64.0
SULAWESI SELATAN,2011,Padi,4511705.0,3465.0,176.0,26.8,1010.8,64.0
SULAWESI SELATAN,2011,Ubi_Jalar,66946.0,3465.0,176.0,26.8,1010.8,64.0
SULAWESI SELATAN,2011,Ubi_Kayu,370125.0,3465.0,176.0,26.8,1010.8,64.0
SULAWESI SELATAN,2012,Jagung,1515329.0,2493.0,191.0,27.0,1011.2,68.8
SULAWESI SELATAN,2012,Kacang_Hijau,22623.0,2493.0,191.0,27.0,1011.2,68.8
SULAWESI SELATAN,2012,Kacang_Tanah,27402.0,2493.0,191.0,27.0,1011.2,68.8
SULAWESI SELATAN,2012,Kedelai,29938.0,2493.0,191.0,27.0,1011.2,68.8
SULAWESI SELATAN,2012,Padi,5003011.0,2493.0,191.0,27.0,1011.2,68.8
SULAWESI SELATAN,2012,Ubi_Jalar,94474.0,2493.0,191.0,27.0,1011.2,68.8
SULAWESI SELATAN,2012,Ubi_Kayu,682995.0,2493.0,191.0,27.0,1011.2,68.8
SULAWESI SELATAN,2013,Jagung,1250202.0,3973.0,213.0,27.2,1011.2,65.75
SULAWESI SELATAN,2013,Kacang_Hijau,18341.0,3973.0,213.0,27.2,1011.2,65.75
SULAWESI SELATAN,2013,Kacang_Tanah,28408.0,3973.0,213.0,27.2,1011.2,65.75
SULAWESI SELATAN,2013,Kedelai,45693.0,3973.0,213.0,27.2,1011.2,65.75
SULAWESI SELATAN,2013,Padi,5035830.0,3973.0,213.0,27.2,1011.2,65.75
SULAWESI SELATAN,2013,Ubi_Jalar,70767.0,3973.0,213.0,27.2,1011.2,65.75
SULAWESI SELATAN,2013,Ubi_Kayu,433399.0,3973.0,213.0,27.2,1011.2,65.75
SULAWESI SELATAN,2014,Jagung,1389308.0,2739.0,190.0,27.2,1011.6,71.8
SULAWESI SELATAN,2014,Kacang_Hijau,29564.0,2739.0,190.0,27.2,1011.6,71.8
SULAWESI SELATAN,2014,Kacang_Tanah,23716.0,2739.0,190.0,27.2,1011.6,71.8
SULAWESI SELATAN,2014,Kedelai,56442.0,2739.0,190.0,27.2,1011.6,71.8
SULAWESI SELATAN,2014,Padi,5253818.0,2739.0,190.0,27.2,1011.6,71.8
SULAWESI SELATAN,2014,Ubi_Jalar,71224.0,2739.0,190.0,27.2,1011.6,71.8
SULAWESI SELATAN,2014,Ubi_Kayu,499678.0,2739.0,190.0,27.2,1011.6,71.8
SULAWESI SELATAN,2015,Jagung,1528414.0,3382.0,155.0,27.3,1013.09,66.83
SULAWESI SELATAN,2015,Kacang_Hijau,40787.0,3382.0,155.0,27.3,1013.09,66.83
SULAWESI SELATAN,2015,Kacang_Tanah,19024.0,3382.0,155.0,27.3,1013.09,66.83
SULAWESI SELATAN,2015,Kedelai,67192.0,3382.0,155.0,27.3,1013.09,66.83
SULAWESI SELATAN,2015,Padi,5471806.0,3382.0,155.0,27.3,1013.09,66.83
SULAWESI SELATAN,2015,Ubi_Jalar,71681.0,3382.0,155.0,27.3,1013.09,66.83
SULAWESI SELATAN,2015,Ubi_Kayu,565958.0,3382.0,155.0,27.3,1013.09,66.83
SULAWESI TENGAH,2000,Jagung,53323.0,897.1,119.0,28.85,1011.44,63.9
SULAWESI TENGAH,2000,Kacang_Hijau,894.0,897.1,119.0,28.85,1011.44,63.9
SULAWESI TENGAH,2000,Kacang_Tanah,6110.0,897.1,119.0,28.85,1011.44,63.9
SULAWESI TENGAH,2000,Kedelai,2390.0,897.1,119.0,28.85,1011.44,63.9
SULAWESI TENGAH,2000,Padi,576933.0,897.1,119.0,28.85,1011.44,63.9
SULAWESI TENGAH,2000,Ubi_Jalar,18165.0,897.1,119.0,28.85,1011.44,63.9
SULAWESI TENGAH,2000,Ubi_Kayu,43805.0,897.1,119.0,28.85,1011.44,63.9
SULAWESI TENGAH,2001,Jagung,49095.0,897.1,119.0,28.85,1011.44,63.9
SULAWESI TENGAH,2001,Kacang_Hijau,1075.0,897.1,119.0,28.85,1011.44,63.9
SULAWESI TENGAH,2001,Kacang_Tanah,3662.0,897.1,119.0,28.85,1011.44,63.9
SULAWESI TENGAH,2001,Kedelai,2032.0,897.1,119.0,28.85,1011.44,63.9
SULAWESI TENGAH,2001,Padi,520642.0,897.1,119.0,28.85,1011.44,63.9
SULAWESI TENGAH,2001,Ubi_Jalar,23807.0,897.1,119.0,28.85,1011.44,63.9
SULAWESI TENGAH,2001,Ubi_Kayu,49785.0,897.1,119.0,28.85,1011.44,63.9
SULAWESI TENGAH,2002,Jagung,48498.0,985.3,119.0,29.6,1011.44,63.9
SULAWESI TENGAH,2002,Kacang_Hijau,1334.0,985.3,119.0,29.6,1011.44,63.9
SULAWESI TENGAH,2002,Kacang_Tanah,6152.0,985.3,119.0,29.6,1011.44,63.9
SULAWESI TENGAH,2002,Kedelai,2015.0,985.3,119.0,29.6,1011.44,63.9
SULAWESI TENGAH,2002,Padi,746023.0,985.3,119.0,29.6,1011.44,63.9
SULAWESI TENGAH,2002,Ubi_Jalar,28533.0,985.3,119.0,29.6,1011.44,63.9
SULAWESI TENGAH,2002,Ubi_Kayu,69494.0,985.3,119.0,29.6,1011.44,63.9
SULAWESI TENGAH,2003,Jagung,49177.0,1003.6,119.0,29.62,1011.44,63.9
SULAWESI TENGAH,2003,Kacang_Hijau,1444.0,1003.6,119.0,29.62,1011.44,63.9
SULAWESI TENGAH,2003,Kacang_Tanah,5924.0,1003.6,119.0,29.62,1011.44,63.9
SULAWESI TENGAH,2003,Kedelai,1648.0,1003.6,119.0,29.62,1011.44,63.9
SULAWESI TENGAH,2003,Padi,738607.0,1003.6,119.0,29.62,1011.44,63.9
SULAWESI TENGAH,2003,Ubi_Jalar,24980.0,1003.6,119.0,29.62,1011.44,63.9
SULAWESI TENGAH,2003,Ubi_Kayu,50052.0,1003.6,119.0,29.62,1011.44,63.9
SULAWESI TENGAH,2004,Jagung,53450.0,1061.73,119.0,28.49,1009.92,63.9
SULAWESI TENGAH,2004,Kacang_Hijau,27063.0,1061.73,119.0,28.49,1009.92,63.9
SULAWESI TENGAH,2004,Kacang_Tanah,7307.0,1061.73,119.0,28.49,1009.92,63.9
SULAWESI TENGAH,2004,Kedelai,2085.0,1061.73,119.0,28.49,1009.92,63.9
SULAWESI TENGAH,2004,Padi,725725.0,1061.73,119.0,28.49,1009.92,63.9
SULAWESI TENGAH,2004,Ubi_Jalar,27903.0,1061.73,119.0,28.49,1009.92,63.9
SULAWESI TENGAH,2004,Ubi_Kayu,45106.0,1061.73,119.0,28.49,1009.92,63.9
SULAWESI TENGAH,2005,Jagung,67618.0,1119.87,119.0,27.53,1010.01,63.9
SULAWESI TENGAH,2005,Kacang_Hijau,1381.0,1119.87,119.0,27.53,1010.01,63.9
SULAWESI TENGAH,2005,Kacang_Tanah,9201.0,1119.87,119.0,27.53,1010.01,63.9
SULAWESI TENGAH,2005,Kedelai,2241.0,1119.87,119.0,27.53,1010.01,63.9
SULAWESI TENGAH,2005,Padi,716906.0,1119.87,119.0,27.53,1010.01,63.9
SULAWESI TENGAH,2005,Ubi_Jalar,23768.0,1119.87,119.0,27.53,1010.01,63.9
SULAWESI TENGAH,2005,Ubi_Kayu,48256.0,1119.87,119.0,27.53,1010.01,63.9
SULAWESI TENGAH,2006,Jagung,66433.0,1178.0,119.0,26.58,1010.1,63.9
SULAWESI TENGAH,2006,Kacang_Hijau,1281.0,1178.0,119.0,26.58,1010.1,63.9
SULAWESI TENGAH,2006,Kacang_Tanah,10421.0,1178.0,119.0,26.58,1010.1,63.9
SULAWESI TENGAH,2006,Kedelai,2651.0,1178.0,119.0,26.58,1010.1,63.9
SULAWESI TENGAH,2006,Padi,739777.0,1178.0,119.0,26.58,1010.1,63.9
SULAWESI TENGAH,2006,Ubi_Jalar,26886.0,1178.0,119.0,26.58,1010.1,63.9
SULAWESI TENGAH,2006,Ubi_Kayu,52791.0,1178.0,119.0,26.58,1010.1,63.9
SULAWESI TENGAH,2007,Jagung,119324.0,953.4,225.0,25.2,1010.3,62.4
SULAWESI TENGAH,2007,Kacang_Hijau,1115.0,953.4,225.0,25.2,1010.3,62.4
SULAWESI TENGAH,2007,Kacang_Tanah,10808.0,953.4,225.0,25.2,1010.3,62.4
SULAWESI TENGAH,2007,Kedelai,2589.0,953.4,225.0,25.2,1010.3,62.4
SULAWESI TENGAH,2007,Padi,857508.0,953.4,225.0,25.2,1010.3,62.4
SULAWESI TENGAH,2007,Ubi_Jalar,29079.0,953.4,225.0,25.2,1010.3,62.4
SULAWESI TENGAH,2007,Ubi_Kayu,70858.0,953.4,225.0,25.2,1010.3,62.4
SULAWESI TENGAH,2008,Jagung,136907.0,949.1,238.0,26.6,1010.4,54.3
SULAWESI TENGAH,2008,Kacang_Hijau,873.0,949.1,238.0,26.6,1010.4,54.3
SULAWESI TENGAH,2008,Kacang_Tanah,8758.0,949.1,238.0,26.6,1010.4,54.3
SULAWESI TENGAH,2008,Kedelai,2927.0,949.1,238.0,26.6,1010.4,54.3
SULAWESI TENGAH,2008,Padi,985418.0,949.1,238.0,26.6,1010.4,54.3
SULAWESI TENGAH,2008,Ubi_Jalar,27689.0,949.1,238.0,26.6,1010.4,54.3
SULAWESI TENGAH,2008,Ubi_Kayu,70181.0,949.1,238.0,26.6,1010.4,54.3
SULAWESI TENGAH,2009,Jagung,164282.0,563.0,180.0,27.6,1010.2,65.2
SULAWESI TENGAH,2009,Kacang_Hijau,1014.0,563.0,180.0,27.6,1010.2,65.2
SULAWESI TENGAH,2009,Kacang_Tanah,10225.0,563.0,180.0,27.6,1010.2,65.2
SULAWESI TENGAH,2009,Kedelai,4722.0,563.0,180.0,27.6,1010.2,65.2
SULAWESI TENGAH,2009,Padi,953396.0,563.0,180.0,27.6,1010.2,65.2
SULAWESI TENGAH,2009,Ubi_Jalar,29821.0,563.0,180.0,27.6,1010.2,65.2
SULAWESI TENGAH,2009,Ubi_Kayu,82294.0,563.0,180.0,27.6,1010.2,65.2
SULAWESI TENGAH,2010,Jagung,162306.0,859.0,237.0,27.7,1011.2,63.5
SULAWESI TENGAH,2010,Kacang_Hijau,1031.0,859.0,237.0,27.7,1011.2,63.5
SULAWESI TENGAH,2010,Kacang_Tanah,8424.0,859.0,237.0,27.7,1011.2,63.5
SULAWESI TENGAH,2010,Kedelai,3555.0,859.0,237.0,27.7,1011.2,63.5
SULAWESI TENGAH,2010,Padi,957108.0,859.0,237.0,27.7,1011.2,63.5
SULAWESI TENGAH,2010,Ubi_Jalar,26332.0,859.0,237.0,27.7,1011.2,63.5
SULAWESI TENGAH,2010,Ubi_Kayu,74128.0,859.0,237.0,27.7,1011.2,63.5
SULAWESI TENGAH,2011,Jagung,161810.0,667.0,219.5,27.6,1009.9,54.4
SULAWESI TENGAH,2011,Kacang_Hijau,1312.0,667.0,219.5,27.6,1009.9,54.4
SULAWESI TENGAH,2011,Kacang_Tanah,10513.0,667.0,219.5,27.6,1009.9,54.4
SULAWESI TENGAH,2011,Kedelai,6900.0,667.0,219.5,27.6,1009.9,54.4
SULAWESI TENGAH,2011,Padi,1041789.0,667.0,219.5,27.6,1009.9,54.4
SULAWESI TENGAH,2011,Ubi_Jalar,25111.0,667.0,219.5,27.6,1009.9,54.4
SULAWESI TENGAH,2011,Ubi_Kayu,83139.0,667.0,219.5,27.6,1009.9,54.4
SULAWESI TENGAH,2012,Jagung,141649.0,760.0,202.0,27.7,1010.3,62.8
SULAWESI TENGAH,2012,Kacang_Hijau,1373.0,760.0,202.0,27.7,1010.3,62.8
SULAWESI TENGAH,2012,Kacang_Tanah,9473.0,760.0,202.0,27.7,1010.3,62.8
SULAWESI TENGAH,2012,Kedelai,8202.0,760.0,202.0,27.7,1010.3,62.8
SULAWESI TENGAH,2012,Padi,1024316.0,760.0,202.0,27.7,1010.3,62.8
SULAWESI TENGAH,2012,Ubi_Jalar,26932.0,760.0,202.0,27.7,1010.3,62.8
SULAWESI TENGAH,2012,Ubi_Kayu,93642.0,760.0,202.0,27.7,1010.3,62.8
SULAWESI TENGAH,2013,Jagung,139266.0,905.7,184.5,26.7,1010.18,57.42
SULAWESI TENGAH,2013,Kacang_Hijau,839.0,905.7,184.5,26.7,1010.18,57.42
SULAWESI TENGAH,2013,Kacang_Tanah,7303.0,905.7,184.5,26.7,1010.18,57.42
SULAWESI TENGAH,2013,Kedelai,12654.0,905.7,184.5,26.7,1010.18,57.42
SULAWESI TENGAH,2013,Padi,1031364.0,905.7,184.5,26.7,1010.18,57.42
SULAWESI TENGAH,2013,Ubi_Jalar,21550.0,905.7,184.5,26.7,1010.18,57.42
SULAWESI TENGAH,2013,Ubi_Kayu,100950.0,905.7,184.5,26.7,1010.18,57.42
SULAWESI TENGAH,2014,Jagung,135194.0,705.1,167.0,26.7,1011.1,63.4
SULAWESI TENGAH,2014,Kacang_Hijau,734.0,705.1,167.0,26.7,1011.1,63.4
SULAWESI TENGAH,2014,Kacang_Tanah,6123.0,705.1,167.0,26.7,1011.1,63.4
SULAWESI TENGAH,2014,Kedelai,12962.0,705.1,167.0,26.7,1011.1,63.4
SULAWESI TENGAH,2014,Padi,1023366.0,705.1,167.0,26.7,1011.1,63.4
SULAWESI TENGAH,2014,Ubi_Jalar,19100.0,705.1,167.0,26.7,1011.1,63.4
SULAWESI TENGAH,2014,Ubi_Kayu,74122.0,705.1,167.0,26.7,1011.1,63.4
SULAWESI TENGAH,2015,Jagung,131123.0,460.9,68.0,28.4,1011.9,79.12
SULAWESI TENGAH,2015,Kacang_Hijau,628.0,460.9,68.0,28.4,1011.9,79.12
SULAWESI TENGAH,2015,Kacang_Tanah,4943.0,460.9,68.0,28.4,1011.9,79.12
SULAWESI TENGAH,2015,Kedelai,13270.0,460.9,68.0,28.4,1011.9,79.12
SULAWESI TENGAH,2015,Padi,1015368.0,460.9,68.0,28.4,1011.9,79.12
SULAWESI TENGAH,2015,Ubi_Jalar,16650.0,460.9,68.0,28.4,1011.9,79.12
SULAWESI TENGAH,2015,Ubi_Kayu,47295.0,460.9,68.0,28.4,1011.9,79.12
SULAWESI TENGGARA,2000,Jagung,87141.0,2163.8,2.0,27.21,1010.45,85.0
SULAWESI TENGGARA,2000,Kacang_Hijau,901.0,2163.8,2.0,27.21,1010.45,85.0
SULAWESI TENGGARA,2000,Kacang_Tanah,8100.0,2163.8,2.0,27.21,1010.45,85.0
SULAWESI TENGGARA,2000,Kedelai,3392.0,2163.8,2.0,27.21,1010.45,85.0
SULAWESI TENGGARA,2000,Padi,314955.0,2163.8,2.0,27.21,1010.45,85.0
SULAWESI TENGGARA,2000,Ubi_Jalar,20942.0,2163.8,2.0,27.21,1010.45,85.0
SULAWESI TENGGARA,2000,Ubi_Kayu,203222.0,2163.8,2.0,27.21,1010.45,85.0
SULAWESI TENGGARA,2001,Jagung,60385.0,2163.8,2.0,27.21,1010.45,85.0
SULAWESI TENGGARA,2001,Kacang_Hijau,1190.0,2163.8,2.0,27.21,1010.45,85.0
SULAWESI TENGGARA,2001,Kacang_Tanah,7667.0,2163.8,2.0,27.21,1010.45,85.0
SULAWESI TENGGARA,2001,Kedelai,1198.0,2163.8,2.0,27.21,1010.45,85.0
SULAWESI TENGGARA,2001,Padi,263477.0,2163.8,2.0,27.21,1010.45,85.0
SULAWESI TENGGARA,2001,Ubi_Jalar,19601.0,2163.8,2.0,27.21,1010.45,85.0
SULAWESI TENGGARA,2001,Ubi_Kayu,152817.0,2163.8,2.0,27.21,1010.45,85.0
SULAWESI TENGGARA,2002,Jagung,68148.0,1709.8,2.0,26.43,1010.45,85.0
SULAWESI TENGGARA,2002,Kacang_Hijau,1406.0,1709.8,2.0,26.43,1010.45,85.0
SULAWESI TENGGARA,2002,Kacang_Tanah,8536.0,1709.8,2.0,26.43,1010.45,85.0
SULAWESI TENGGARA,2002,Kedelai,2016.0,1709.8,2.0,26.43,1010.45,85.0
SULAWESI TENGGARA,2002,Padi,298813.0,1709.8,2.0,26.43,1010.45,85.0
SULAWESI TENGGARA,2002,Ubi_Jalar,19532.0,1709.8,2.0,26.43,1010.45,85.0
SULAWESI TENGGARA,2002,Ubi_Kayu,181851.0,1709.8,2.0,26.43,1010.45,85.0
SULAWESI TENGGARA,2003,Jagung,87650.0,2125.1,2.0,28.39,1010.45,85.0
SULAWESI TENGGARA,2003,Kacang_Hijau,1463.0,2125.1,2.0,28.39,1010.45,85.0
SULAWESI TENGGARA,2003,Kacang_Tanah,7883.0,2125.1,2.0,28.39,1010.45,85.0
SULAWESI TENGGARA,2003,Kedelai,1738.0,2125.1,2.0,28.39,1010.45,85.0
SULAWESI TENGGARA,2003,Padi,334307.0,2125.1,2.0,28.39,1010.45,85.0
SULAWESI TENGGARA,2003,Ubi_Jalar,22985.0,2125.1,2.0,28.39,1010.45,85.0
SULAWESI TENGGARA,2003,Ubi_Kayu,210742.0,2125.1,2.0,28.39,1010.45,85.0
SULAWESI TENGGARA,2004,Jagung,78147.0,1417.23,2.0,28.36,1010.0,85.0
SULAWESI TENGGARA,2004,Kacang_Hijau,1675.0,1417.23,2.0,28.36,1010.0,85.0
SULAWESI TENGGARA,2004,Kacang_Tanah,7026.0,1417.23,2.0,28.36,1010.0,85.0
SULAWESI TENGGARA,2004,Kedelai,2381.0,1417.23,2.0,28.36,1010.0,85.0
SULAWESI TENGGARA,2004,Padi,322362.0,1417.23,2.0,28.36,1010.0,85.0
SULAWESI TENGGARA,2004,Ubi_Jalar,25695.0,1417.23,2.0,28.36,1010.0,85.0
SULAWESI TENGGARA,2004,Ubi_Kayu,263972.0,1417.23,2.0,28.36,1010.0,85.0
SULAWESI TENGGARA,2005,Jagung,73153.0,709.37,2.0,27.03,1013.09,85.0
SULAWESI TENGGARA,2005,Kacang_Hijau,1602.0,709.37,2.0,27.03,1013.09,85.0
SULAWESI TENGGARA,2005,Kacang_Tanah,6995.0,709.37,2.0,27.03,1013.09,85.0
SULAWESI TENGGARA,2005,Kedelai,3069.0,709.37,2.0,27.03,1013.09,85.0
SULAWESI TENGGARA,2005,Padi,339847.0,709.37,2.0,27.03,1013.09,85.0
SULAWESI TENGGARA,2005,Ubi_Jalar,24823.0,709.37,2.0,27.03,1013.09,85.0
SULAWESI TENGGARA,2005,Ubi_Kayu,256467.0,709.37,2.0,27.03,1013.09,85.0
SULAWESI TENGGARA,2006,Jagung,74672.0,1.5,2.0,25.7,1013.09,85.0
SULAWESI TENGGARA,2006,Kacang_Hijau,1475.0,1.5,2.0,25.7,1013.09,85.0
SULAWESI TENGGARA,2006,Kacang_Tanah,6756.0,1.5,2.0,25.7,1013.09,85.0
SULAWESI TENGGARA,2006,Kedelai,2982.0,1.5,2.0,25.7,1013.09,85.0
SULAWESI TENGGARA,2006,Padi,349429.0,1.5,2.0,25.7,1013.09,85.0
SULAWESI TENGGARA,2006,Ubi_Jalar,24432.0,1.5,2.0,25.7,1013.09,85.0
SULAWESI TENGGARA,2006,Ubi_Kayu,238039.0,1.5,2.0,25.7,1013.09,85.0
SULAWESI TENGGARA,2007,Jagung,97037.0,3465.8,203.0,26.7,1009.1,73.27
SULAWESI TENGGARA,2007,Kacang_Hijau,1832.0,3465.8,203.0,26.7,1009.1,73.27
SULAWESI TENGGARA,2007,Kacang_Tanah,7628.0,3465.8,203.0,26.7,1009.1,73.27
SULAWESI TENGGARA,2007,Kedelai,3375.0,3465.8,203.0,26.7,1009.1,73.27
SULAWESI TENGGARA,2007,Padi,423316.0,3465.8,203.0,26.7,1009.1,73.27
SULAWESI TENGGARA,2007,Ubi_Jalar,27588.0,3465.8,203.0,26.7,1009.1,73.27
SULAWESI TENGGARA,2007,Ubi_Kayu,239271.0,3465.8,203.0,26.7,1009.1,73.27
SULAWESI TENGGARA,2008,Jagung,93064.0,2300.8,242.0,26.5,1009.0,61.53
SULAWESI TENGGARA,2008,Kacang_Hijau,1640.0,2300.8,242.0,26.5,1009.0,61.53
SULAWESI TENGGARA,2008,Kacang_Tanah,6938.0,2300.8,242.0,26.5,1009.0,61.53
SULAWESI TENGGARA,2008,Kedelai,3812.0,2300.8,242.0,26.5,1009.0,61.53
SULAWESI TENGGARA,2008,Padi,405256.0,2300.8,242.0,26.5,1009.0,61.53
SULAWESI TENGGARA,2008,Ubi_Jalar,30892.0,2300.8,242.0,26.5,1009.0,61.53
SULAWESI TENGGARA,2008,Ubi_Kayu,217727.0,2300.8,242.0,26.5,1009.0,61.53
SULAWESI TENGGARA,2009,Jagung,71655.0,1783.0,183.0,27.7,1011.3,49.8
SULAWESI TENGGARA,2009,Kacang_Hijau,1131.0,1783.0,183.0,27.7,1011.3,49.8
SULAWESI TENGGARA,2009,Kacang_Tanah,5089.0,1783.0,183.0,27.7,1011.3,49.8
SULAWESI TENGGARA,2009,Kedelai,5615.0,1783.0,183.0,27.7,1011.3,49.8
SULAWESI TENGGARA,2009,Padi,407367.0,1783.0,183.0,27.7,1011.3,49.8
SULAWESI TENGGARA,2009,Ubi_Jalar,25577.0,1783.0,183.0,27.7,1011.3,49.8
SULAWESI TENGGARA,2009,Ubi_Kayu,226927.0,1783.0,183.0,27.7,1011.3,49.8
SULAWESI TENGGARA,2010,Jagung,74840.0,2859.0,258.0,27.52,1011.2,48.25
SULAWESI TENGGARA,2010,Kacang_Hijau,900.0,2859.0,258.0,27.52,1011.2,48.25
SULAWESI TENGGARA,2010,Kacang_Tanah,4942.0,2859.0,258.0,27.52,1011.2,48.25
SULAWESI TENGGARA,2010,Kedelai,3203.0,2859.0,258.0,27.52,1011.2,48.25
SULAWESI TENGGARA,2010,Padi,454644.0,2859.0,258.0,27.52,1011.2,48.25
SULAWESI TENGGARA,2010,Ubi_Jalar,25304.0,2859.0,258.0,27.52,1011.2,48.25
SULAWESI TENGGARA,2010,Ubi_Kayu,163350.0,2859.0,258.0,27.52,1011.2,48.25
SULAWESI TENGGARA,2011,Jagung,67997.0,1511.0,121.0,27.35,1010.7,46.7
SULAWESI TENGGARA,2011,Kacang_Hijau,1527.0,1511.0,121.0,27.35,1010.7,46.7
SULAWESI TENGGARA,2011,Kacang_Tanah,4540.0,1511.0,121.0,27.35,1010.7,46.7
SULAWESI TENGGARA,2011,Kedelai,6113.0,1511.0,121.0,27.35,1010.7,46.7
SULAWESI TENGGARA,2011,Padi,491567.0,1511.0,121.0,27.35,1010.7,46.7
SULAWESI TENGGARA,2011,Ubi_Jalar,26476.0,1511.0,121.0,27.35,1010.7,46.7
SULAWESI TENGGARA,2011,Ubi_Kayu,164850.0,1511.0,121.0,27.35,1010.7,46.7
SULAWESI TENGGARA,2012,Jagung,78447.0,2064.9,163.5,27.18,1010.2,45.15
SULAWESI TENGGARA,2012,Kacang_Hijau,1076.0,2064.9,163.5,27.18,1010.2,45.15
SULAWESI TENGGARA,2012,Kacang_Tanah,5199.0,2064.9,163.5,27.18,1010.2,45.15
SULAWESI TENGGARA,2012,Kedelai,3710.0,2064.9,163.5,27.18,1010.2,45.15
SULAWESI TENGGARA,2012,Padi,516291.0,2064.9,163.5,27.18,1010.2,45.15
SULAWESI TENGGARA,2012,Ubi_Jalar,29411.0,2064.9,163.5,27.18,1010.2,45.15
SULAWESI TENGGARA,2012,Ubi_Kayu,175719.0,2064.9,163.5,27.18,1010.2,45.15
SULAWESI TENGGARA,2013,Jagung,67578.0,2618.8,206.0,27.0,1009.7,43.6
SULAWESI TENGGARA,2013,Kacang_Hijau,1083.0,2618.8,206.0,27.0,1009.7,43.6
SULAWESI TENGGARA,2013,Kacang_Tanah,4942.0,2618.8,206.0,27.0,1009.7,43.6
SULAWESI TENGGARA,2013,Kedelai,3595.0,2618.8,206.0,27.0,1009.7,43.6
SULAWESI TENGGARA,2013,Padi,561361.0,2618.8,206.0,27.0,1009.7,43.6
SULAWESI TENGGARA,2013,Ubi_Jalar,24113.0,2618.8,206.0,27.0,1009.7,43.6
SULAWESI TENGGARA,2013,Ubi_Kayu,180680.0,2618.8,206.0,27.0,1009.7,43.6
SULAWESI TENGGARA,2014,Jagung,67860.0,2263.6,172.0,26.8,1010.1,58.06
SULAWESI TENGGARA,2014,Kacang_Hijau,1060.0,2263.6,172.0,26.8,1010.1,58.06
SULAWESI TENGGARA,2014,Kacang_Tanah,4206.0,2263.6,172.0,26.8,1010.1,58.06
SULAWESI TENGGARA,2014,Kedelai,8197.0,2263.6,172.0,26.8,1010.1,58.06
SULAWESI TENGGARA,2014,Padi,611040.0,2263.6,172.0,26.8,1010.1,58.06
SULAWESI TENGGARA,2014,Ubi_Jalar,24926.0,2263.6,172.0,26.8,1010.1,58.06
SULAWESI TENGGARA,2014,Ubi_Kayu,177888.0,2263.6,172.0,26.8,1010.1,58.06
SULAWESI TENGGARA,2015,Jagung,68141.0,1589.6,141.0,26.9,1012.8,72.51
SULAWESI TENGGARA,2015,Kacang_Hijau,1036.0,1589.6,141.0,26.9,1012.8,72.51
SULAWESI TENGGARA,2015,Kacang_Tanah,3471.0,1589.6,141.0,26.9,1012.8,72.51
SULAWESI TENGGARA,2015,Kedelai,12799.0,1589.6,141.0,26.9,1012.8,72.51
SULAWESI TENGGARA,2015,Padi,660720.0,1589.6,141.0,26.9,1012.8,72.51
SULAWESI TENGGARA,2015,Ubi_Jalar,25740.0,1589.6,141.0,26.9,1012.8,72.51
SULAWESI TENGGARA,2015,Ubi_Kayu,175095.0,1589.6,141.0,26.9,1012.8,72.51
SULAWESI UTARA,2000,Jagung,224599.0,3217.6,192.0,26.96,1009.44,44.6
SULAWESI UTARA,2000,Kacang_Hijau,2685.0,3217.6,192.0,26.96,1009.44,44.6
SULAWESI UTARA,2000,Kacang_Tanah,8291.0,3217.6,192.0,26.96,1009.44,44.6
SULAWESI UTARA,2000,Kedelai,7291.0,3217.6,192.0,26.96,1009.44,44.6
SULAWESI UTARA,2000,Padi,514477.0,3217.6,192.0,26.96,1009.44,44.6
SULAWESI UTARA,2000,Ubi_Jalar,23434.0,3217.6,192.0,26.96,1009.44,44.6
SULAWESI UTARA,2000,Ubi_Kayu,50354.0,3217.6,192.0,26.96,1009.44,44.6
SULAWESI UTARA,2001,Jagung,150459.0,3711.2,192.0,28.8,1009.44,44.6
SULAWESI UTARA,2001,Kacang_Hijau,1709.0,3711.2,192.0,28.8,1009.44,44.6
SULAWESI UTARA,2001,Kacang_Tanah,5982.0,3711.2,192.0,28.8,1009.44,44.6
SULAWESI UTARA,2001,Kedelai,3572.0,3711.2,192.0,28.8,1009.44,44.6
SULAWESI UTARA,2001,Padi,310802.0,3711.2,192.0,28.8,1009.44,44.6
SULAWESI UTARA,2001,Ubi_Jalar,17952.0,3711.2,192.0,28.8,1009.44,44.6
SULAWESI UTARA,2001,Ubi_Kayu,26526.0,3711.2,192.0,28.8,1009.44,44.6
SULAWESI UTARA,2002,Jagung,116897.0,2497.6,192.0,28.76,1009.44,44.6
SULAWESI UTARA,2002,Kacang_Hijau,1233.0,2497.6,192.0,28.76,1009.44,44.6
SULAWESI UTARA,2002,Kacang_Tanah,3525.0,2497.6,192.0,28.76,1009.44,44.6
SULAWESI UTARA,2002,Kedelai,1756.0,2497.6,192.0,28.76,1009.44,44.6
SULAWESI UTARA,2002,Padi,346079.0,2497.6,192.0,28.76,1009.44,44.6
SULAWESI UTARA,2002,Ubi_Jalar,14958.0,2497.6,192.0,28.76,1009.44,44.6
SULAWESI UTARA,2002,Ubi_Kayu,32130.0,2497.6,192.0,28.76,1009.44,44.6
SULAWESI UTARA,2003,Jagung,144668.0,3470.5,192.0,28.67,1009.44,44.6
SULAWESI UTARA,2003,Kacang_Hijau,1004.0,3470.5,192.0,28.67,1009.44,44.6
SULAWESI UTARA,2003,Kacang_Tanah,4683.0,3470.5,192.0,28.67,1009.44,44.6
SULAWESI UTARA,2003,Kedelai,2320.0,3470.5,192.0,28.67,1009.44,44.6
SULAWESI UTARA,2003,Padi,369930.0,3470.5,192.0,28.67,1009.44,44.6
SULAWESI UTARA,2003,Ubi_Jalar,25579.0,3470.5,192.0,28.67,1009.44,44.6
SULAWESI UTARA,2003,Ubi_Kayu,39944.0,3470.5,192.0,28.67,1009.44,44.6
SULAWESI UTARA,2004,Jagung,150128.0,2242.25,192.0,26.9,1009.44,44.6
SULAWESI UTARA,2004,Kacang_Hijau,1268.0,2242.25,192.0,26.9,1009.44,44.6
SULAWESI UTARA,2004,Kacang_Tanah,5554.0,2242.25,192.0,26.9,1009.44,44.6
SULAWESI UTARA,2004,Kedelai,5144.0,2242.25,192.0,26.9,1009.44,44.6
SULAWESI UTARA,2004,Padi,407358.0,2242.25,192.0,26.9,1009.44,44.6
SULAWESI UTARA,2004,Ubi_Jalar,32392.0,2242.25,192.0,26.9,1009.44,44.6
SULAWESI UTARA,2004,Ubi_Kayu,57314.0,2242.25,192.0,26.9,1009.44,44.6
SULAWESI UTARA,2005,Jagung,195305.0,1014.0,192.0,26.7,1007.25,44.6
SULAWESI UTARA,2005,Kacang_Hijau,1463.0,1014.0,192.0,26.7,1007.25,44.6
SULAWESI UTARA,2005,Kacang_Tanah,6267.0,1014.0,192.0,26.7,1007.25,44.6
SULAWESI UTARA,2005,Kedelai,4112.0,1014.0,192.0,26.7,1007.25,44.6
SULAWESI UTARA,2005,Padi,432624.0,1014.0,192.0,26.7,1007.25,44.6
SULAWESI UTARA,2005,Ubi_Jalar,38671.0,1014.0,192.0,26.7,1007.25,44.6
SULAWESI UTARA,2005,Ubi_Kayu,68463.0,1014.0,192.0,26.7,1007.25,44.6
SULAWESI UTARA,2006,Jagung,242714.0,2890.9,192.0,26.24,1007.25,44.6
SULAWESI UTARA,2006,Kacang_Hijau,2078.0,2890.9,192.0,26.24,1007.25,44.6
SULAWESI UTARA,2006,Kacang_Tanah,7205.0,2890.9,192.0,26.24,1007.25,44.6
SULAWESI UTARA,2006,Kedelai,4875.0,2890.9,192.0,26.24,1007.25,44.6
SULAWESI UTARA,2006,Padi,454902.0,2890.9,192.0,26.24,1007.25,44.6
SULAWESI UTARA,2006,Ubi_Jalar,37345.0,2890.9,192.0,26.24,1007.25,44.6
SULAWESI UTARA,2006,Ubi_Kayu,82416.0,2890.9,192.0,26.24,1007.25,44.6
SULAWESI UTARA,2007,Jagung,406759.0,3436.8,257.0,26.3,1007.25,39.5
SULAWESI UTARA,2007,Kacang_Hijau,2153.0,3436.8,257.0,26.3,1007.25,39.5
SULAWESI UTARA,2007,Kacang_Tanah,7562.0,3436.8,257.0,26.3,1007.25,39.5
SULAWESI UTARA,2007,Kedelai,4578.0,3436.8,257.0,26.3,1007.25,39.5
SULAWESI UTARA,2007,Padi,49495.0,3436.8,257.0,26.3,1007.25,39.5
SULAWESI UTARA,2007,Ubi_Jalar,35475.0,3436.8,257.0,26.3,1007.25,39.5
SULAWESI UTARA,2007,Ubi_Kayu,74406.0,3436.8,257.0,26.3,1007.25,39.5
SULAWESI UTARA,2008,Jagung,466041.0,3635.0,291.0,26.0,1009.5,51.4
SULAWESI UTARA,2008,Kacang_Hijau,2381.0,3635.0,291.0,26.0,1009.5,51.4
SULAWESI UTARA,2008,Kacang_Tanah,8640.0,3635.0,291.0,26.0,1009.5,51.4
SULAWESI UTARA,2008,Kedelai,7217.0,3635.0,291.0,26.0,1009.5,51.4
SULAWESI UTARA,2008,Padi,520193.0,3635.0,291.0,26.0,1009.5,51.4
SULAWESI UTARA,2008,Ubi_Jalar,42062.0,3635.0,291.0,26.0,1009.5,51.4
SULAWESI UTARA,2008,Ubi_Kayu,83656.0,3635.0,291.0,26.0,1009.5,51.4
SULAWESI UTARA,2009,Jagung,450989.0,2884.0,222.0,26.6,1010.0,56.5
SULAWESI UTARA,2009,Kacang_Hijau,2680.0,2884.0,222.0,26.6,1010.0,56.5
SULAWESI UTARA,2009,Kacang_Tanah,8493.0,2884.0,222.0,26.6,1010.0,56.5
SULAWESI UTARA,2009,Kedelai,7667.0,2884.0,222.0,26.6,1010.0,56.5
SULAWESI UTARA,2009,Padi,549087.0,2884.0,222.0,26.6,1010.0,56.5
SULAWESI UTARA,2009,Ubi_Jalar,53121.0,2884.0,222.0,26.6,1010.0,56.5
SULAWESI UTARA,2009,Ubi_Kayu,77206.0,2884.0,222.0,26.6,1010.0,56.5
SULAWESI UTARA,2010,Jagung,446144.0,3786.0,274.0,26.3,1010.2,55.4
SULAWESI UTARA,2010,Kacang_Hijau,2184.0,3786.0,274.0,26.3,1010.2,55.4
SULAWESI UTARA,2010,Kacang_Tanah,8671.0,3786.0,274.0,26.3,1010.2,55.4
SULAWESI UTARA,2010,Kedelai,7627.0,3786.0,274.0,26.3,1010.2,55.4
SULAWESI UTARA,2010,Padi,584030.0,3786.0,274.0,26.3,1010.2,55.4
SULAWESI UTARA,2010,Ubi_Jalar,51838.0,3786.0,274.0,26.3,1010.2,55.4
SULAWESI UTARA,2010,Ubi_Kayu,84084.0,3786.0,274.0,26.3,1010.2,55.4
SULAWESI UTARA,2011,Jagung,438504.0,3031.0,276.0,26.1,1009.4,54.3
SULAWESI UTARA,2011,Kacang_Hijau,1825.0,3031.0,276.0,26.1,1009.4,54.3
SULAWESI UTARA,2011,Kacang_Tanah,9049.0,3031.0,276.0,26.1,1009.4,54.3
SULAWESI UTARA,2011,Kedelai,6319.0,3031.0,276.0,26.1,1009.4,54.3
SULAWESI UTARA,2011,Padi,596223.0,3031.0,276.0,26.1,1009.4,54.3
SULAWESI UTARA,2011,Ubi_Jalar,46266.0,3031.0,276.0,26.1,1009.4,54.3
SULAWESI UTARA,2011,Ubi_Kayu,70147.0,3031.0,276.0,26.1,1009.4,54.3
SULAWESI UTARA,2012,Jagung,440308.0,3013.0,230.0,26.1,1009.2,55.0
SULAWESI UTARA,2012,Kacang_Hijau,2045.0,3013.0,230.0,26.1,1009.2,55.0
SULAWESI UTARA,2012,Kacang_Tanah,8247.0,3013.0,230.0,26.1,1009.2,55.0
SULAWESI UTARA,2012,Kedelai,2973.0,3013.0,230.0,26.1,1009.2,55.0
SULAWESI UTARA,2012,Padi,615062.0,3013.0,230.0,26.1,1009.2,55.0
SULAWESI UTARA,2012,Ubi_Jalar,41227.0,3013.0,230.0,26.1,1009.2,55.0
SULAWESI UTARA,2012,Ubi_Kayu,63187.0,3013.0,230.0,26.1,1009.2,55.0
SULAWESI UTARA,2013,Jagung,448002.0,3719.8,265.0,26.4,1010.85,49.43
SULAWESI UTARA,2013,Kacang_Hijau,1541.0,3719.8,265.0,26.4,1010.85,49.43
SULAWESI UTARA,2013,Kacang_Tanah,8805.0,3719.8,265.0,26.4,1010.85,49.43
SULAWESI UTARA,2013,Kedelai,5780.0,3719.8,265.0,26.4,1010.85,49.43
SULAWESI UTARA,2013,Padi,638373.0,3719.8,265.0,26.4,1010.85,49.43
SULAWESI UTARA,2013,Ubi_Jalar,39800.0,3719.8,265.0,26.4,1010.85,49.43
SULAWESI UTARA,2013,Ubi_Kayu,55207.0,3719.8,265.0,26.4,1010.85,49.43
SULAWESI UTARA,2014,Jagung,374246.0,2835.0,229.0,26.6,1011.3,62.0
SULAWESI UTARA,2014,Kacang_Hijau,1255.0,2835.0,229.0,26.6,1011.3,62.0
SULAWESI UTARA,2014,Kacang_Tanah,6388.0,2835.0,229.0,26.6,1011.3,62.0
SULAWESI UTARA,2014,Kedelai,6232.0,2835.0,229.0,26.6,1011.3,62.0
SULAWESI UTARA,2014,Padi,656271.0,2835.0,229.0,26.6,1011.3,62.0
SULAWESI UTARA,2014,Ubi_Jalar,32752.0,2835.0,229.0,26.6,1011.3,62.0
SULAWESI UTARA,2014,Ubi_Kayu,49665.0,2835.0,229.0,26.6,1011.3,62.0
SULAWESI UTARA,2015,Jagung,300490.0,1807.0,127.0,27.0,1012.3,67.53
SULAWESI UTARA,2015,Kacang_Hijau,969.0,1807.0,127.0,27.0,1012.3,67.53
SULAWESI UTARA,2015,Kacang_Tanah,3971.0,1807.0,127.0,27.0,1012.3,67.53
SULAWESI UTARA,2015,Kedelai,6685.0,1807.0,127.0,27.0,1012.3,67.53
SULAWESI UTARA,2015,Padi,674169.0,1807.0,127.0,27.0,1012.3,67.53
SULAWESI UTARA,2015,Ubi_Jalar,25705.0,1807.0,127.0,27.0,1012.3,67.53
SULAWESI UTARA,2015,Ubi_Kayu,44123.0,1807.0,127.0,27.0,1012.3,67.53
SUMATERA BARAT,2000,Jagung,56386.0,3040.6,40.0,25.86,1010.15,53.5
SUMATERA BARAT,2000,Kacang_Hijau,1692.0,3040.6,40.0,25.86,1010.15,53.5
SUMATERA BARAT,2000,Kacang_Tanah,8583.0,3040.6,40.0,25.86,1010.15,53.5
SUMATERA BARAT,2000,Kedelai,7614.0,3040.6,40.0,25.86,1010.15,53.5
SUMATERA BARAT,2000,Padi,1759059.0,3040.6,40.0,25.86,1010.15,53.5
SUMATERA BARAT,2000,Ubi_Jalar,32875.0,3040.6,40.0,25.86,1010.15,53.5
SUMATERA BARAT,2000,Ubi_Kayu,94769.0,3040.6,40.0,25.86,1010.15,53.5
SUMATERA BARAT,2001,Jagung,48820.0,2811.0,40.0,28.18,1010.15,53.5
SUMATERA BARAT,2001,Kacang_Hijau,1468.0,2811.0,40.0,28.18,1010.15,53.5
SUMATERA BARAT,2001,Kacang_Tanah,8712.0,2811.0,40.0,28.18,1010.15,53.5
SUMATERA BARAT,2001,Kedelai,4936.0,2811.0,40.0,28.18,1010.15,53.5
SUMATERA BARAT,2001,Padi,1668955.0,2811.0,40.0,28.18,1010.15,53.5
SUMATERA BARAT,2001,Ubi_Jalar,30335.0,2811.0,40.0,28.18,1010.15,53.5
SUMATERA BARAT,2001,Ubi_Kayu,82207.0,2811.0,40.0,28.18,1010.15,53.5
SUMATERA BARAT,2002,Jagung,67241.0,4241.2,40.0,28.2,1010.15,53.5
SUMATERA BARAT,2002,Kacang_Hijau,1597.0,4241.2,40.0,28.2,1010.15,53.5
SUMATERA BARAT,2002,Kacang_Tanah,8757.0,4241.2,40.0,28.2,1010.15,53.5
SUMATERA BARAT,2002,Kedelai,2078.0,4241.2,40.0,28.2,1010.15,53.5
SUMATERA BARAT,2002,Padi,1875834.0,4241.2,40.0,28.2,1010.15,53.5
SUMATERA BARAT,2002,Ubi_Jalar,37558.0,4241.2,40.0,28.2,1010.15,53.5
SUMATERA BARAT,2002,Ubi_Kayu,100657.0,4241.2,40.0,28.2,1010.15,53.5
SUMATERA BARAT,2003,Jagung,85410.0,4614.74,40.0,29.17,1010.15,53.5
SUMATERA BARAT,2003,Kacang_Hijau,1531.0,4614.74,40.0,29.17,1010.15,53.5
SUMATERA BARAT,2003,Kacang_Tanah,7821.0,4614.74,40.0,29.17,1010.15,53.5
SUMATERA BARAT,2003,Kedelai,2122.0,4614.74,40.0,29.17,1010.15,53.5
SUMATERA BARAT,2003,Padi,1823739.0,4614.74,40.0,29.17,1010.15,53.5
SUMATERA BARAT,2003,Ubi_Jalar,44954.0,4614.74,40.0,29.17,1010.15,53.5
SUMATERA BARAT,2003,Ubi_Kayu,122689.0,4614.74,40.0,29.17,1010.15,53.5
SUMATERA BARAT,2004,Jagung,118170.0,3230.4,40.0,29.02,1010.15,53.5
SUMATERA BARAT,2004,Kacang_Hijau,1338.0,3230.4,40.0,29.02,1010.15,53.5
SUMATERA BARAT,2004,Kacang_Tanah,9949.0,3230.4,40.0,29.02,1010.15,53.5
SUMATERA BARAT,2004,Kedelai,1575.0,3230.4,40.0,29.02,1010.15,53.5
SUMATERA BARAT,2004,Padi,1875188.0,3230.4,40.0,29.02,1010.15,53.5
SUMATERA BARAT,2004,Ubi_Jalar,55484.0,3230.4,40.0,29.02,1010.15,53.5
SUMATERA BARAT,2004,Ubi_Kayu,117437.0,3230.4,40.0,29.02,1010.15,53.5
SUMATERA BARAT,2005,Jagung,157147.0,1533.6,40.0,25.9,1010.8,53.5
SUMATERA BARAT,2005,Kacang_Hijau,1594.0,1533.6,40.0,25.9,1010.8,53.5
SUMATERA BARAT,2005,Kacang_Tanah,10501.0,1533.6,40.0,25.9,1010.8,53.5
SUMATERA BARAT,2005,Kedelai,2000.0,1533.6,40.0,25.9,1010.8,53.5
SUMATERA BARAT,2005,Padi,1907390.0,1533.6,40.0,25.9,1010.8,53.5
SUMATERA BARAT,2005,Ubi_Jalar,50392.0,1533.6,40.0,25.9,1010.8,53.5
SUMATERA BARAT,2005,Ubi_Kayu,114199.0,1533.6,40.0,25.9,1010.8,53.5
SUMATERA BARAT,2006,Jagung,202298.0,776.0,40.0,26.05,1010.5,53.5
SUMATERA BARAT,2006,Kacang_Hijau,1380.0,776.0,40.0,26.05,1010.5,53.5
SUMATERA BARAT,2006,Kacang_Tanah,10116.0,776.0,40.0,26.05,1010.5,53.5
SUMATERA BARAT,2006,Kedelai,1438.0,776.0,40.0,26.05,1010.5,53.5
SUMATERA BARAT,2006,Padi,1889489.0,776.0,40.0,26.05,1010.5,53.5
SUMATERA BARAT,2006,Ubi_Jalar,53758.0,776.0,40.0,26.05,1010.5,53.5
SUMATERA BARAT,2006,Ubi_Kayu,133095.0,776.0,40.0,26.05,1010.5,53.5
SUMATERA BARAT,2007,Jagung,223233.0,4329.0,231.0,25.7,1007.25,46.4
SUMATERA BARAT,2007,Kacang_Hijau,1345.0,4329.0,231.0,25.7,1007.25,46.4
SUMATERA BARAT,2007,Kacang_Tanah,9671.0,4329.0,231.0,25.7,1007.25,46.4
SUMATERA BARAT,2007,Kedelai,1131.0,4329.0,231.0,25.7,1007.25,46.4
SUMATERA BARAT,2007,Padi,1938120.0,4329.0,231.0,25.7,1007.25,46.4
SUMATERA BARAT,2007,Ubi_Jalar,53793.0,4329.0,231.0,25.7,1007.25,46.4
SUMATERA BARAT,2007,Ubi_Kayu,114551.0,4329.0,231.0,25.7,1007.25,46.4
SUMATERA BARAT,2008,Jagung,351843.0,4510.0,224.5,25.4,1007.25,45.7
SUMATERA BARAT,2008,Kacang_Hijau,1434.0,4510.0,224.5,25.4,1007.25,45.7
SUMATERA BARAT,2008,Kacang_Tanah,10260.0,4510.0,224.5,25.4,1007.25,45.7
SUMATERA BARAT,2008,Kedelai,1459.0,4510.0,224.5,25.4,1007.25,45.7
SUMATERA BARAT,2008,Padi,1965634.0,4510.0,224.5,25.4,1007.25,45.7
SUMATERA BARAT,2008,Ubi_Jalar,61817.0,4510.0,224.5,25.4,1007.25,45.7
SUMATERA BARAT,2008,Ubi_Kayu,102285.0,4510.0,224.5,25.4,1007.25,45.7
SUMATERA BARAT,2009,Jagung,404795.0,4614.74,218.0,25.5,1007.25,41.3
SUMATERA BARAT,2009,Kacang_Hijau,1346.0,4614.74,218.0,25.5,1007.25,41.3
SUMATERA BARAT,2009,Kacang_Tanah,9207.0,4614.74,218.0,25.5,1007.25,41.3
SUMATERA BARAT,2009,Kedelai,3175.0,4614.74,218.0,25.5,1007.25,41.3
SUMATERA BARAT,2009,Padi,2105790.0,4614.74,218.0,25.5,1007.25,41.3
SUMATERA BARAT,2009,Ubi_Jalar,77476.0,4614.74,218.0,25.5,1007.25,41.3
SUMATERA BARAT,2009,Ubi_Kayu,115492.0,4614.74,218.0,25.5,1007.25,41.3
SUMATERA BARAT,2010,Jagung,354262.0,4614.74,222.0,25.8,1007.25,38.6
SUMATERA BARAT,2010,Kacang_Hijau,1134.0,4614.74,222.0,25.8,1007.25,38.6
SUMATERA BARAT,2010,Kacang_Tanah,9162.0,4614.74,222.0,25.8,1007.25,38.6
SUMATERA BARAT,2010,Kedelai,1834.0,4614.74,222.0,25.8,1007.25,38.6
SUMATERA BARAT,2010,Padi,2211248.0,4614.74,222.0,25.8,1007.25,38.6
SUMATERA BARAT,2010,Ubi_Jalar,104302.0,4614.74,222.0,25.8,1007.25,38.6
SUMATERA BARAT,2010,Ubi_Kayu,193188.0,4614.74,222.0,25.8,1007.25,38.6
SUMATERA BARAT,2011,Jagung,471849.0,4614.74,226.0,25.5,1007.25,32.8
SUMATERA BARAT,2011,Kacang_Hijau,1121.0,4614.74,226.0,25.5,1007.25,32.8
SUMATERA BARAT,2011,Kacang_Tanah,11908.0,4614.74,226.0,25.5,1007.25,32.8
SUMATERA BARAT,2011,Kedelai,1925.0,4614.74,226.0,25.5,1007.25,32.8
SUMATERA BARAT,2011,Padi,2279602.0,4614.74,226.0,25.5,1007.25,32.8
SUMATERA BARAT,2011,Ubi_Jalar,98120.0,4614.74,226.0,25.5,1007.25,32.8
SUMATERA BARAT,2011,Ubi_Kayu,191946.0,4614.74,226.0,25.5,1007.25,32.8
SUMATERA BARAT,2012,Jagung,495497.0,4339.0,230.0,25.2,1007.25,45.2
SUMATERA BARAT,2012,Kacang_Hijau,1073.0,4339.0,230.0,25.2,1007.25,45.2
SUMATERA BARAT,2012,Kacang_Tanah,9597.0,4339.0,230.0,25.2,1007.25,45.2
SUMATERA BARAT,2012,Kedelai,1106.0,4339.0,230.0,25.2,1007.25,45.2
SUMATERA BARAT,2012,Padi,2368390.0,4339.0,230.0,25.2,1007.25,45.2
SUMATERA BARAT,2012,Ubi_Jalar,124881.0,4339.0,230.0,25.2,1007.25,45.2
SUMATERA BARAT,2012,Ubi_Kayu,213647.0,4339.0,230.0,25.2,1007.25,45.2
SUMATERA BARAT,2013,Jagung,547417.0,4614.74,232.0,25.1,1007.25,43.3
SUMATERA BARAT,2013,Kacang_Hijau,753.0,4614.74,232.0,25.1,1007.25,43.3
SUMATERA BARAT,2013,Kacang_Tanah,9093.0,4614.74,232.0,25.1,1007.25,43.3
SUMATERA BARAT,2013,Kedelai,732.0,4614.74,232.0,25.1,1007.25,43.3
SUMATERA BARAT,2013,Padi,2430384.0,4614.74,232.0,25.1,1007.25,43.3
SUMATERA BARAT,2013,Ubi_Jalar,134453.0,4614.74,232.0,25.1,1007.25,43.3
SUMATERA BARAT,2013,Ubi_Kayu,218830.0,4614.74,232.0,25.1,1007.25,43.3
SUMATERA BARAT,2014,Jagung,574983.0,2838.4,163.0,25.7,1007.25,43.14
SUMATERA BARAT,2014,Kacang_Hijau,586.0,2838.4,163.0,25.7,1007.25,43.14
SUMATERA BARAT,2014,Kacang_Tanah,7528.0,2838.4,163.0,25.7,1007.25,43.14
SUMATERA BARAT,2014,Kedelai,542.0,2838.4,163.0,25.7,1007.25,43.14
SUMATERA BARAT,2014,Padi,2490496.0,2838.4,163.0,25.7,1007.25,43.14
SUMATERA BARAT,2014,Ubi_Jalar,147688.0,2838.4,163.0,25.7,1007.25,43.14
SUMATERA BARAT,2014,Ubi_Kayu,213608.0,2838.4,163.0,25.7,1007.25,43.14
SUMATERA BARAT,2015,Jagung,602549.0,3548.0,185.0,26.5,1010.9,59.56
SUMATERA BARAT,2015,Kacang_Hijau,419.0,3548.0,185.0,26.5,1010.9,59.56
SUMATERA BARAT,2015,Kacang_Tanah,5964.0,3548.0,185.0,26.5,1010.9,59.56
SUMATERA BARAT,2015,Kedelai,353.0,3548.0,185.0,26.5,1010.9,59.56
SUMATERA BARAT,2015,Padi,2550609.0,3548.0,185.0,26.5,1010.9,59.56
SUMATERA BARAT,2015,Ubi_Jalar,160922.0,3548.0,185.0,26.5,1010.9,59.56
SUMATERA BARAT,2015,Ubi_Kayu,208386.0,3548.0,185.0,26.5,1010.9,59.56
SUMATERA SELATAN,2000,Jagung,94528.0,2837.5,93.0,28.83,1011.21,54.5
SUMATERA SELATAN,2000,Kacang_Hijau,2366.0,2837.5,93.0,28.83,1011.21,54.5
SUMATERA SELATAN,2000,Kacang_Tanah,7731.0,2837.5,93.0,28.83,1011.21,54.5
SUMATERA SELATAN,2000,Kedelai,8771.0,2837.5,93.0,28.83,1011.21,54.5
SUMATERA SELATAN,2000,Padi,1863643.0,2837.5,93.0,28.83,1011.21,54.5
SUMATERA SELATAN,2000,Ubi_Jalar,26537.0,2837.5,93.0,28.83,1011.21,54.5
SUMATERA SELATAN,2000,Ubi_Kayu,326766.0,2837.5,93.0,28.83,1011.21,54.5
SUMATERA SELATAN,2001,Jagung,68769.0,2837.5,93.0,28.83,1011.21,54.5
SUMATERA SELATAN,2001,Kacang_Hijau,2222.0,2837.5,93.0,28.83,1011.21,54.5
SUMATERA SELATAN,2001,Kacang_Tanah,6167.0,2837.5,93.0,28.83,1011.21,54.5
SUMATERA SELATAN,2001,Kedelai,5337.0,2837.5,93.0,28.83,1011.21,54.5
SUMATERA SELATAN,2001,Padi,1723433.0,2837.5,93.0,28.83,1011.21,54.5
SUMATERA SELATAN,2001,Ubi_Jalar,14804.0,2837.5,93.0,28.83,1011.21,54.5
SUMATERA SELATAN,2001,Ubi_Kayu,323675.0,2837.5,93.0,28.83,1011.21,54.5
SUMATERA SELATAN,2002,Jagung,53436.0,2368.2,93.0,28.24,1011.21,54.5
SUMATERA SELATAN,2002,Kacang_Hijau,2160.0,2368.2,93.0,28.24,1011.21,54.5
SUMATERA SELATAN,2002,Kacang_Tanah,6218.0,2368.2,93.0,28.24,1011.21,54.5
SUMATERA SELATAN,2002,Kedelai,3788.0,2368.2,93.0,28.24,1011.21,54.5
SUMATERA SELATAN,2002,Padi,1899849.0,2368.2,93.0,28.24,1011.21,54.5
SUMATERA SELATAN,2002,Ubi_Jalar,16878.0,2368.2,93.0,28.24,1011.21,54.5
SUMATERA SELATAN,2002,Ubi_Kayu,271049.0,2368.2,93.0,28.24,1011.21,54.5
SUMATERA SELATAN,2003,Jagung,59261.0,2674.0,93.0,29.64,1011.21,54.5
SUMATERA SELATAN,2003,Kacang_Hijau,2651.0,2674.0,93.0,29.64,1011.21,54.5
SUMATERA SELATAN,2003,Kacang_Tanah,7682.0,2674.0,93.0,29.64,1011.21,54.5
SUMATERA SELATAN,2003,Kedelai,4815.0,2674.0,93.0,29.64,1011.21,54.5
SUMATERA SELATAN,2003,Padi,1977345.0,2674.0,93.0,29.64,1011.21,54.5
SUMATERA SELATAN,2003,Ubi_Jalar,20672.0,2674.0,93.0,29.64,1011.21,54.5
SUMATERA SELATAN,2003,Ubi_Kayu,158042.0,2674.0,93.0,29.64,1011.21,54.5
SUMATERA SELATAN,2004,Jagung,65234.0,2015.45,93.0,28.73,1010.66,54.5
SUMATERA SELATAN,2004,Kacang_Hijau,2643.0,2015.45,93.0,28.73,1010.66,54.5
SUMATERA SELATAN,2004,Kacang_Tanah,7187.0,2015.45,93.0,28.73,1010.66,54.5
SUMATERA SELATAN,2004,Kedelai,4664.0,2015.45,93.0,28.73,1010.66,54.5
SUMATERA SELATAN,2004,Padi,2260794.0,2015.45,93.0,28.73,1010.66,54.5
SUMATERA SELATAN,2004,Ubi_Jalar,22573.0,2015.45,93.0,28.73,1010.66,54.5
SUMATERA SELATAN,2004,Ubi_Kayu,248844.0,2015.45,93.0,28.73,1010.66,54.5
SUMATERA SELATAN,2005,Jagung,75566.0,1356.9,93.0,27.1,1011.4,54.5
SUMATERA SELATAN,2005,Kacang_Hijau,3135.0,1356.9,93.0,27.1,1011.4,54.5
SUMATERA SELATAN,2005,Kacang_Tanah,9756.0,1356.9,93.0,27.1,1011.4,54.5
SUMATERA SELATAN,2005,Kedelai,5160.0,1356.9,93.0,27.1,1011.4,54.5
SUMATERA SELATAN,2005,Padi,2320110.0,1356.9,93.0,27.1,1011.4,54.5
SUMATERA SELATAN,2005,Ubi_Jalar,24465.0,1356.9,93.0,27.1,1011.4,54.5
SUMATERA SELATAN,2005,Ubi_Kayu,179952.0,1356.9,93.0,27.1,1011.4,54.5
SUMATERA SELATAN,2006,Jagung,73896.0,1442.0,93.0,27.1,1010.7,54.5
SUMATERA SELATAN,2006,Kacang_Hijau,3396.0,1442.0,93.0,27.1,1010.7,54.5
SUMATERA SELATAN,2006,Kacang_Tanah,11696.0,1442.0,93.0,27.1,1010.7,54.5
SUMATERA SELATAN,2006,Kedelai,3788.0,1442.0,93.0,27.1,1010.7,54.5
SUMATERA SELATAN,2006,Padi,2456251.0,1442.0,93.0,27.1,1010.7,54.5
SUMATERA SELATAN,2006,Ubi_Jalar,20747.0,1442.0,93.0,27.1,1010.7,54.5
SUMATERA SELATAN,2006,Ubi_Kayu,228321.0,1442.0,93.0,27.1,1010.7,54.5
SUMATERA SELATAN,2007,Jagung,84081.0,2364.7,210.0,27.0,1013.09,54.8
SUMATERA SELATAN,2007,Kacang_Hijau,3351.0,2364.7,210.0,27.0,1013.09,54.8
SUMATERA SELATAN,2007,Kacang_Tanah,7676.0,2364.7,210.0,27.0,1013.09,54.8
SUMATERA SELATAN,2007,Kedelai,2873.0,2364.7,210.0,27.0,1013.09,54.8
SUMATERA SELATAN,2007,Padi,2753044.0,2364.7,210.0,27.0,1013.09,54.8
SUMATERA SELATAN,2007,Ubi_Jalar,21515.0,2364.7,210.0,27.0,1013.09,54.8
SUMATERA SELATAN,2007,Ubi_Kayu,150133.0,2364.7,210.0,27.0,1013.09,54.8
SUMATERA SELATAN,2008,Jagung,101439.0,2685.7,224.0,26.9,1009.4,54.0
SUMATERA SELATAN,2008,Kacang_Hijau,4172.0,2685.7,224.0,26.9,1009.4,54.0
SUMATERA SELATAN,2008,Kacang_Tanah,7499.0,2685.7,224.0,26.9,1009.4,54.0
SUMATERA SELATAN,2008,Kedelai,7305.0,2685.7,224.0,26.9,1009.4,54.0
SUMATERA SELATAN,2008,Padi,2971286.0,2685.7,224.0,26.9,1009.4,54.0
SUMATERA SELATAN,2008,Ubi_Jalar,19621.0,2685.7,224.0,26.9,1009.4,54.0
SUMATERA SELATAN,2008,Ubi_Kayu,197150.0,2685.7,224.0,26.9,1009.4,54.0
SUMATERA SELATAN,2009,Jagung,113167.0,2389.0,214.0,27.4,1009.7,57.4
SUMATERA SELATAN,2009,Kacang_Hijau,3188.0,2389.0,214.0,27.4,1009.7,57.4
SUMATERA SELATAN,2009,Kacang_Tanah,6459.0,2389.0,214.0,27.4,1009.7,57.4
SUMATERA SELATAN,2009,Kedelai,13702.0,2389.0,214.0,27.4,1009.7,57.4
SUMATERA SELATAN,2009,Padi,3125236.0,2389.0,214.0,27.4,1009.7,57.4
SUMATERA SELATAN,2009,Ubi_Jalar,20800.0,2389.0,214.0,27.4,1009.7,57.4
SUMATERA SELATAN,2009,Ubi_Kayu,166890.0,2389.0,214.0,27.4,1009.7,57.4
SUMATERA SELATAN,2010,Jagung,125796.0,2491.0,215.5,27.35,1009.65,55.7
SUMATERA SELATAN,2010,Kacang_Hijau,3280.0,2491.0,215.5,27.35,1009.65,55.7
SUMATERA SELATAN,2010,Kacang_Tanah,6109.0,2491.0,215.5,27.35,1009.65,55.7
SUMATERA SELATAN,2010,Kedelai,11664.0,2491.0,215.5,27.35,1009.65,55.7
SUMATERA SELATAN,2010,Padi,3272451.0,2491.0,215.5,27.35,1009.65,55.7
SUMATERA SELATAN,2010,Ubi_Jalar,22839.0,2491.0,215.5,27.35,1009.65,55.7
SUMATERA SELATAN,2010,Ubi_Kayu,159929.0,2491.0,215.5,27.35,1009.65,55.7
SUMATERA SELATAN,2011,Jagung,125688.0,2593.0,217.0,27.3,1009.6,54.0
SUMATERA SELATAN,2011,Kacang_Hijau,2611.0,2593.0,217.0,27.3,1009.6,54.0
SUMATERA SELATAN,2011,Kacang_Tanah,3960.0,2593.0,217.0,27.3,1009.6,54.0
SUMATERA SELATAN,2011,Kedelai,13710.0,2593.0,217.0,27.3,1009.6,54.0
SUMATERA SELATAN,2011,Padi,3384670.0,2593.0,217.0,27.3,1009.6,54.0
SUMATERA SELATAN,2011,Ubi_Jalar,18309.0,2593.0,217.0,27.3,1009.6,54.0
SUMATERA SELATAN,2011,Ubi_Kayu,159346.0,2593.0,217.0,27.3,1009.6,54.0
SUMATERA SELATAN,2012,Jagung,112917.0,3083.0,194.0,27.4,1009.8,58.0
SUMATERA SELATAN,2012,Kacang_Hijau,2480.0,3083.0,194.0,27.4,1009.8,58.0
SUMATERA SELATAN,2012,Kacang_Tanah,4060.0,3083.0,194.0,27.4,1009.8,58.0
SUMATERA SELATAN,2012,Kedelai,12162.0,3083.0,194.0,27.4,1009.8,58.0
SUMATERA SELATAN,2012,Padi,3295247.0,3083.0,194.0,27.4,1009.8,58.0
SUMATERA SELATAN,2012,Ubi_Jalar,17380.0,3083.0,194.0,27.4,1009.8,58.0
SUMATERA SELATAN,2012,Ubi_Kayu,143565.0,3083.0,194.0,27.4,1009.8,58.0
SUMATERA SELATAN,2013,Jagung,167457.0,3409.2,238.0,27.3,1009.7,48.0
SUMATERA SELATAN,2013,Kacang_Hijau,1821.0,3409.2,238.0,27.3,1009.7,48.0
SUMATERA SELATAN,2013,Kacang_Tanah,3475.0,3409.2,238.0,27.3,1009.7,48.0
SUMATERA SELATAN,2013,Kedelai,5140.0,3409.2,238.0,27.3,1009.7,48.0
SUMATERA SELATAN,2013,Padi,3676723.0,3409.2,238.0,27.3,1009.7,48.0
SUMATERA SELATAN,2013,Ubi_Jalar,15945.0,3409.2,238.0,27.3,1009.7,48.0
SUMATERA SELATAN,2013,Ubi_Kayu,165250.0,3409.2,238.0,27.3,1009.7,48.0
SUMATERA SELATAN,2014,Jagung,228232.0,1668.3,176.0,24.95,1010.4,45.3
SUMATERA SELATAN,2014,Kacang_Hijau,1398.0,1668.3,176.0,24.95,1010.4,45.3
SUMATERA SELATAN,2014,Kacang_Tanah,2748.0,1668.3,176.0,24.95,1010.4,45.3
SUMATERA SELATAN,2014,Kedelai,10979.0,1668.3,176.0,24.95,1010.4,45.3
SUMATERA SELATAN,2014,Padi,3962322.0,1668.3,176.0,24.95,1010.4,45.3
SUMATERA SELATAN,2014,Ubi_Jalar,16254.0,1668.3,176.0,24.95,1010.4,45.3
SUMATERA SELATAN,2014,Ubi_Kayu,191528.0,1668.3,176.0,24.95,1010.4,45.3
SUMATERA SELATAN,2015,Jagung,289007.0,1947.2,138.0,27.7,1011.0,51.19
SUMATERA SELATAN,2015,Kacang_Hijau,974.0,1947.2,138.0,27.7,1011.0,51.19
SUMATERA SELATAN,2015,Kacang_Tanah,2021.0,1947.2,138.0,27.7,1011.0,51.19
SUMATERA SELATAN,2015,Kedelai,16818.0,1947.2,138.0,27.7,1011.0,51.19
SUMATERA SELATAN,2015,Padi,4247922.0,1947.2,138.0,27.7,1011.0,51.19
SUMATERA SELATAN,2015,Ubi_Jalar,16563.0,1947.2,138.0,27.7,1011.0,51.19
SUMATERA SELATAN,2015,Ubi_Kayu,217807.0,1947.2,138.0,27.7,1011.0,51.19
SUMATERA UTARA,2000,Jagung,666764.0,1289.5,19.0,27.7,1009.84,25.68
SUMATERA UTARA,2000,Kacang_Hijau,10482.0,1289.5,19.0,27.7,1009.84,25.68
SUMATERA UTARA,2000,Kacang_Tanah,23901.0,1289.5,19.0,27.7,1009.84,25.68
SUMATERA UTARA,2000,Kedelai,12881.0,1289.5,19.0,27.7,1009.84,25.68
SUMATERA UTARA,2000,Padi,3514253.0,1289.5,19.0,27.7,1009.84,25.68
SUMATERA UTARA,2000,Ubi_Jalar,126961.0,1289.5,19.0,27.7,1009.84,25.68
SUMATERA UTARA,2000,Ubi_Kayu,480128.0,1289.5,19.0,27.7,1009.84,25.68
SUMATERA UTARA,2001,Jagung,634162.0,3595.3,19.0,28.04,1009.84,25.68
SUMATERA UTARA,2001,Kacang_Hijau,9111.0,3595.3,19.0,28.04,1009.84,25.68
SUMATERA UTARA,2001,Kacang_Tanah,22485.0,3595.3,19.0,28.04,1009.84,25.68
SUMATERA UTARA,2001,Kedelai,10719.0,3595.3,19.0,28.04,1009.84,25.68
SUMATERA UTARA,2001,Padi,3291515.0,3595.3,19.0,28.04,1009.84,25.68
SUMATERA UTARA,2001,Ubi_Jalar,118183.0,3595.3,19.0,28.04,1009.84,25.68
SUMATERA UTARA,2001,Ubi_Kayu,507519.0,3595.3,19.0,28.04,1009.84,25.68
SUMATERA UTARA,2002,Jagung,640593.0,1944.9,19.0,28.45,1009.84,25.68
SUMATERA UTARA,2002,Kacang_Hijau,9518.0,1944.9,19.0,28.45,1009.84,25.68
SUMATERA UTARA,2002,Kacang_Tanah,23296.0,1944.9,19.0,28.45,1009.84,25.68
SUMATERA UTARA,2002,Kedelai,10197.0,1944.9,19.0,28.45,1009.84,25.68
SUMATERA UTARA,2002,Padi,3153305.0,1944.9,19.0,28.45,1009.84,25.68
SUMATERA UTARA,2002,Ubi_Jalar,118170.0,1944.9,19.0,28.45,1009.84,25.68
SUMATERA UTARA,2002,Ubi_Kayu,441819.0,1944.9,19.0,28.45,1009.84,25.68
SUMATERA UTARA,2003,Jagung,687360.0,3140.2,19.0,29.59,1009.84,25.68
SUMATERA UTARA,2003,Kacang_Hijau,11455.0,3140.2,19.0,29.59,1009.84,25.68
SUMATERA UTARA,2003,Kacang_Tanah,25097.0,3140.2,19.0,29.59,1009.84,25.68
SUMATERA UTARA,2003,Kedelai,10466.0,3140.2,19.0,29.59,1009.84,25.68
SUMATERA UTARA,2003,Padi,3403075.0,3140.2,19.0,29.59,1009.84,25.68
SUMATERA UTARA,2003,Ubi_Jalar,135661.0,3140.2,19.0,29.59,1009.84,25.68
SUMATERA UTARA,2003,Ubi_Kayu,411990.0,3140.2,19.0,29.59,1009.84,25.68
SUMATERA UTARA,2004,Jagung,712560.0,1958.45,19.0,29.27,1009.84,25.68
SUMATERA UTARA,2004,Kacang_Hijau,10800.0,1958.45,19.0,29.27,1009.84,25.68
SUMATERA UTARA,2004,Kacang_Tanah,28708.0,1958.45,19.0,29.27,1009.84,25.68
SUMATERA UTARA,2004,Kedelai,12333.0,1958.45,19.0,29.27,1009.84,25.68
SUMATERA UTARA,2004,Padi,3418782.0,1958.45,19.0,29.27,1009.84,25.68
SUMATERA UTARA,2004,Ubi_Jalar,117295.0,1958.45,19.0,29.27,1009.84,25.68
SUMATERA UTARA,2004,Ubi_Kayu,464960.0,1958.45,19.0,29.27,1009.84,25.68
SUMATERA UTARA,2005,Jagung,735456.0,776.7,19.0,27.0,1010.0,25.68
SUMATERA UTARA,2005,Kacang_Hijau,8098.0,776.7,19.0,27.0,1010.0,25.68
SUMATERA UTARA,2005,Kacang_Tanah,21042.0,776.7,19.0,27.0,1010.0,25.68
SUMATERA UTARA,2005,Kedelai,15793.0,776.7,19.0,27.0,1010.0,25.68
SUMATERA UTARA,2005,Padi,3447394.0,776.7,19.0,27.0,1010.0,25.68
SUMATERA UTARA,2005,Ubi_Jalar,115728.0,776.7,19.0,27.0,1010.0,25.68
SUMATERA UTARA,2005,Ubi_Kayu,509796.0,776.7,19.0,27.0,1010.0,25.68
SUMATERA UTARA,2006,Jagung,682024.0,222.5,19.0,27.8,1009.4,25.68
SUMATERA UTARA,2006,Kacang_Hijau,6536.0,222.5,19.0,27.8,1009.4,25.68
SUMATERA UTARA,2006,Kacang_Tanah,20118.0,222.5,19.0,27.8,1009.4,25.68
SUMATERA UTARA,2006,Kedelai,7042.0,222.5,19.0,27.8,1009.4,25.68
SUMATERA UTARA,2006,Padi,3007636.0,222.5,19.0,27.8,1009.4,25.68
SUMATERA UTARA,2006,Ubi_Jalar,102712.0,222.5,19.0,27.8,1009.4,25.68
SUMATERA UTARA,2006,Ubi_Kayu,452450.0,222.5,19.0,27.8,1009.4,25.68
SUMATERA UTARA,2007,Jagung,80485.0,2513.0,224.0,27.0,1010.2,42.0
SUMATERA UTARA,2007,Kacang_Hijau,4855.0,2513.0,224.0,27.0,1010.2,42.0
SUMATERA UTARA,2007,Kacang_Tanah,20329.0,2513.0,224.0,27.0,1010.2,42.0
SUMATERA UTARA,2007,Kedelai,4345.0,2513.0,224.0,27.0,1010.2,42.0
SUMATERA UTARA,2007,Padi,3265834.0,2513.0,224.0,27.0,1010.2,42.0
SUMATERA UTARA,2007,Ubi_Jalar,117641.0,2513.0,224.0,27.0,1010.2,42.0
SUMATERA UTARA,2007,Ubi_Kayu,438573.0,2513.0,224.0,27.0,1010.2,42.0
SUMATERA UTARA,2008,Jagung,1098969.0,2442.0,233.0,26.9,1011.0,38.8
SUMATERA UTARA,2008,Kacang_Hijau,5493.0,2442.0,233.0,26.9,1011.0,38.8
SUMATERA UTARA,2008,Kacang_Tanah,19316.0,2442.0,233.0,26.9,1011.0,38.8
SUMATERA UTARA,2008,Kedelai,11647.0,2442.0,233.0,26.9,1011.0,38.8
SUMATERA UTARA,2008,Padi,3340794.0,2442.0,233.0,26.9,1011.0,38.8
SUMATERA UTARA,2008,Ubi_Jalar,114186.0,2442.0,233.0,26.9,1011.0,38.8
SUMATERA UTARA,2008,Ubi_Kayu,736771.0,2442.0,233.0,26.9,1011.0,38.8
SUMATERA UTARA,2009,Jagung,1166548.0,2184.0,208.0,27.1,1011.8,49.0
SUMATERA UTARA,2009,Kacang_Hijau,4426.0,2184.0,208.0,27.1,1011.8,49.0
SUMATERA UTARA,2009,Kacang_Tanah,16771.0,2184.0,208.0,27.1,1011.8,49.0
SUMATERA UTARA,2009,Kedelai,14206.0,2184.0,208.0,27.1,1011.8,49.0
SUMATERA UTARA,2009,Padi,3527899.0,2184.0,208.0,27.1,1011.8,49.0
SUMATERA UTARA,2009,Ubi_Jalar,140138.0,2184.0,208.0,27.1,1011.8,49.0
SUMATERA UTARA,2009,Ubi_Kayu,1007284.0,2184.0,208.0,27.1,1011.8,49.0
SUMATERA UTARA,2010,Jagung,1377718.0,2113.0,216.5,27.15,1011.6,46.7
SUMATERA UTARA,2010,Kacang_Hijau,3345.0,2113.0,216.5,27.15,1011.6,46.7
SUMATERA UTARA,2010,Kacang_Tanah,16449.0,2113.0,216.5,27.15,1011.6,46.7
SUMATERA UTARA,2010,Kedelai,9439.0,2113.0,216.5,27.15,1011.6,46.7
SUMATERA UTARA,2010,Padi,3582302.0,2113.0,216.5,27.15,1011.6,46.7
SUMATERA UTARA,2010,Ubi_Jalar,179388.0,2113.0,216.5,27.15,1011.6,46.7
SUMATERA UTARA,2010,Ubi_Kayu,905571.0,2113.0,216.5,27.15,1011.6,46.7
SUMATERA UTARA,2011,Jagung,1294645.0,2042.0,225.0,27.2,1011.4,44.4
SUMATERA UTARA,2011,Kacang_Hijau,3250.0,2042.0,225.0,27.2,1011.4,44.4
SUMATERA UTARA,2011,Kacang_Tanah,11093.0,2042.0,225.0,27.2,1011.4,44.4
SUMATERA UTARA,2011,Kedelai,11426.0,2042.0,225.0,27.2,1011.4,44.4
SUMATERA UTARA,2011,Padi,3607403.0,2042.0,225.0,27.2,1011.4,44.4
SUMATERA UTARA,2011,Ubi_Jalar,191104.0,2042.0,225.0,27.2,1011.4,44.4
SUMATERA UTARA,2011,Ubi_Kayu,1091711.0,2042.0,225.0,27.2,1011.4,44.4
SUMATERA UTARA,2012,Jagung,1347124.0,3175.0,227.0,27.3,1011.2,48.0
SUMATERA UTARA,2012,Kacang_Hijau,3817.0,3175.0,227.0,27.3,1011.2,48.0
SUMATERA UTARA,2012,Kacang_Tanah,12074.0,3175.0,227.0,27.3,1011.2,48.0
SUMATERA UTARA,2012,Kedelai,5419.0,3175.0,227.0,27.3,1011.2,48.0
SUMATERA UTARA,2012,Padi,3715514.0,3175.0,227.0,27.3,1011.2,48.0
SUMATERA UTARA,2012,Ubi_Jalar,186583.0,3175.0,227.0,27.3,1011.2,48.0
SUMATERA UTARA,2012,Ubi_Kayu,1171520.0,3175.0,227.0,27.3,1011.2,48.0
SUMATERA UTARA,2013,Jagung,1183011.0,2627.0,218.0,28.8,1011.0,45.66
SUMATERA UTARA,2013,Kacang_Hijau,2344.0,2627.0,218.0,28.8,1011.0,45.66
SUMATERA UTARA,2013,Kacang_Tanah,11351.0,2627.0,218.0,28.8,1011.0,45.66
SUMATERA UTARA,2013,Kedelai,3229.0,2627.0,218.0,28.8,1011.0,45.66
SUMATERA UTARA,2013,Padi,3727249.0,2627.0,218.0,28.8,1011.0,45.66
SUMATERA UTARA,2013,Ubi_Jalar,116671.0,2627.0,218.0,28.8,1011.0,45.66
SUMATERA UTARA,2013,Ubi_Kayu,1518221.0,2627.0,218.0,28.8,1011.0,45.66
SUMATERA UTARA,2014,Jagung,1351209.0,2148.0,200.0,27.9,1010.8,38.0
SUMATERA UTARA,2014,Kacang_Hijau,2702.0,2148.0,200.0,27.9,1010.8,38.0
SUMATERA UTARA,2014,Kacang_Tanah,9934.0,2148.0,200.0,27.9,1010.8,38.0
SUMATERA UTARA,2014,Kedelai,4889.0,2148.0,200.0,27.9,1010.8,38.0
SUMATERA UTARA,2014,Padi,3886039.0,2148.0,200.0,27.9,1010.8,38.0
SUMATERA UTARA,2014,Ubi_Jalar,119516.0,2148.0,200.0,27.9,1010.8,38.0
SUMATERA UTARA,2014,Ubi_Kayu,1568858.0,2148.0,200.0,27.9,1010.8,38.0
SUMATERA UTARA,2015,Jagung,1519407.0,975.9,105.0,27.4,1010.6,51.86
SUMATERA UTARA,2015,Kacang_Hijau,3060.0,975.9,105.0,27.4,1010.6,51.86
SUMATERA UTARA,2015,Kacang_Tanah,8517.0,975.9,105.0,27.4,1010.6,51.86
SUMATERA UTARA,2015,Kedelai,6549.0,975.9,105.0,27.4,1010.6,51.86
SUMATERA UTARA,2015,Padi,4044829.0,975.9,105.0,27.4,1010.6,51.86
SUMATERA UTARA,2015,Ubi_Jalar,122362.0,975.9,105.0,27.4,1010.6,51.86
SUMATERA UTARA,2015,Ubi_Kayu,1619495.0,975.9,105.0,27.4,1010.6,51.86